minimum_top1_score,minimum_margin,minimum_cosine_similarity,minimum_rrf_score,minimum_supporting_results,true_positive,true_negative,false_positive,false_negative,accuracy,precision,recall,specificity,f1_score,false_acceptance_rate,false_rejection_rate,coverage,rejection_rate,number_of_questions,number_of_accepted_questions,number_of_rejected_questions,balanced_error_rate
0.3,0.0,,0.015,0,30,30,0,0,1.0,1.0,1.0,1.0,1.0,0.0,0.0,0.5,0.5,60,30,30,0.0
0.3,0.0,,0.015,1,30,30,0,0,1.0,1.0,1.0,1.0,1.0,0.0,0.0,0.5,0.5,60,30,30,0.0
0.3,0.0,,0.02,0,30,30,0,0,1.0,1.0,1.0,1.0,1.0,0.0,0.0,0.5,0.5,60,30,30,0.0
0.3,0.0,,0.02,1,30,30,0,0,1.0,1.0,1.0,1.0,1.0,0.0,0.0,0.5,0.5,60,30,30,0.0
0.3,0.0,,0.025,0,30,30,0,0,1.0,1.0,1.0,1.0,1.0,0.0,0.0,0.5,0.5,60,30,30,0.0
0.3,0.0,,0.025,1,30,30,0,0,1.0,1.0,1.0,1.0,1.0,0.0,0.0,0.5,0.5,60,30,30,0.0
0.3,0.0,0.65,0.015,0,30,30,0,0,1.0,1.0,1.0,1.0,1.0,0.0,0.0,0.5,0.5,60,30,30,0.0
0.3,0.0,0.65,0.015,1,30,30,0,0,1.0,1.0,1.0,1.0,1.0,0.0,0.0,0.5,0.5,60,30,30,0.0
0.3,0.0,0.65,0.02,0,30,30,0,0,1.0,1.0,1.0,1.0,1.0,0.0,0.0,0.5,0.5,60,30,30,0.0
0.3,0.0,0.65,0.02,1,30,30,0,0,1.0,1.0,1.0,1.0,1.0,0.0,0.0,0.5,0.5,60,30,30,0.0
0.3,0.0,0.65,0.025,0,30,30,0,0,1.0,1.0,1.0,1.0,1.0,0.0,0.0,0.5,0.5,60,30,30,0.0
0.3,0.0,0.65,0.025,1,30,30,0,0,1.0,1.0,1.0,1.0,1.0,0.0,0.0,0.5,0.5,60,30,30,0.0
0.3,0.0,0.7,0.015,0,30,30,0,0,1.0,1.0,1.0,1.0,1.0,0.0,0.0,0.5,0.5,60,30,30,0.0
0.3,0.0,0.7,0.015,1,30,30,0,0,1.0,1.0,1.0,1.0,1.0,0.0,0.0,0.5,0.5,60,30,30,0.0
0.3,0.0,0.7,0.02,0,30,30,0,0,1.0,1.0,1.0,1.0,1.0,0.0,0.0,0.5,0.5,60,30,30,0.0
0.3,0.0,0.7,0.02,1,30,30,0,0,1.0,1.0,1.0,1.0,1.0,0.0,0.0,0.5,0.5,60,30,30,0.0
0.3,0.0,0.7,0.025,0,30,30,0,0,1.0,1.0,1.0,1.0,1.0,0.0,0.0,0.5,0.5,60,30,30,0.0
0.3,0.0,0.7,0.025,1,30,30,0,0,1.0,1.0,1.0,1.0,1.0,0.0,0.0,0.5,0.5,60,30,30,0.0
0.3,0.0,0.75,,0,30,30,0,0,1.0,1.0,1.0,1.0,1.0,0.0,0.0,0.5,0.5,60,30,30,0.0
0.3,0.0,0.75,,1,30,30,0,0,1.0,1.0,1.0,1.0,1.0,0.0,0.0,0.5,0.5,60,30,30,0.0
0.3,0.0,0.75,0.015,0,30,30,0,0,1.0,1.0,1.0,1.0,1.0,0.0,0.0,0.5,0.5,60,30,30,0.0
0.3,0.0,0.75,0.015,1,30,30,0,0,1.0,1.0,1.0,1.0,1.0,0.0,0.0,0.5,0.5,60,30,30,0.0
0.3,0.0,0.75,0.02,0,30,30,0,0,1.0,1.0,1.0,1.0,1.0,0.0,0.0,0.5,0.5,60,30,30,0.0
0.3,0.0,0.75,0.02,1,30,30,0,0,1.0,1.0,1.0,1.0,1.0,0.0,0.0,0.5,0.5,60,30,30,0.0
0.3,0.0,0.75,0.025,0,30,30,0,0,1.0,1.0,1.0,1.0,1.0,0.0,0.0,0.5,0.5,60,30,30,0.0
0.3,0.0,0.75,0.025,1,30,30,0,0,1.0,1.0,1.0,1.0,1.0,0.0,0.0,0.5,0.5,60,30,30,0.0
0.3,0.0,0.8,,0,30,30,0,0,1.0,1.0,1.0,1.0,1.0,0.0,0.0,0.5,0.5,60,30,30,0.0
0.3,0.0,0.8,,1,30,30,0,0,1.0,1.0,1.0,1.0,1.0,0.0,0.0,0.5,0.5,60,30,30,0.0
0.3,0.0,0.8,0.015,0,30,30,0,0,1.0,1.0,1.0,1.0,1.0,0.0,0.0,0.5,0.5,60,30,30,0.0
0.3,0.0,0.8,0.015,1,30,30,0,0,1.0,1.0,1.0,1.0,1.0,0.0,0.0,0.5,0.5,60,30,30,0.0
0.3,0.0,0.8,0.02,0,30,30,0,0,1.0,1.0,1.0,1.0,1.0,0.0,0.0,0.5,0.5,60,30,30,0.0
0.3,0.0,0.8,0.02,1,30,30,0,0,1.0,1.0,1.0,1.0,1.0,0.0,0.0,0.5,0.5,60,30,30,0.0
0.3,0.0,0.8,0.025,0,30,30,0,0,1.0,1.0,1.0,1.0,1.0,0.0,0.0,0.5,0.5,60,30,30,0.0
0.3,0.0,0.8,0.025,1,30,30,0,0,1.0,1.0,1.0,1.0,1.0,0.0,0.0,0.5,0.5,60,30,30,0.0
0.4,0.0,,0.015,0,30,30,0,0,1.0,1.0,1.0,1.0,1.0,0.0,0.0,0.5,0.5,60,30,30,0.0
0.4,0.0,,0.015,1,30,30,0,0,1.0,1.0,1.0,1.0,1.0,0.0,0.0,0.5,0.5,60,30,30,0.0
0.4,0.0,,0.02,0,30,30,0,0,1.0,1.0,1.0,1.0,1.0,0.0,0.0,0.5,0.5,60,30,30,0.0
0.4,0.0,,0.02,1,30,30,0,0,1.0,1.0,1.0,1.0,1.0,0.0,0.0,0.5,0.5,60,30,30,0.0
0.4,0.0,,0.025,0,30,30,0,0,1.0,1.0,1.0,1.0,1.0,0.0,0.0,0.5,0.5,60,30,30,0.0
0.4,0.0,,0.025,1,30,30,0,0,1.0,1.0,1.0,1.0,1.0,0.0,0.0,0.5,0.5,60,30,30,0.0
0.4,0.0,0.65,0.015,0,30,30,0,0,1.0,1.0,1.0,1.0,1.0,0.0,0.0,0.5,0.5,60,30,30,0.0
0.4,0.0,0.65,0.015,1,30,30,0,0,1.0,1.0,1.0,1.0,1.0,0.0,0.0,0.5,0.5,60,30,30,0.0
0.4,0.0,0.65,0.02,0,30,30,0,0,1.0,1.0,1.0,1.0,1.0,0.0,0.0,0.5,0.5,60,30,30,0.0
0.4,0.0,0.65,0.02,1,30,30,0,0,1.0,1.0,1.0,1.0,1.0,0.0,0.0,0.5,0.5,60,30,30,0.0
0.4,0.0,0.65,0.025,0,30,30,0,0,1.0,1.0,1.0,1.0,1.0,0.0,0.0,0.5,0.5,60,30,30,0.0
0.4,0.0,0.65,0.025,1,30,30,0,0,1.0,1.0,1.0,1.0,1.0,0.0,0.0,0.5,0.5,60,30,30,0.0
0.4,0.0,0.7,0.015,0,30,30,0,0,1.0,1.0,1.0,1.0,1.0,0.0,0.0,0.5,0.5,60,30,30,0.0
0.4,0.0,0.7,0.015,1,30,30,0,0,1.0,1.0,1.0,1.0,1.0,0.0,0.0,0.5,0.5,60,30,30,0.0
0.4,0.0,0.7,0.02,0,30,30,0,0,1.0,1.0,1.0,1.0,1.0,0.0,0.0,0.5,0.5,60,30,30,0.0
0.4,0.0,0.7,0.02,1,30,30,0,0,1.0,1.0,1.0,1.0,1.0,0.0,0.0,0.5,0.5,60,30,30,0.0
0.4,0.0,0.7,0.025,0,30,30,0,0,1.0,1.0,1.0,1.0,1.0,0.0,0.0,0.5,0.5,60,30,30,0.0
0.4,0.0,0.7,0.025,1,30,30,0,0,1.0,1.0,1.0,1.0,1.0,0.0,0.0,0.5,0.5,60,30,30,0.0
0.4,0.0,0.75,,0,30,30,0,0,1.0,1.0,1.0,1.0,1.0,0.0,0.0,0.5,0.5,60,30,30,0.0
0.4,0.0,0.75,,1,30,30,0,0,1.0,1.0,1.0,1.0,1.0,0.0,0.0,0.5,0.5,60,30,30,0.0
0.4,0.0,0.75,0.015,0,30,30,0,0,1.0,1.0,1.0,1.0,1.0,0.0,0.0,0.5,0.5,60,30,30,0.0
0.4,0.0,0.75,0.015,1,30,30,0,0,1.0,1.0,1.0,1.0,1.0,0.0,0.0,0.5,0.5,60,30,30,0.0
0.4,0.0,0.75,0.02,0,30,30,0,0,1.0,1.0,1.0,1.0,1.0,0.0,0.0,0.5,0.5,60,30,30,0.0
0.4,0.0,0.75,0.02,1,30,30,0,0,1.0,1.0,1.0,1.0,1.0,0.0,0.0,0.5,0.5,60,30,30,0.0
0.4,0.0,0.75,0.025,0,30,30,0,0,1.0,1.0,1.0,1.0,1.0,0.0,0.0,0.5,0.5,60,30,30,0.0
0.4,0.0,0.75,0.025,1,30,30,0,0,1.0,1.0,1.0,1.0,1.0,0.0,0.0,0.5,0.5,60,30,30,0.0
0.4,0.0,0.8,,0,30,30,0,0,1.0,1.0,1.0,1.0,1.0,0.0,0.0,0.5,0.5,60,30,30,0.0
0.4,0.0,0.8,,1,30,30,0,0,1.0,1.0,1.0,1.0,1.0,0.0,0.0,0.5,0.5,60,30,30,0.0
0.4,0.0,0.8,0.015,0,30,30,0,0,1.0,1.0,1.0,1.0,1.0,0.0,0.0,0.5,0.5,60,30,30,0.0
0.4,0.0,0.8,0.015,1,30,30,0,0,1.0,1.0,1.0,1.0,1.0,0.0,0.0,0.5,0.5,60,30,30,0.0
0.4,0.0,0.8,0.02,0,30,30,0,0,1.0,1.0,1.0,1.0,1.0,0.0,0.0,0.5,0.5,60,30,30,0.0
0.4,0.0,0.8,0.02,1,30,30,0,0,1.0,1.0,1.0,1.0,1.0,0.0,0.0,0.5,0.5,60,30,30,0.0
0.4,0.0,0.8,0.025,0,30,30,0,0,1.0,1.0,1.0,1.0,1.0,0.0,0.0,0.5,0.5,60,30,30,0.0
0.4,0.0,0.8,0.025,1,30,30,0,0,1.0,1.0,1.0,1.0,1.0,0.0,0.0,0.5,0.5,60,30,30,0.0
0.5,0.0,,0.015,0,30,30,0,0,1.0,1.0,1.0,1.0,1.0,0.0,0.0,0.5,0.5,60,30,30,0.0
0.5,0.0,,0.015,1,30,30,0,0,1.0,1.0,1.0,1.0,1.0,0.0,0.0,0.5,0.5,60,30,30,0.0
0.5,0.0,,0.02,0,30,30,0,0,1.0,1.0,1.0,1.0,1.0,0.0,0.0,0.5,0.5,60,30,30,0.0
0.5,0.0,,0.02,1,30,30,0,0,1.0,1.0,1.0,1.0,1.0,0.0,0.0,0.5,0.5,60,30,30,0.0
0.5,0.0,,0.025,0,30,30,0,0,1.0,1.0,1.0,1.0,1.0,0.0,0.0,0.5,0.5,60,30,30,0.0
0.5,0.0,,0.025,1,30,30,0,0,1.0,1.0,1.0,1.0,1.0,0.0,0.0,0.5,0.5,60,30,30,0.0
0.5,0.0,0.65,0.015,0,30,30,0,0,1.0,1.0,1.0,1.0,1.0,0.0,0.0,0.5,0.5,60,30,30,0.0
0.5,0.0,0.65,0.015,1,30,30,0,0,1.0,1.0,1.0,1.0,1.0,0.0,0.0,0.5,0.5,60,30,30,0.0
0.5,0.0,0.65,0.02,0,30,30,0,0,1.0,1.0,1.0,1.0,1.0,0.0,0.0,0.5,0.5,60,30,30,0.0
0.5,0.0,0.65,0.02,1,30,30,0,0,1.0,1.0,1.0,1.0,1.0,0.0,0.0,0.5,0.5,60,30,30,0.0
0.5,0.0,0.65,0.025,0,30,30,0,0,1.0,1.0,1.0,1.0,1.0,0.0,0.0,0.5,0.5,60,30,30,0.0
0.5,0.0,0.65,0.025,1,30,30,0,0,1.0,1.0,1.0,1.0,1.0,0.0,0.0,0.5,0.5,60,30,30,0.0
0.5,0.0,0.7,0.015,0,30,30,0,0,1.0,1.0,1.0,1.0,1.0,0.0,0.0,0.5,0.5,60,30,30,0.0
0.5,0.0,0.7,0.015,1,30,30,0,0,1.0,1.0,1.0,1.0,1.0,0.0,0.0,0.5,0.5,60,30,30,0.0
0.5,0.0,0.7,0.02,0,30,30,0,0,1.0,1.0,1.0,1.0,1.0,0.0,0.0,0.5,0.5,60,30,30,0.0
0.5,0.0,0.7,0.02,1,30,30,0,0,1.0,1.0,1.0,1.0,1.0,0.0,0.0,0.5,0.5,60,30,30,0.0
0.5,0.0,0.7,0.025,0,30,30,0,0,1.0,1.0,1.0,1.0,1.0,0.0,0.0,0.5,0.5,60,30,30,0.0
0.5,0.0,0.7,0.025,1,30,30,0,0,1.0,1.0,1.0,1.0,1.0,0.0,0.0,0.5,0.5,60,30,30,0.0
0.5,0.0,0.75,,0,30,30,0,0,1.0,1.0,1.0,1.0,1.0,0.0,0.0,0.5,0.5,60,30,30,0.0
0.5,0.0,0.75,,1,30,30,0,0,1.0,1.0,1.0,1.0,1.0,0.0,0.0,0.5,0.5,60,30,30,0.0
0.5,0.0,0.75,0.015,0,30,30,0,0,1.0,1.0,1.0,1.0,1.0,0.0,0.0,0.5,0.5,60,30,30,0.0
0.5,0.0,0.75,0.015,1,30,30,0,0,1.0,1.0,1.0,1.0,1.0,0.0,0.0,0.5,0.5,60,30,30,0.0
0.5,0.0,0.75,0.02,0,30,30,0,0,1.0,1.0,1.0,1.0,1.0,0.0,0.0,0.5,0.5,60,30,30,0.0
0.5,0.0,0.75,0.02,1,30,30,0,0,1.0,1.0,1.0,1.0,1.0,0.0,0.0,0.5,0.5,60,30,30,0.0
0.5,0.0,0.75,0.025,0,30,30,0,0,1.0,1.0,1.0,1.0,1.0,0.0,0.0,0.5,0.5,60,30,30,0.0
0.5,0.0,0.75,0.025,1,30,30,0,0,1.0,1.0,1.0,1.0,1.0,0.0,0.0,0.5,0.5,60,30,30,0.0
0.5,0.0,0.8,,0,30,30,0,0,1.0,1.0,1.0,1.0,1.0,0.0,0.0,0.5,0.5,60,30,30,0.0
0.5,0.0,0.8,,1,30,30,0,0,1.0,1.0,1.0,1.0,1.0,0.0,0.0,0.5,0.5,60,30,30,0.0
0.5,0.0,0.8,0.015,0,30,30,0,0,1.0,1.0,1.0,1.0,1.0,0.0,0.0,0.5,0.5,60,30,30,0.0
0.5,0.0,0.8,0.015,1,30,30,0,0,1.0,1.0,1.0,1.0,1.0,0.0,0.0,0.5,0.5,60,30,30,0.0
0.5,0.0,0.8,0.02,0,30,30,0,0,1.0,1.0,1.0,1.0,1.0,0.0,0.0,0.5,0.5,60,30,30,0.0
0.5,0.0,0.8,0.02,1,30,30,0,0,1.0,1.0,1.0,1.0,1.0,0.0,0.0,0.5,0.5,60,30,30,0.0
0.5,0.0,0.8,0.025,0,30,30,0,0,1.0,1.0,1.0,1.0,1.0,0.0,0.0,0.5,0.5,60,30,30,0.0
0.5,0.0,0.8,0.025,1,30,30,0,0,1.0,1.0,1.0,1.0,1.0,0.0,0.0,0.5,0.5,60,30,30,0.0
0.6,0.0,,0.015,0,30,30,0,0,1.0,1.0,1.0,1.0,1.0,0.0,0.0,0.5,0.5,60,30,30,0.0
0.6,0.0,,0.015,1,30,30,0,0,1.0,1.0,1.0,1.0,1.0,0.0,0.0,0.5,0.5,60,30,30,0.0
0.6,0.0,,0.02,0,30,30,0,0,1.0,1.0,1.0,1.0,1.0,0.0,0.0,0.5,0.5,60,30,30,0.0
0.6,0.0,,0.02,1,30,30,0,0,1.0,1.0,1.0,1.0,1.0,0.0,0.0,0.5,0.5,60,30,30,0.0
0.6,0.0,,0.025,0,30,30,0,0,1.0,1.0,1.0,1.0,1.0,0.0,0.0,0.5,0.5,60,30,30,0.0
0.6,0.0,,0.025,1,30,30,0,0,1.0,1.0,1.0,1.0,1.0,0.0,0.0,0.5,0.5,60,30,30,0.0
0.6,0.0,0.65,0.015,0,30,30,0,0,1.0,1.0,1.0,1.0,1.0,0.0,0.0,0.5,0.5,60,30,30,0.0
0.6,0.0,0.65,0.015,1,30,30,0,0,1.0,1.0,1.0,1.0,1.0,0.0,0.0,0.5,0.5,60,30,30,0.0
0.6,0.0,0.65,0.02,0,30,30,0,0,1.0,1.0,1.0,1.0,1.0,0.0,0.0,0.5,0.5,60,30,30,0.0
0.6,0.0,0.65,0.02,1,30,30,0,0,1.0,1.0,1.0,1.0,1.0,0.0,0.0,0.5,0.5,60,30,30,0.0
0.6,0.0,0.65,0.025,0,30,30,0,0,1.0,1.0,1.0,1.0,1.0,0.0,0.0,0.5,0.5,60,30,30,0.0
0.6,0.0,0.65,0.025,1,30,30,0,0,1.0,1.0,1.0,1.0,1.0,0.0,0.0,0.5,0.5,60,30,30,0.0
0.6,0.0,0.7,0.015,0,30,30,0,0,1.0,1.0,1.0,1.0,1.0,0.0,0.0,0.5,0.5,60,30,30,0.0
0.6,0.0,0.7,0.015,1,30,30,0,0,1.0,1.0,1.0,1.0,1.0,0.0,0.0,0.5,0.5,60,30,30,0.0
0.6,0.0,0.7,0.02,0,30,30,0,0,1.0,1.0,1.0,1.0,1.0,0.0,0.0,0.5,0.5,60,30,30,0.0
0.6,0.0,0.7,0.02,1,30,30,0,0,1.0,1.0,1.0,1.0,1.0,0.0,0.0,0.5,0.5,60,30,30,0.0
0.6,0.0,0.7,0.025,0,30,30,0,0,1.0,1.0,1.0,1.0,1.0,0.0,0.0,0.5,0.5,60,30,30,0.0
0.6,0.0,0.7,0.025,1,30,30,0,0,1.0,1.0,1.0,1.0,1.0,0.0,0.0,0.5,0.5,60,30,30,0.0
0.6,0.0,0.75,,0,30,30,0,0,1.0,1.0,1.0,1.0,1.0,0.0,0.0,0.5,0.5,60,30,30,0.0
0.6,0.0,0.75,,1,30,30,0,0,1.0,1.0,1.0,1.0,1.0,0.0,0.0,0.5,0.5,60,30,30,0.0
0.6,0.0,0.75,0.015,0,30,30,0,0,1.0,1.0,1.0,1.0,1.0,0.0,0.0,0.5,0.5,60,30,30,0.0
0.6,0.0,0.75,0.015,1,30,30,0,0,1.0,1.0,1.0,1.0,1.0,0.0,0.0,0.5,0.5,60,30,30,0.0
0.6,0.0,0.75,0.02,0,30,30,0,0,1.0,1.0,1.0,1.0,1.0,0.0,0.0,0.5,0.5,60,30,30,0.0
0.6,0.0,0.75,0.02,1,30,30,0,0,1.0,1.0,1.0,1.0,1.0,0.0,0.0,0.5,0.5,60,30,30,0.0
0.6,0.0,0.75,0.025,0,30,30,0,0,1.0,1.0,1.0,1.0,1.0,0.0,0.0,0.5,0.5,60,30,30,0.0
0.6,0.0,0.75,0.025,1,30,30,0,0,1.0,1.0,1.0,1.0,1.0,0.0,0.0,0.5,0.5,60,30,30,0.0
0.6,0.0,0.8,,0,30,30,0,0,1.0,1.0,1.0,1.0,1.0,0.0,0.0,0.5,0.5,60,30,30,0.0
0.6,0.0,0.8,,1,30,30,0,0,1.0,1.0,1.0,1.0,1.0,0.0,0.0,0.5,0.5,60,30,30,0.0
0.6,0.0,0.8,0.015,0,30,30,0,0,1.0,1.0,1.0,1.0,1.0,0.0,0.0,0.5,0.5,60,30,30,0.0
0.6,0.0,0.8,0.015,1,30,30,0,0,1.0,1.0,1.0,1.0,1.0,0.0,0.0,0.5,0.5,60,30,30,0.0
0.6,0.0,0.8,0.02,0,30,30,0,0,1.0,1.0,1.0,1.0,1.0,0.0,0.0,0.5,0.5,60,30,30,0.0
0.6,0.0,0.8,0.02,1,30,30,0,0,1.0,1.0,1.0,1.0,1.0,0.0,0.0,0.5,0.5,60,30,30,0.0
0.6,0.0,0.8,0.025,0,30,30,0,0,1.0,1.0,1.0,1.0,1.0,0.0,0.0,0.5,0.5,60,30,30,0.0
0.6,0.0,0.8,0.025,1,30,30,0,0,1.0,1.0,1.0,1.0,1.0,0.0,0.0,0.5,0.5,60,30,30,0.0
0.7,0.0,,0.015,0,30,30,0,0,1.0,1.0,1.0,1.0,1.0,0.0,0.0,0.5,0.5,60,30,30,0.0
0.7,0.0,,0.015,1,30,30,0,0,1.0,1.0,1.0,1.0,1.0,0.0,0.0,0.5,0.5,60,30,30,0.0
0.7,0.0,,0.02,0,30,30,0,0,1.0,1.0,1.0,1.0,1.0,0.0,0.0,0.5,0.5,60,30,30,0.0
0.7,0.0,,0.02,1,30,30,0,0,1.0,1.0,1.0,1.0,1.0,0.0,0.0,0.5,0.5,60,30,30,0.0
0.7,0.0,,0.025,0,30,30,0,0,1.0,1.0,1.0,1.0,1.0,0.0,0.0,0.5,0.5,60,30,30,0.0
0.7,0.0,,0.025,1,30,30,0,0,1.0,1.0,1.0,1.0,1.0,0.0,0.0,0.5,0.5,60,30,30,0.0
0.7,0.0,0.65,0.015,0,30,30,0,0,1.0,1.0,1.0,1.0,1.0,0.0,0.0,0.5,0.5,60,30,30,0.0
0.7,0.0,0.65,0.015,1,30,30,0,0,1.0,1.0,1.0,1.0,1.0,0.0,0.0,0.5,0.5,60,30,30,0.0
0.7,0.0,0.65,0.02,0,30,30,0,0,1.0,1.0,1.0,1.0,1.0,0.0,0.0,0.5,0.5,60,30,30,0.0
0.7,0.0,0.65,0.02,1,30,30,0,0,1.0,1.0,1.0,1.0,1.0,0.0,0.0,0.5,0.5,60,30,30,0.0
0.7,0.0,0.65,0.025,0,30,30,0,0,1.0,1.0,1.0,1.0,1.0,0.0,0.0,0.5,0.5,60,30,30,0.0
0.7,0.0,0.65,0.025,1,30,30,0,0,1.0,1.0,1.0,1.0,1.0,0.0,0.0,0.5,0.5,60,30,30,0.0
0.7,0.0,0.7,0.015,0,30,30,0,0,1.0,1.0,1.0,1.0,1.0,0.0,0.0,0.5,0.5,60,30,30,0.0
0.7,0.0,0.7,0.015,1,30,30,0,0,1.0,1.0,1.0,1.0,1.0,0.0,0.0,0.5,0.5,60,30,30,0.0
0.7,0.0,0.7,0.02,0,30,30,0,0,1.0,1.0,1.0,1.0,1.0,0.0,0.0,0.5,0.5,60,30,30,0.0
0.7,0.0,0.7,0.02,1,30,30,0,0,1.0,1.0,1.0,1.0,1.0,0.0,0.0,0.5,0.5,60,30,30,0.0
0.7,0.0,0.7,0.025,0,30,30,0,0,1.0,1.0,1.0,1.0,1.0,0.0,0.0,0.5,0.5,60,30,30,0.0
0.7,0.0,0.7,0.025,1,30,30,0,0,1.0,1.0,1.0,1.0,1.0,0.0,0.0,0.5,0.5,60,30,30,0.0
0.7,0.0,0.75,,0,30,30,0,0,1.0,1.0,1.0,1.0,1.0,0.0,0.0,0.5,0.5,60,30,30,0.0
0.7,0.0,0.75,,1,30,30,0,0,1.0,1.0,1.0,1.0,1.0,0.0,0.0,0.5,0.5,60,30,30,0.0
0.7,0.0,0.75,0.015,0,30,30,0,0,1.0,1.0,1.0,1.0,1.0,0.0,0.0,0.5,0.5,60,30,30,0.0
0.7,0.0,0.75,0.015,1,30,30,0,0,1.0,1.0,1.0,1.0,1.0,0.0,0.0,0.5,0.5,60,30,30,0.0
0.7,0.0,0.75,0.02,0,30,30,0,0,1.0,1.0,1.0,1.0,1.0,0.0,0.0,0.5,0.5,60,30,30,0.0
0.7,0.0,0.75,0.02,1,30,30,0,0,1.0,1.0,1.0,1.0,1.0,0.0,0.0,0.5,0.5,60,30,30,0.0
0.7,0.0,0.75,0.025,0,30,30,0,0,1.0,1.0,1.0,1.0,1.0,0.0,0.0,0.5,0.5,60,30,30,0.0
0.7,0.0,0.75,0.025,1,30,30,0,0,1.0,1.0,1.0,1.0,1.0,0.0,0.0,0.5,0.5,60,30,30,0.0
0.7,0.0,0.8,,0,30,30,0,0,1.0,1.0,1.0,1.0,1.0,0.0,0.0,0.5,0.5,60,30,30,0.0
0.7,0.0,0.8,,1,30,30,0,0,1.0,1.0,1.0,1.0,1.0,0.0,0.0,0.5,0.5,60,30,30,0.0
0.7,0.0,0.8,0.015,0,30,30,0,0,1.0,1.0,1.0,1.0,1.0,0.0,0.0,0.5,0.5,60,30,30,0.0
0.7,0.0,0.8,0.015,1,30,30,0,0,1.0,1.0,1.0,1.0,1.0,0.0,0.0,0.5,0.5,60,30,30,0.0
0.7,0.0,0.8,0.02,0,30,30,0,0,1.0,1.0,1.0,1.0,1.0,0.0,0.0,0.5,0.5,60,30,30,0.0
0.7,0.0,0.8,0.02,1,30,30,0,0,1.0,1.0,1.0,1.0,1.0,0.0,0.0,0.5,0.5,60,30,30,0.0
0.7,0.0,0.8,0.025,0,30,30,0,0,1.0,1.0,1.0,1.0,1.0,0.0,0.0,0.5,0.5,60,30,30,0.0
0.7,0.0,0.8,0.025,1,30,30,0,0,1.0,1.0,1.0,1.0,1.0,0.0,0.0,0.5,0.5,60,30,30,0.0
0.75,0.0,,0.015,0,28,30,0,2,0.966667,1.0,0.933333,1.0,0.965517,0.0,0.066667,0.466667,0.533333,60,28,32,0.033334
0.75,0.0,,0.015,1,28,30,0,2,0.966667,1.0,0.933333,1.0,0.965517,0.0,0.066667,0.466667,0.533333,60,28,32,0.033334
0.75,0.0,,0.02,0,28,30,0,2,0.966667,1.0,0.933333,1.0,0.965517,0.0,0.066667,0.466667,0.533333,60,28,32,0.033334
0.75,0.0,,0.02,1,28,30,0,2,0.966667,1.0,0.933333,1.0,0.965517,0.0,0.066667,0.466667,0.533333,60,28,32,0.033334
0.75,0.0,,0.025,0,28,30,0,2,0.966667,1.0,0.933333,1.0,0.965517,0.0,0.066667,0.466667,0.533333,60,28,32,0.033334
0.75,0.0,,0.025,1,28,30,0,2,0.966667,1.0,0.933333,1.0,0.965517,0.0,0.066667,0.466667,0.533333,60,28,32,0.033334
0.75,0.0,0.65,0.015,0,28,30,0,2,0.966667,1.0,0.933333,1.0,0.965517,0.0,0.066667,0.466667,0.533333,60,28,32,0.033334
0.75,0.0,0.65,0.015,1,28,30,0,2,0.966667,1.0,0.933333,1.0,0.965517,0.0,0.066667,0.466667,0.533333,60,28,32,0.033334
0.75,0.0,0.65,0.02,0,28,30,0,2,0.966667,1.0,0.933333,1.0,0.965517,0.0,0.066667,0.466667,0.533333,60,28,32,0.033334
0.75,0.0,0.65,0.02,1,28,30,0,2,0.966667,1.0,0.933333,1.0,0.965517,0.0,0.066667,0.466667,0.533333,60,28,32,0.033334
0.75,0.0,0.65,0.025,0,28,30,0,2,0.966667,1.0,0.933333,1.0,0.965517,0.0,0.066667,0.466667,0.533333,60,28,32,0.033334
0.75,0.0,0.65,0.025,1,28,30,0,2,0.966667,1.0,0.933333,1.0,0.965517,0.0,0.066667,0.466667,0.533333,60,28,32,0.033334
0.75,0.0,0.7,0.015,0,28,30,0,2,0.966667,1.0,0.933333,1.0,0.965517,0.0,0.066667,0.466667,0.533333,60,28,32,0.033334
0.75,0.0,0.7,0.015,1,28,30,0,2,0.966667,1.0,0.933333,1.0,0.965517,0.0,0.066667,0.466667,0.533333,60,28,32,0.033334
0.75,0.0,0.7,0.02,0,28,30,0,2,0.966667,1.0,0.933333,1.0,0.965517,0.0,0.066667,0.466667,0.533333,60,28,32,0.033334
0.75,0.0,0.7,0.02,1,28,30,0,2,0.966667,1.0,0.933333,1.0,0.965517,0.0,0.066667,0.466667,0.533333,60,28,32,0.033334
0.75,0.0,0.7,0.025,0,28,30,0,2,0.966667,1.0,0.933333,1.0,0.965517,0.0,0.066667,0.466667,0.533333,60,28,32,0.033334
0.75,0.0,0.7,0.025,1,28,30,0,2,0.966667,1.0,0.933333,1.0,0.965517,0.0,0.066667,0.466667,0.533333,60,28,32,0.033334
0.75,0.0,0.75,,0,28,30,0,2,0.966667,1.0,0.933333,1.0,0.965517,0.0,0.066667,0.466667,0.533333,60,28,32,0.033334
0.75,0.0,0.75,,1,28,30,0,2,0.966667,1.0,0.933333,1.0,0.965517,0.0,0.066667,0.466667,0.533333,60,28,32,0.033334
0.75,0.0,0.75,0.015,0,28,30,0,2,0.966667,1.0,0.933333,1.0,0.965517,0.0,0.066667,0.466667,0.533333,60,28,32,0.033334
0.75,0.0,0.75,0.015,1,28,30,0,2,0.966667,1.0,0.933333,1.0,0.965517,0.0,0.066667,0.466667,0.533333,60,28,32,0.033334
0.75,0.0,0.75,0.02,0,28,30,0,2,0.966667,1.0,0.933333,1.0,0.965517,0.0,0.066667,0.466667,0.533333,60,28,32,0.033334
0.75,0.0,0.75,0.02,1,28,30,0,2,0.966667,1.0,0.933333,1.0,0.965517,0.0,0.066667,0.466667,0.533333,60,28,32,0.033334
0.75,0.0,0.75,0.025,0,28,30,0,2,0.966667,1.0,0.933333,1.0,0.965517,0.0,0.066667,0.466667,0.533333,60,28,32,0.033334
0.75,0.0,0.75,0.025,1,28,30,0,2,0.966667,1.0,0.933333,1.0,0.965517,0.0,0.066667,0.466667,0.533333,60,28,32,0.033334
0.75,0.0,0.8,,0,28,30,0,2,0.966667,1.0,0.933333,1.0,0.965517,0.0,0.066667,0.466667,0.533333,60,28,32,0.033334
0.75,0.0,0.8,,1,28,30,0,2,0.966667,1.0,0.933333,1.0,0.965517,0.0,0.066667,0.466667,0.533333,60,28,32,0.033334
0.75,0.0,0.8,0.015,0,28,30,0,2,0.966667,1.0,0.933333,1.0,0.965517,0.0,0.066667,0.466667,0.533333,60,28,32,0.033334
0.75,0.0,0.8,0.015,1,28,30,0,2,0.966667,1.0,0.933333,1.0,0.965517,0.0,0.066667,0.466667,0.533333,60,28,32,0.033334
0.75,0.0,0.8,0.02,0,28,30,0,2,0.966667,1.0,0.933333,1.0,0.965517,0.0,0.066667,0.466667,0.533333,60,28,32,0.033334
0.75,0.0,0.8,0.02,1,28,30,0,2,0.966667,1.0,0.933333,1.0,0.965517,0.0,0.066667,0.466667,0.533333,60,28,32,0.033334
0.75,0.0,0.8,0.025,0,28,30,0,2,0.966667,1.0,0.933333,1.0,0.965517,0.0,0.066667,0.466667,0.533333,60,28,32,0.033334
0.75,0.0,0.8,0.025,1,28,30,0,2,0.966667,1.0,0.933333,1.0,0.965517,0.0,0.066667,0.466667,0.533333,60,28,32,0.033334
0.8,0.0,,0.015,0,27,30,0,3,0.95,1.0,0.9,1.0,0.947368,0.0,0.1,0.45,0.55,60,27,33,0.05
0.8,0.0,,0.015,1,27,30,0,3,0.95,1.0,0.9,1.0,0.947368,0.0,0.1,0.45,0.55,60,27,33,0.05
0.8,0.0,,0.02,0,27,30,0,3,0.95,1.0,0.9,1.0,0.947368,0.0,0.1,0.45,0.55,60,27,33,0.05
0.8,0.0,,0.02,1,27,30,0,3,0.95,1.0,0.9,1.0,0.947368,0.0,0.1,0.45,0.55,60,27,33,0.05
0.8,0.0,,0.025,0,27,30,0,3,0.95,1.0,0.9,1.0,0.947368,0.0,0.1,0.45,0.55,60,27,33,0.05
0.8,0.0,,0.025,1,27,30,0,3,0.95,1.0,0.9,1.0,0.947368,0.0,0.1,0.45,0.55,60,27,33,0.05
0.8,0.0,0.65,0.015,0,27,30,0,3,0.95,1.0,0.9,1.0,0.947368,0.0,0.1,0.45,0.55,60,27,33,0.05
0.8,0.0,0.65,0.015,1,27,30,0,3,0.95,1.0,0.9,1.0,0.947368,0.0,0.1,0.45,0.55,60,27,33,0.05
0.8,0.0,0.65,0.02,0,27,30,0,3,0.95,1.0,0.9,1.0,0.947368,0.0,0.1,0.45,0.55,60,27,33,0.05
0.8,0.0,0.65,0.02,1,27,30,0,3,0.95,1.0,0.9,1.0,0.947368,0.0,0.1,0.45,0.55,60,27,33,0.05
0.8,0.0,0.65,0.025,0,27,30,0,3,0.95,1.0,0.9,1.0,0.947368,0.0,0.1,0.45,0.55,60,27,33,0.05
0.8,0.0,0.65,0.025,1,27,30,0,3,0.95,1.0,0.9,1.0,0.947368,0.0,0.1,0.45,0.55,60,27,33,0.05
0.8,0.0,0.7,0.015,0,27,30,0,3,0.95,1.0,0.9,1.0,0.947368,0.0,0.1,0.45,0.55,60,27,33,0.05
0.8,0.0,0.7,0.015,1,27,30,0,3,0.95,1.0,0.9,1.0,0.947368,0.0,0.1,0.45,0.55,60,27,33,0.05
0.8,0.0,0.7,0.02,0,27,30,0,3,0.95,1.0,0.9,1.0,0.947368,0.0,0.1,0.45,0.55,60,27,33,0.05
0.8,0.0,0.7,0.02,1,27,30,0,3,0.95,1.0,0.9,1.0,0.947368,0.0,0.1,0.45,0.55,60,27,33,0.05
0.8,0.0,0.7,0.025,0,27,30,0,3,0.95,1.0,0.9,1.0,0.947368,0.0,0.1,0.45,0.55,60,27,33,0.05
0.8,0.0,0.7,0.025,1,27,30,0,3,0.95,1.0,0.9,1.0,0.947368,0.0,0.1,0.45,0.55,60,27,33,0.05
0.8,0.0,0.75,,0,27,30,0,3,0.95,1.0,0.9,1.0,0.947368,0.0,0.1,0.45,0.55,60,27,33,0.05
0.8,0.0,0.75,,1,27,30,0,3,0.95,1.0,0.9,1.0,0.947368,0.0,0.1,0.45,0.55,60,27,33,0.05
0.8,0.0,0.75,0.015,0,27,30,0,3,0.95,1.0,0.9,1.0,0.947368,0.0,0.1,0.45,0.55,60,27,33,0.05
0.8,0.0,0.75,0.015,1,27,30,0,3,0.95,1.0,0.9,1.0,0.947368,0.0,0.1,0.45,0.55,60,27,33,0.05
0.8,0.0,0.75,0.02,0,27,30,0,3,0.95,1.0,0.9,1.0,0.947368,0.0,0.1,0.45,0.55,60,27,33,0.05
0.8,0.0,0.75,0.02,1,27,30,0,3,0.95,1.0,0.9,1.0,0.947368,0.0,0.1,0.45,0.55,60,27,33,0.05
0.8,0.0,0.75,0.025,0,27,30,0,3,0.95,1.0,0.9,1.0,0.947368,0.0,0.1,0.45,0.55,60,27,33,0.05
0.8,0.0,0.75,0.025,1,27,30,0,3,0.95,1.0,0.9,1.0,0.947368,0.0,0.1,0.45,0.55,60,27,33,0.05
0.8,0.0,0.8,,0,27,30,0,3,0.95,1.0,0.9,1.0,0.947368,0.0,0.1,0.45,0.55,60,27,33,0.05
0.8,0.0,0.8,,1,27,30,0,3,0.95,1.0,0.9,1.0,0.947368,0.0,0.1,0.45,0.55,60,27,33,0.05
0.8,0.0,0.8,0.015,0,27,30,0,3,0.95,1.0,0.9,1.0,0.947368,0.0,0.1,0.45,0.55,60,27,33,0.05
0.8,0.0,0.8,0.015,1,27,30,0,3,0.95,1.0,0.9,1.0,0.947368,0.0,0.1,0.45,0.55,60,27,33,0.05
0.8,0.0,0.8,0.02,0,27,30,0,3,0.95,1.0,0.9,1.0,0.947368,0.0,0.1,0.45,0.55,60,27,33,0.05
0.8,0.0,0.8,0.02,1,27,30,0,3,0.95,1.0,0.9,1.0,0.947368,0.0,0.1,0.45,0.55,60,27,33,0.05
0.8,0.0,0.8,0.025,0,27,30,0,3,0.95,1.0,0.9,1.0,0.947368,0.0,0.1,0.45,0.55,60,27,33,0.05
0.8,0.0,0.8,0.025,1,27,30,0,3,0.95,1.0,0.9,1.0,0.947368,0.0,0.1,0.45,0.55,60,27,33,0.05
0.3,0.0,,0.03,0,26,30,0,4,0.933333,1.0,0.866667,1.0,0.928571,0.0,0.133333,0.433333,0.566667,60,26,34,0.066667
0.3,0.0,,0.03,1,26,30,0,4,0.933333,1.0,0.866667,1.0,0.928571,0.0,0.133333,0.433333,0.566667,60,26,34,0.066667
0.3,0.0,0.65,0.03,0,26,30,0,4,0.933333,1.0,0.866667,1.0,0.928571,0.0,0.133333,0.433333,0.566667,60,26,34,0.066667
0.3,0.0,0.65,0.03,1,26,30,0,4,0.933333,1.0,0.866667,1.0,0.928571,0.0,0.133333,0.433333,0.566667,60,26,34,0.066667
0.3,0.0,0.7,0.03,0,26,30,0,4,0.933333,1.0,0.866667,1.0,0.928571,0.0,0.133333,0.433333,0.566667,60,26,34,0.066667
0.3,0.0,0.7,0.03,1,26,30,0,4,0.933333,1.0,0.866667,1.0,0.928571,0.0,0.133333,0.433333,0.566667,60,26,34,0.066667
0.3,0.0,0.75,0.03,0,26,30,0,4,0.933333,1.0,0.866667,1.0,0.928571,0.0,0.133333,0.433333,0.566667,60,26,34,0.066667
0.3,0.0,0.75,0.03,1,26,30,0,4,0.933333,1.0,0.866667,1.0,0.928571,0.0,0.133333,0.433333,0.566667,60,26,34,0.066667
0.3,0.0,0.8,0.03,0,26,30,0,4,0.933333,1.0,0.866667,1.0,0.928571,0.0,0.133333,0.433333,0.566667,60,26,34,0.066667
0.3,0.0,0.8,0.03,1,26,30,0,4,0.933333,1.0,0.866667,1.0,0.928571,0.0,0.133333,0.433333,0.566667,60,26,34,0.066667
0.4,0.0,,0.03,0,26,30,0,4,0.933333,1.0,0.866667,1.0,0.928571,0.0,0.133333,0.433333,0.566667,60,26,34,0.066667
0.4,0.0,,0.03,1,26,30,0,4,0.933333,1.0,0.866667,1.0,0.928571,0.0,0.133333,0.433333,0.566667,60,26,34,0.066667
0.4,0.0,0.65,0.03,0,26,30,0,4,0.933333,1.0,0.866667,1.0,0.928571,0.0,0.133333,0.433333,0.566667,60,26,34,0.066667
0.4,0.0,0.65,0.03,1,26,30,0,4,0.933333,1.0,0.866667,1.0,0.928571,0.0,0.133333,0.433333,0.566667,60,26,34,0.066667
0.4,0.0,0.7,0.03,0,26,30,0,4,0.933333,1.0,0.866667,1.0,0.928571,0.0,0.133333,0.433333,0.566667,60,26,34,0.066667
0.4,0.0,0.7,0.03,1,26,30,0,4,0.933333,1.0,0.866667,1.0,0.928571,0.0,0.133333,0.433333,0.566667,60,26,34,0.066667
0.4,0.0,0.75,0.03,0,26,30,0,4,0.933333,1.0,0.866667,1.0,0.928571,0.0,0.133333,0.433333,0.566667,60,26,34,0.066667
0.4,0.0,0.75,0.03,1,26,30,0,4,0.933333,1.0,0.866667,1.0,0.928571,0.0,0.133333,0.433333,0.566667,60,26,34,0.066667
0.4,0.0,0.8,0.03,0,26,30,0,4,0.933333,1.0,0.866667,1.0,0.928571,0.0,0.133333,0.433333,0.566667,60,26,34,0.066667
0.4,0.0,0.8,0.03,1,26,30,0,4,0.933333,1.0,0.866667,1.0,0.928571,0.0,0.133333,0.433333,0.566667,60,26,34,0.066667
0.5,0.0,,0.03,0,26,30,0,4,0.933333,1.0,0.866667,1.0,0.928571,0.0,0.133333,0.433333,0.566667,60,26,34,0.066667
0.5,0.0,,0.03,1,26,30,0,4,0.933333,1.0,0.866667,1.0,0.928571,0.0,0.133333,0.433333,0.566667,60,26,34,0.066667
0.5,0.0,0.65,0.03,0,26,30,0,4,0.933333,1.0,0.866667,1.0,0.928571,0.0,0.133333,0.433333,0.566667,60,26,34,0.066667
0.5,0.0,0.65,0.03,1,26,30,0,4,0.933333,1.0,0.866667,1.0,0.928571,0.0,0.133333,0.433333,0.566667,60,26,34,0.066667
0.5,0.0,0.7,0.03,0,26,30,0,4,0.933333,1.0,0.866667,1.0,0.928571,0.0,0.133333,0.433333,0.566667,60,26,34,0.066667
0.5,0.0,0.7,0.03,1,26,30,0,4,0.933333,1.0,0.866667,1.0,0.928571,0.0,0.133333,0.433333,0.566667,60,26,34,0.066667
0.5,0.0,0.75,0.03,0,26,30,0,4,0.933333,1.0,0.866667,1.0,0.928571,0.0,0.133333,0.433333,0.566667,60,26,34,0.066667
0.5,0.0,0.75,0.03,1,26,30,0,4,0.933333,1.0,0.866667,1.0,0.928571,0.0,0.133333,0.433333,0.566667,60,26,34,0.066667
0.5,0.0,0.8,0.03,0,26,30,0,4,0.933333,1.0,0.866667,1.0,0.928571,0.0,0.133333,0.433333,0.566667,60,26,34,0.066667
0.5,0.0,0.8,0.03,1,26,30,0,4,0.933333,1.0,0.866667,1.0,0.928571,0.0,0.133333,0.433333,0.566667,60,26,34,0.066667
0.6,0.0,,0.03,0,26,30,0,4,0.933333,1.0,0.866667,1.0,0.928571,0.0,0.133333,0.433333,0.566667,60,26,34,0.066667
0.6,0.0,,0.03,1,26,30,0,4,0.933333,1.0,0.866667,1.0,0.928571,0.0,0.133333,0.433333,0.566667,60,26,34,0.066667
0.6,0.0,0.65,0.03,0,26,30,0,4,0.933333,1.0,0.866667,1.0,0.928571,0.0,0.133333,0.433333,0.566667,60,26,34,0.066667
0.6,0.0,0.65,0.03,1,26,30,0,4,0.933333,1.0,0.866667,1.0,0.928571,0.0,0.133333,0.433333,0.566667,60,26,34,0.066667
0.6,0.0,0.7,0.03,0,26,30,0,4,0.933333,1.0,0.866667,1.0,0.928571,0.0,0.133333,0.433333,0.566667,60,26,34,0.066667
0.6,0.0,0.7,0.03,1,26,30,0,4,0.933333,1.0,0.866667,1.0,0.928571,0.0,0.133333,0.433333,0.566667,60,26,34,0.066667
0.6,0.0,0.75,0.03,0,26,30,0,4,0.933333,1.0,0.866667,1.0,0.928571,0.0,0.133333,0.433333,0.566667,60,26,34,0.066667
0.6,0.0,0.75,0.03,1,26,30,0,4,0.933333,1.0,0.866667,1.0,0.928571,0.0,0.133333,0.433333,0.566667,60,26,34,0.066667
0.6,0.0,0.8,0.03,0,26,30,0,4,0.933333,1.0,0.866667,1.0,0.928571,0.0,0.133333,0.433333,0.566667,60,26,34,0.066667
0.6,0.0,0.8,0.03,1,26,30,0,4,0.933333,1.0,0.866667,1.0,0.928571,0.0,0.133333,0.433333,0.566667,60,26,34,0.066667
0.7,0.0,,0.03,0,26,30,0,4,0.933333,1.0,0.866667,1.0,0.928571,0.0,0.133333,0.433333,0.566667,60,26,34,0.066667
0.7,0.0,,0.03,1,26,30,0,4,0.933333,1.0,0.866667,1.0,0.928571,0.0,0.133333,0.433333,0.566667,60,26,34,0.066667
0.7,0.0,0.65,0.03,0,26,30,0,4,0.933333,1.0,0.866667,1.0,0.928571,0.0,0.133333,0.433333,0.566667,60,26,34,0.066667
0.7,0.0,0.65,0.03,1,26,30,0,4,0.933333,1.0,0.866667,1.0,0.928571,0.0,0.133333,0.433333,0.566667,60,26,34,0.066667
0.7,0.0,0.7,0.03,0,26,30,0,4,0.933333,1.0,0.866667,1.0,0.928571,0.0,0.133333,0.433333,0.566667,60,26,34,0.066667
0.7,0.0,0.7,0.03,1,26,30,0,4,0.933333,1.0,0.866667,1.0,0.928571,0.0,0.133333,0.433333,0.566667,60,26,34,0.066667
0.7,0.0,0.75,0.03,0,26,30,0,4,0.933333,1.0,0.866667,1.0,0.928571,0.0,0.133333,0.433333,0.566667,60,26,34,0.066667
0.7,0.0,0.75,0.03,1,26,30,0,4,0.933333,1.0,0.866667,1.0,0.928571,0.0,0.133333,0.433333,0.566667,60,26,34,0.066667
0.7,0.0,0.8,0.03,0,26,30,0,4,0.933333,1.0,0.866667,1.0,0.928571,0.0,0.133333,0.433333,0.566667,60,26,34,0.066667
0.7,0.0,0.8,0.03,1,26,30,0,4,0.933333,1.0,0.866667,1.0,0.928571,0.0,0.133333,0.433333,0.566667,60,26,34,0.066667
0.75,0.0,,0.03,0,26,30,0,4,0.933333,1.0,0.866667,1.0,0.928571,0.0,0.133333,0.433333,0.566667,60,26,34,0.066667
0.75,0.0,,0.03,1,26,30,0,4,0.933333,1.0,0.866667,1.0,0.928571,0.0,0.133333,0.433333,0.566667,60,26,34,0.066667
0.75,0.0,0.65,0.03,0,26,30,0,4,0.933333,1.0,0.866667,1.0,0.928571,0.0,0.133333,0.433333,0.566667,60,26,34,0.066667
0.75,0.0,0.65,0.03,1,26,30,0,4,0.933333,1.0,0.866667,1.0,0.928571,0.0,0.133333,0.433333,0.566667,60,26,34,0.066667
0.75,0.0,0.7,0.03,0,26,30,0,4,0.933333,1.0,0.866667,1.0,0.928571,0.0,0.133333,0.433333,0.566667,60,26,34,0.066667
0.75,0.0,0.7,0.03,1,26,30,0,4,0.933333,1.0,0.866667,1.0,0.928571,0.0,0.133333,0.433333,0.566667,60,26,34,0.066667
0.75,0.0,0.75,0.03,0,26,30,0,4,0.933333,1.0,0.866667,1.0,0.928571,0.0,0.133333,0.433333,0.566667,60,26,34,0.066667
0.75,0.0,0.75,0.03,1,26,30,0,4,0.933333,1.0,0.866667,1.0,0.928571,0.0,0.133333,0.433333,0.566667,60,26,34,0.066667
0.75,0.0,0.8,0.03,0,26,30,0,4,0.933333,1.0,0.866667,1.0,0.928571,0.0,0.133333,0.433333,0.566667,60,26,34,0.066667
0.75,0.0,0.8,0.03,1,26,30,0,4,0.933333,1.0,0.866667,1.0,0.928571,0.0,0.133333,0.433333,0.566667,60,26,34,0.066667
0.8,0.0,,0.03,0,26,30,0,4,0.933333,1.0,0.866667,1.0,0.928571,0.0,0.133333,0.433333,0.566667,60,26,34,0.066667
0.8,0.0,,0.03,1,26,30,0,4,0.933333,1.0,0.866667,1.0,0.928571,0.0,0.133333,0.433333,0.566667,60,26,34,0.066667
0.8,0.0,0.65,0.03,0,26,30,0,4,0.933333,1.0,0.866667,1.0,0.928571,0.0,0.133333,0.433333,0.566667,60,26,34,0.066667
0.8,0.0,0.65,0.03,1,26,30,0,4,0.933333,1.0,0.866667,1.0,0.928571,0.0,0.133333,0.433333,0.566667,60,26,34,0.066667
0.8,0.0,0.7,0.03,0,26,30,0,4,0.933333,1.0,0.866667,1.0,0.928571,0.0,0.133333,0.433333,0.566667,60,26,34,0.066667
0.8,0.0,0.7,0.03,1,26,30,0,4,0.933333,1.0,0.866667,1.0,0.928571,0.0,0.133333,0.433333,0.566667,60,26,34,0.066667
0.8,0.0,0.75,0.03,0,26,30,0,4,0.933333,1.0,0.866667,1.0,0.928571,0.0,0.133333,0.433333,0.566667,60,26,34,0.066667
0.8,0.0,0.75,0.03,1,26,30,0,4,0.933333,1.0,0.866667,1.0,0.928571,0.0,0.133333,0.433333,0.566667,60,26,34,0.066667
0.8,0.0,0.8,0.03,0,26,30,0,4,0.933333,1.0,0.866667,1.0,0.928571,0.0,0.133333,0.433333,0.566667,60,26,34,0.066667
0.8,0.0,0.8,0.03,1,26,30,0,4,0.933333,1.0,0.866667,1.0,0.928571,0.0,0.133333,0.433333,0.566667,60,26,34,0.066667
0.85,0.0,,0.015,0,25,30,0,5,0.916667,1.0,0.833333,1.0,0.909091,0.0,0.166667,0.416667,0.583333,60,25,35,0.083334
0.85,0.0,,0.015,1,25,30,0,5,0.916667,1.0,0.833333,1.0,0.909091,0.0,0.166667,0.416667,0.583333,60,25,35,0.083334
0.85,0.0,,0.02,0,25,30,0,5,0.916667,1.0,0.833333,1.0,0.909091,0.0,0.166667,0.416667,0.583333,60,25,35,0.083334
0.85,0.0,,0.02,1,25,30,0,5,0.916667,1.0,0.833333,1.0,0.909091,0.0,0.166667,0.416667,0.583333,60,25,35,0.083334
0.85,0.0,,0.025,0,25,30,0,5,0.916667,1.0,0.833333,1.0,0.909091,0.0,0.166667,0.416667,0.583333,60,25,35,0.083334
0.85,0.0,,0.025,1,25,30,0,5,0.916667,1.0,0.833333,1.0,0.909091,0.0,0.166667,0.416667,0.583333,60,25,35,0.083334
0.85,0.0,0.65,0.015,0,25,30,0,5,0.916667,1.0,0.833333,1.0,0.909091,0.0,0.166667,0.416667,0.583333,60,25,35,0.083334
0.85,0.0,0.65,0.015,1,25,30,0,5,0.916667,1.0,0.833333,1.0,0.909091,0.0,0.166667,0.416667,0.583333,60,25,35,0.083334
0.85,0.0,0.65,0.02,0,25,30,0,5,0.916667,1.0,0.833333,1.0,0.909091,0.0,0.166667,0.416667,0.583333,60,25,35,0.083334
0.85,0.0,0.65,0.02,1,25,30,0,5,0.916667,1.0,0.833333,1.0,0.909091,0.0,0.166667,0.416667,0.583333,60,25,35,0.083334
0.85,0.0,0.65,0.025,0,25,30,0,5,0.916667,1.0,0.833333,1.0,0.909091,0.0,0.166667,0.416667,0.583333,60,25,35,0.083334
0.85,0.0,0.65,0.025,1,25,30,0,5,0.916667,1.0,0.833333,1.0,0.909091,0.0,0.166667,0.416667,0.583333,60,25,35,0.083334
0.85,0.0,0.7,0.015,0,25,30,0,5,0.916667,1.0,0.833333,1.0,0.909091,0.0,0.166667,0.416667,0.583333,60,25,35,0.083334
0.85,0.0,0.7,0.015,1,25,30,0,5,0.916667,1.0,0.833333,1.0,0.909091,0.0,0.166667,0.416667,0.583333,60,25,35,0.083334
0.85,0.0,0.7,0.02,0,25,30,0,5,0.916667,1.0,0.833333,1.0,0.909091,0.0,0.166667,0.416667,0.583333,60,25,35,0.083334
0.85,0.0,0.7,0.02,1,25,30,0,5,0.916667,1.0,0.833333,1.0,0.909091,0.0,0.166667,0.416667,0.583333,60,25,35,0.083334
0.85,0.0,0.7,0.025,0,25,30,0,5,0.916667,1.0,0.833333,1.0,0.909091,0.0,0.166667,0.416667,0.583333,60,25,35,0.083334
0.85,0.0,0.7,0.025,1,25,30,0,5,0.916667,1.0,0.833333,1.0,0.909091,0.0,0.166667,0.416667,0.583333,60,25,35,0.083334
0.85,0.0,0.75,,0,25,30,0,5,0.916667,1.0,0.833333,1.0,0.909091,0.0,0.166667,0.416667,0.583333,60,25,35,0.083334
0.85,0.0,0.75,,1,25,30,0,5,0.916667,1.0,0.833333,1.0,0.909091,0.0,0.166667,0.416667,0.583333,60,25,35,0.083334
0.85,0.0,0.75,0.015,0,25,30,0,5,0.916667,1.0,0.833333,1.0,0.909091,0.0,0.166667,0.416667,0.583333,60,25,35,0.083334
0.85,0.0,0.75,0.015,1,25,30,0,5,0.916667,1.0,0.833333,1.0,0.909091,0.0,0.166667,0.416667,0.583333,60,25,35,0.083334
0.85,0.0,0.75,0.02,0,25,30,0,5,0.916667,1.0,0.833333,1.0,0.909091,0.0,0.166667,0.416667,0.583333,60,25,35,0.083334
0.85,0.0,0.75,0.02,1,25,30,0,5,0.916667,1.0,0.833333,1.0,0.909091,0.0,0.166667,0.416667,0.583333,60,25,35,0.083334
0.85,0.0,0.75,0.025,0,25,30,0,5,0.916667,1.0,0.833333,1.0,0.909091,0.0,0.166667,0.416667,0.583333,60,25,35,0.083334
0.85,0.0,0.75,0.025,1,25,30,0,5,0.916667,1.0,0.833333,1.0,0.909091,0.0,0.166667,0.416667,0.583333,60,25,35,0.083334
0.85,0.0,0.8,,0,25,30,0,5,0.916667,1.0,0.833333,1.0,0.909091,0.0,0.166667,0.416667,0.583333,60,25,35,0.083334
0.85,0.0,0.8,,1,25,30,0,5,0.916667,1.0,0.833333,1.0,0.909091,0.0,0.166667,0.416667,0.583333,60,25,35,0.083334
0.85,0.0,0.8,0.015,0,25,30,0,5,0.916667,1.0,0.833333,1.0,0.909091,0.0,0.166667,0.416667,0.583333,60,25,35,0.083334
0.85,0.0,0.8,0.015,1,25,30,0,5,0.916667,1.0,0.833333,1.0,0.909091,0.0,0.166667,0.416667,0.583333,60,25,35,0.083334
0.85,0.0,0.8,0.02,0,25,30,0,5,0.916667,1.0,0.833333,1.0,0.909091,0.0,0.166667,0.416667,0.583333,60,25,35,0.083334
0.85,0.0,0.8,0.02,1,25,30,0,5,0.916667,1.0,0.833333,1.0,0.909091,0.0,0.166667,0.416667,0.583333,60,25,35,0.083334
0.85,0.0,0.8,0.025,0,25,30,0,5,0.916667,1.0,0.833333,1.0,0.909091,0.0,0.166667,0.416667,0.583333,60,25,35,0.083334
0.85,0.0,0.8,0.025,1,25,30,0,5,0.916667,1.0,0.833333,1.0,0.909091,0.0,0.166667,0.416667,0.583333,60,25,35,0.083334
0.9,0.0,,0.015,0,25,30,0,5,0.916667,1.0,0.833333,1.0,0.909091,0.0,0.166667,0.416667,0.583333,60,25,35,0.083334
0.9,0.0,,0.015,1,25,30,0,5,0.916667,1.0,0.833333,1.0,0.909091,0.0,0.166667,0.416667,0.583333,60,25,35,0.083334
0.9,0.0,,0.02,0,25,30,0,5,0.916667,1.0,0.833333,1.0,0.909091,0.0,0.166667,0.416667,0.583333,60,25,35,0.083334
0.9,0.0,,0.02,1,25,30,0,5,0.916667,1.0,0.833333,1.0,0.909091,0.0,0.166667,0.416667,0.583333,60,25,35,0.083334
0.9,0.0,,0.025,0,25,30,0,5,0.916667,1.0,0.833333,1.0,0.909091,0.0,0.166667,0.416667,0.583333,60,25,35,0.083334
0.9,0.0,,0.025,1,25,30,0,5,0.916667,1.0,0.833333,1.0,0.909091,0.0,0.166667,0.416667,0.583333,60,25,35,0.083334
0.9,0.0,0.65,0.015,0,25,30,0,5,0.916667,1.0,0.833333,1.0,0.909091,0.0,0.166667,0.416667,0.583333,60,25,35,0.083334
0.9,0.0,0.65,0.015,1,25,30,0,5,0.916667,1.0,0.833333,1.0,0.909091,0.0,0.166667,0.416667,0.583333,60,25,35,0.083334
0.9,0.0,0.65,0.02,0,25,30,0,5,0.916667,1.0,0.833333,1.0,0.909091,0.0,0.166667,0.416667,0.583333,60,25,35,0.083334
0.9,0.0,0.65,0.02,1,25,30,0,5,0.916667,1.0,0.833333,1.0,0.909091,0.0,0.166667,0.416667,0.583333,60,25,35,0.083334
0.9,0.0,0.65,0.025,0,25,30,0,5,0.916667,1.0,0.833333,1.0,0.909091,0.0,0.166667,0.416667,0.583333,60,25,35,0.083334
0.9,0.0,0.65,0.025,1,25,30,0,5,0.916667,1.0,0.833333,1.0,0.909091,0.0,0.166667,0.416667,0.583333,60,25,35,0.083334
0.9,0.0,0.7,0.015,0,25,30,0,5,0.916667,1.0,0.833333,1.0,0.909091,0.0,0.166667,0.416667,0.583333,60,25,35,0.083334
0.9,0.0,0.7,0.015,1,25,30,0,5,0.916667,1.0,0.833333,1.0,0.909091,0.0,0.166667,0.416667,0.583333,60,25,35,0.083334
0.9,0.0,0.7,0.02,0,25,30,0,5,0.916667,1.0,0.833333,1.0,0.909091,0.0,0.166667,0.416667,0.583333,60,25,35,0.083334
0.9,0.0,0.7,0.02,1,25,30,0,5,0.916667,1.0,0.833333,1.0,0.909091,0.0,0.166667,0.416667,0.583333,60,25,35,0.083334
0.9,0.0,0.7,0.025,0,25,30,0,5,0.916667,1.0,0.833333,1.0,0.909091,0.0,0.166667,0.416667,0.583333,60,25,35,0.083334
0.9,0.0,0.7,0.025,1,25,30,0,5,0.916667,1.0,0.833333,1.0,0.909091,0.0,0.166667,0.416667,0.583333,60,25,35,0.083334
0.9,0.0,0.75,,0,25,30,0,5,0.916667,1.0,0.833333,1.0,0.909091,0.0,0.166667,0.416667,0.583333,60,25,35,0.083334
0.9,0.0,0.75,,1,25,30,0,5,0.916667,1.0,0.833333,1.0,0.909091,0.0,0.166667,0.416667,0.583333,60,25,35,0.083334
0.9,0.0,0.75,0.015,0,25,30,0,5,0.916667,1.0,0.833333,1.0,0.909091,0.0,0.166667,0.416667,0.583333,60,25,35,0.083334
0.9,0.0,0.75,0.015,1,25,30,0,5,0.916667,1.0,0.833333,1.0,0.909091,0.0,0.166667,0.416667,0.583333,60,25,35,0.083334
0.9,0.0,0.75,0.02,0,25,30,0,5,0.916667,1.0,0.833333,1.0,0.909091,0.0,0.166667,0.416667,0.583333,60,25,35,0.083334
0.9,0.0,0.75,0.02,1,25,30,0,5,0.916667,1.0,0.833333,1.0,0.909091,0.0,0.166667,0.416667,0.583333,60,25,35,0.083334
0.9,0.0,0.75,0.025,0,25,30,0,5,0.916667,1.0,0.833333,1.0,0.909091,0.0,0.166667,0.416667,0.583333,60,25,35,0.083334
0.9,0.0,0.75,0.025,1,25,30,0,5,0.916667,1.0,0.833333,1.0,0.909091,0.0,0.166667,0.416667,0.583333,60,25,35,0.083334
0.9,0.0,0.8,,0,25,30,0,5,0.916667,1.0,0.833333,1.0,0.909091,0.0,0.166667,0.416667,0.583333,60,25,35,0.083334
0.9,0.0,0.8,,1,25,30,0,5,0.916667,1.0,0.833333,1.0,0.909091,0.0,0.166667,0.416667,0.583333,60,25,35,0.083334
0.9,0.0,0.8,0.015,0,25,30,0,5,0.916667,1.0,0.833333,1.0,0.909091,0.0,0.166667,0.416667,0.583333,60,25,35,0.083334
0.9,0.0,0.8,0.015,1,25,30,0,5,0.916667,1.0,0.833333,1.0,0.909091,0.0,0.166667,0.416667,0.583333,60,25,35,0.083334
0.9,0.0,0.8,0.02,0,25,30,0,5,0.916667,1.0,0.833333,1.0,0.909091,0.0,0.166667,0.416667,0.583333,60,25,35,0.083334
0.9,0.0,0.8,0.02,1,25,30,0,5,0.916667,1.0,0.833333,1.0,0.909091,0.0,0.166667,0.416667,0.583333,60,25,35,0.083334
0.9,0.0,0.8,0.025,0,25,30,0,5,0.916667,1.0,0.833333,1.0,0.909091,0.0,0.166667,0.416667,0.583333,60,25,35,0.083334
0.9,0.0,0.8,0.025,1,25,30,0,5,0.916667,1.0,0.833333,1.0,0.909091,0.0,0.166667,0.416667,0.583333,60,25,35,0.083334
0.85,0.0,,0.03,0,24,30,0,6,0.9,1.0,0.8,1.0,0.888889,0.0,0.2,0.4,0.6,60,24,36,0.1
0.85,0.0,,0.03,1,24,30,0,6,0.9,1.0,0.8,1.0,0.888889,0.0,0.2,0.4,0.6,60,24,36,0.1
0.85,0.0,0.65,0.03,0,24,30,0,6,0.9,1.0,0.8,1.0,0.888889,0.0,0.2,0.4,0.6,60,24,36,0.1
0.85,0.0,0.65,0.03,1,24,30,0,6,0.9,1.0,0.8,1.0,0.888889,0.0,0.2,0.4,0.6,60,24,36,0.1
0.85,0.0,0.7,0.03,0,24,30,0,6,0.9,1.0,0.8,1.0,0.888889,0.0,0.2,0.4,0.6,60,24,36,0.1
0.85,0.0,0.7,0.03,1,24,30,0,6,0.9,1.0,0.8,1.0,0.888889,0.0,0.2,0.4,0.6,60,24,36,0.1
0.85,0.0,0.75,0.03,0,24,30,0,6,0.9,1.0,0.8,1.0,0.888889,0.0,0.2,0.4,0.6,60,24,36,0.1
0.85,0.0,0.75,0.03,1,24,30,0,6,0.9,1.0,0.8,1.0,0.888889,0.0,0.2,0.4,0.6,60,24,36,0.1
0.85,0.0,0.8,0.03,0,24,30,0,6,0.9,1.0,0.8,1.0,0.888889,0.0,0.2,0.4,0.6,60,24,36,0.1
0.85,0.0,0.8,0.03,1,24,30,0,6,0.9,1.0,0.8,1.0,0.888889,0.0,0.2,0.4,0.6,60,24,36,0.1
0.9,0.0,,0.03,0,24,30,0,6,0.9,1.0,0.8,1.0,0.888889,0.0,0.2,0.4,0.6,60,24,36,0.1
0.9,0.0,,0.03,1,24,30,0,6,0.9,1.0,0.8,1.0,0.888889,0.0,0.2,0.4,0.6,60,24,36,0.1
0.9,0.0,0.65,0.03,0,24,30,0,6,0.9,1.0,0.8,1.0,0.888889,0.0,0.2,0.4,0.6,60,24,36,0.1
0.9,0.0,0.65,0.03,1,24,30,0,6,0.9,1.0,0.8,1.0,0.888889,0.0,0.2,0.4,0.6,60,24,36,0.1
0.9,0.0,0.7,0.03,0,24,30,0,6,0.9,1.0,0.8,1.0,0.888889,0.0,0.2,0.4,0.6,60,24,36,0.1
0.9,0.0,0.7,0.03,1,24,30,0,6,0.9,1.0,0.8,1.0,0.888889,0.0,0.2,0.4,0.6,60,24,36,0.1
0.9,0.0,0.75,0.03,0,24,30,0,6,0.9,1.0,0.8,1.0,0.888889,0.0,0.2,0.4,0.6,60,24,36,0.1
0.9,0.0,0.75,0.03,1,24,30,0,6,0.9,1.0,0.8,1.0,0.888889,0.0,0.2,0.4,0.6,60,24,36,0.1
0.9,0.0,0.8,0.03,0,24,30,0,6,0.9,1.0,0.8,1.0,0.888889,0.0,0.2,0.4,0.6,60,24,36,0.1
0.9,0.0,0.8,0.03,1,24,30,0,6,0.9,1.0,0.8,1.0,0.888889,0.0,0.2,0.4,0.6,60,24,36,0.1
0.3,0.0,,0.015,2,23,30,0,7,0.883333,1.0,0.766667,1.0,0.867925,0.0,0.233333,0.383333,0.616667,60,23,37,0.116667
0.3,0.0,,0.02,2,23,30,0,7,0.883333,1.0,0.766667,1.0,0.867925,0.0,0.233333,0.383333,0.616667,60,23,37,0.116667
0.3,0.0,,0.025,2,23,30,0,7,0.883333,1.0,0.766667,1.0,0.867925,0.0,0.233333,0.383333,0.616667,60,23,37,0.116667
0.3,0.0,0.65,0.015,2,23,30,0,7,0.883333,1.0,0.766667,1.0,0.867925,0.0,0.233333,0.383333,0.616667,60,23,37,0.116667
0.3,0.0,0.65,0.02,2,23,30,0,7,0.883333,1.0,0.766667,1.0,0.867925,0.0,0.233333,0.383333,0.616667,60,23,37,0.116667
0.3,0.0,0.65,0.025,2,23,30,0,7,0.883333,1.0,0.766667,1.0,0.867925,0.0,0.233333,0.383333,0.616667,60,23,37,0.116667
0.3,0.0,0.7,0.015,2,23,30,0,7,0.883333,1.0,0.766667,1.0,0.867925,0.0,0.233333,0.383333,0.616667,60,23,37,0.116667
0.3,0.0,0.7,0.02,2,23,30,0,7,0.883333,1.0,0.766667,1.0,0.867925,0.0,0.233333,0.383333,0.616667,60,23,37,0.116667
0.3,0.0,0.7,0.025,2,23,30,0,7,0.883333,1.0,0.766667,1.0,0.867925,0.0,0.233333,0.383333,0.616667,60,23,37,0.116667
0.3,0.0,0.75,,2,23,30,0,7,0.883333,1.0,0.766667,1.0,0.867925,0.0,0.233333,0.383333,0.616667,60,23,37,0.116667
0.3,0.0,0.75,0.015,2,23,30,0,7,0.883333,1.0,0.766667,1.0,0.867925,0.0,0.233333,0.383333,0.616667,60,23,37,0.116667
0.3,0.0,0.75,0.02,2,23,30,0,7,0.883333,1.0,0.766667,1.0,0.867925,0.0,0.233333,0.383333,0.616667,60,23,37,0.116667
0.3,0.0,0.75,0.025,2,23,30,0,7,0.883333,1.0,0.766667,1.0,0.867925,0.0,0.233333,0.383333,0.616667,60,23,37,0.116667
0.3,0.0,0.8,,2,23,30,0,7,0.883333,1.0,0.766667,1.0,0.867925,0.0,0.233333,0.383333,0.616667,60,23,37,0.116667
0.3,0.0,0.8,0.015,2,23,30,0,7,0.883333,1.0,0.766667,1.0,0.867925,0.0,0.233333,0.383333,0.616667,60,23,37,0.116667
0.3,0.0,0.8,0.02,2,23,30,0,7,0.883333,1.0,0.766667,1.0,0.867925,0.0,0.233333,0.383333,0.616667,60,23,37,0.116667
0.3,0.0,0.8,0.025,2,23,30,0,7,0.883333,1.0,0.766667,1.0,0.867925,0.0,0.233333,0.383333,0.616667,60,23,37,0.116667
0.3,0.0,0.85,,0,23,30,0,7,0.883333,1.0,0.766667,1.0,0.867925,0.0,0.233333,0.383333,0.616667,60,23,37,0.116667
0.3,0.0,0.85,,1,23,30,0,7,0.883333,1.0,0.766667,1.0,0.867925,0.0,0.233333,0.383333,0.616667,60,23,37,0.116667
0.3,0.0,0.85,0.015,0,23,30,0,7,0.883333,1.0,0.766667,1.0,0.867925,0.0,0.233333,0.383333,0.616667,60,23,37,0.116667
0.3,0.0,0.85,0.015,1,23,30,0,7,0.883333,1.0,0.766667,1.0,0.867925,0.0,0.233333,0.383333,0.616667,60,23,37,0.116667
0.3,0.0,0.85,0.02,0,23,30,0,7,0.883333,1.0,0.766667,1.0,0.867925,0.0,0.233333,0.383333,0.616667,60,23,37,0.116667
0.3,0.0,0.85,0.02,1,23,30,0,7,0.883333,1.0,0.766667,1.0,0.867925,0.0,0.233333,0.383333,0.616667,60,23,37,0.116667
0.3,0.0,0.85,0.025,0,23,30,0,7,0.883333,1.0,0.766667,1.0,0.867925,0.0,0.233333,0.383333,0.616667,60,23,37,0.116667
0.3,0.0,0.85,0.025,1,23,30,0,7,0.883333,1.0,0.766667,1.0,0.867925,0.0,0.233333,0.383333,0.616667,60,23,37,0.116667
0.3,0.02,,0.015,0,23,30,0,7,0.883333,1.0,0.766667,1.0,0.867925,0.0,0.233333,0.383333,0.616667,60,23,37,0.116667
0.3,0.02,,0.015,1,23,30,0,7,0.883333,1.0,0.766667,1.0,0.867925,0.0,0.233333,0.383333,0.616667,60,23,37,0.116667
0.3,0.02,,0.02,0,23,30,0,7,0.883333,1.0,0.766667,1.0,0.867925,0.0,0.233333,0.383333,0.616667,60,23,37,0.116667
0.3,0.02,,0.02,1,23,30,0,7,0.883333,1.0,0.766667,1.0,0.867925,0.0,0.233333,0.383333,0.616667,60,23,37,0.116667
0.3,0.02,,0.025,0,23,30,0,7,0.883333,1.0,0.766667,1.0,0.867925,0.0,0.233333,0.383333,0.616667,60,23,37,0.116667
0.3,0.02,,0.025,1,23,30,0,7,0.883333,1.0,0.766667,1.0,0.867925,0.0,0.233333,0.383333,0.616667,60,23,37,0.116667
0.3,0.02,0.65,0.015,0,23,30,0,7,0.883333,1.0,0.766667,1.0,0.867925,0.0,0.233333,0.383333,0.616667,60,23,37,0.116667
0.3,0.02,0.65,0.015,1,23,30,0,7,0.883333,1.0,0.766667,1.0,0.867925,0.0,0.233333,0.383333,0.616667,60,23,37,0.116667
0.3,0.02,0.65,0.02,0,23,30,0,7,0.883333,1.0,0.766667,1.0,0.867925,0.0,0.233333,0.383333,0.616667,60,23,37,0.116667
0.3,0.02,0.65,0.02,1,23,30,0,7,0.883333,1.0,0.766667,1.0,0.867925,0.0,0.233333,0.383333,0.616667,60,23,37,0.116667
0.3,0.02,0.65,0.025,0,23,30,0,7,0.883333,1.0,0.766667,1.0,0.867925,0.0,0.233333,0.383333,0.616667,60,23,37,0.116667
0.3,0.02,0.65,0.025,1,23,30,0,7,0.883333,1.0,0.766667,1.0,0.867925,0.0,0.233333,0.383333,0.616667,60,23,37,0.116667
0.3,0.02,0.7,0.015,0,23,30,0,7,0.883333,1.0,0.766667,1.0,0.867925,0.0,0.233333,0.383333,0.616667,60,23,37,0.116667
0.3,0.02,0.7,0.015,1,23,30,0,7,0.883333,1.0,0.766667,1.0,0.867925,0.0,0.233333,0.383333,0.616667,60,23,37,0.116667
0.3,0.02,0.7,0.02,0,23,30,0,7,0.883333,1.0,0.766667,1.0,0.867925,0.0,0.233333,0.383333,0.616667,60,23,37,0.116667
0.3,0.02,0.7,0.02,1,23,30,0,7,0.883333,1.0,0.766667,1.0,0.867925,0.0,0.233333,0.383333,0.616667,60,23,37,0.116667
0.3,0.02,0.7,0.025,0,23,30,0,7,0.883333,1.0,0.766667,1.0,0.867925,0.0,0.233333,0.383333,0.616667,60,23,37,0.116667
0.3,0.02,0.7,0.025,1,23,30,0,7,0.883333,1.0,0.766667,1.0,0.867925,0.0,0.233333,0.383333,0.616667,60,23,37,0.116667
0.3,0.02,0.75,,0,23,30,0,7,0.883333,1.0,0.766667,1.0,0.867925,0.0,0.233333,0.383333,0.616667,60,23,37,0.116667
0.3,0.02,0.75,,1,23,30,0,7,0.883333,1.0,0.766667,1.0,0.867925,0.0,0.233333,0.383333,0.616667,60,23,37,0.116667
0.3,0.02,0.75,0.015,0,23,30,0,7,0.883333,1.0,0.766667,1.0,0.867925,0.0,0.233333,0.383333,0.616667,60,23,37,0.116667
0.3,0.02,0.75,0.015,1,23,30,0,7,0.883333,1.0,0.766667,1.0,0.867925,0.0,0.233333,0.383333,0.616667,60,23,37,0.116667
0.3,0.02,0.75,0.02,0,23,30,0,7,0.883333,1.0,0.766667,1.0,0.867925,0.0,0.233333,0.383333,0.616667,60,23,37,0.116667
0.3,0.02,0.75,0.02,1,23,30,0,7,0.883333,1.0,0.766667,1.0,0.867925,0.0,0.233333,0.383333,0.616667,60,23,37,0.116667
0.3,0.02,0.75,0.025,0,23,30,0,7,0.883333,1.0,0.766667,1.0,0.867925,0.0,0.233333,0.383333,0.616667,60,23,37,0.116667
0.3,0.02,0.75,0.025,1,23,30,0,7,0.883333,1.0,0.766667,1.0,0.867925,0.0,0.233333,0.383333,0.616667,60,23,37,0.116667
0.3,0.02,0.8,,0,23,30,0,7,0.883333,1.0,0.766667,1.0,0.867925,0.0,0.233333,0.383333,0.616667,60,23,37,0.116667
0.3,0.02,0.8,,1,23,30,0,7,0.883333,1.0,0.766667,1.0,0.867925,0.0,0.233333,0.383333,0.616667,60,23,37,0.116667
0.3,0.02,0.8,0.015,0,23,30,0,7,0.883333,1.0,0.766667,1.0,0.867925,0.0,0.233333,0.383333,0.616667,60,23,37,0.116667
0.3,0.02,0.8,0.015,1,23,30,0,7,0.883333,1.0,0.766667,1.0,0.867925,0.0,0.233333,0.383333,0.616667,60,23,37,0.116667
0.3,0.02,0.8,0.02,0,23,30,0,7,0.883333,1.0,0.766667,1.0,0.867925,0.0,0.233333,0.383333,0.616667,60,23,37,0.116667
0.3,0.02,0.8,0.02,1,23,30,0,7,0.883333,1.0,0.766667,1.0,0.867925,0.0,0.233333,0.383333,0.616667,60,23,37,0.116667
0.3,0.02,0.8,0.025,0,23,30,0,7,0.883333,1.0,0.766667,1.0,0.867925,0.0,0.233333,0.383333,0.616667,60,23,37,0.116667
0.3,0.02,0.8,0.025,1,23,30,0,7,0.883333,1.0,0.766667,1.0,0.867925,0.0,0.233333,0.383333,0.616667,60,23,37,0.116667
0.4,0.0,,0.015,2,23,30,0,7,0.883333,1.0,0.766667,1.0,0.867925,0.0,0.233333,0.383333,0.616667,60,23,37,0.116667
0.4,0.0,,0.02,2,23,30,0,7,0.883333,1.0,0.766667,1.0,0.867925,0.0,0.233333,0.383333,0.616667,60,23,37,0.116667
0.4,0.0,,0.025,2,23,30,0,7,0.883333,1.0,0.766667,1.0,0.867925,0.0,0.233333,0.383333,0.616667,60,23,37,0.116667
0.4,0.0,0.65,0.015,2,23,30,0,7,0.883333,1.0,0.766667,1.0,0.867925,0.0,0.233333,0.383333,0.616667,60,23,37,0.116667
0.4,0.0,0.65,0.02,2,23,30,0,7,0.883333,1.0,0.766667,1.0,0.867925,0.0,0.233333,0.383333,0.616667,60,23,37,0.116667
0.4,0.0,0.65,0.025,2,23,30,0,7,0.883333,1.0,0.766667,1.0,0.867925,0.0,0.233333,0.383333,0.616667,60,23,37,0.116667
0.4,0.0,0.7,0.015,2,23,30,0,7,0.883333,1.0,0.766667,1.0,0.867925,0.0,0.233333,0.383333,0.616667,60,23,37,0.116667
0.4,0.0,0.7,0.02,2,23,30,0,7,0.883333,1.0,0.766667,1.0,0.867925,0.0,0.233333,0.383333,0.616667,60,23,37,0.116667
0.4,0.0,0.7,0.025,2,23,30,0,7,0.883333,1.0,0.766667,1.0,0.867925,0.0,0.233333,0.383333,0.616667,60,23,37,0.116667
0.4,0.0,0.75,,2,23,30,0,7,0.883333,1.0,0.766667,1.0,0.867925,0.0,0.233333,0.383333,0.616667,60,23,37,0.116667
0.4,0.0,0.75,0.015,2,23,30,0,7,0.883333,1.0,0.766667,1.0,0.867925,0.0,0.233333,0.383333,0.616667,60,23,37,0.116667
0.4,0.0,0.75,0.02,2,23,30,0,7,0.883333,1.0,0.766667,1.0,0.867925,0.0,0.233333,0.383333,0.616667,60,23,37,0.116667
0.4,0.0,0.75,0.025,2,23,30,0,7,0.883333,1.0,0.766667,1.0,0.867925,0.0,0.233333,0.383333,0.616667,60,23,37,0.116667
0.4,0.0,0.8,,2,23,30,0,7,0.883333,1.0,0.766667,1.0,0.867925,0.0,0.233333,0.383333,0.616667,60,23,37,0.116667
0.4,0.0,0.8,0.015,2,23,30,0,7,0.883333,1.0,0.766667,1.0,0.867925,0.0,0.233333,0.383333,0.616667,60,23,37,0.116667
0.4,0.0,0.8,0.02,2,23,30,0,7,0.883333,1.0,0.766667,1.0,0.867925,0.0,0.233333,0.383333,0.616667,60,23,37,0.116667
0.4,0.0,0.8,0.025,2,23,30,0,7,0.883333,1.0,0.766667,1.0,0.867925,0.0,0.233333,0.383333,0.616667,60,23,37,0.116667
0.4,0.0,0.85,,0,23,30,0,7,0.883333,1.0,0.766667,1.0,0.867925,0.0,0.233333,0.383333,0.616667,60,23,37,0.116667
0.4,0.0,0.85,,1,23,30,0,7,0.883333,1.0,0.766667,1.0,0.867925,0.0,0.233333,0.383333,0.616667,60,23,37,0.116667
0.4,0.0,0.85,0.015,0,23,30,0,7,0.883333,1.0,0.766667,1.0,0.867925,0.0,0.233333,0.383333,0.616667,60,23,37,0.116667
0.4,0.0,0.85,0.015,1,23,30,0,7,0.883333,1.0,0.766667,1.0,0.867925,0.0,0.233333,0.383333,0.616667,60,23,37,0.116667
0.4,0.0,0.85,0.02,0,23,30,0,7,0.883333,1.0,0.766667,1.0,0.867925,0.0,0.233333,0.383333,0.616667,60,23,37,0.116667
0.4,0.0,0.85,0.02,1,23,30,0,7,0.883333,1.0,0.766667,1.0,0.867925,0.0,0.233333,0.383333,0.616667,60,23,37,0.116667
0.4,0.0,0.85,0.025,0,23,30,0,7,0.883333,1.0,0.766667,1.0,0.867925,0.0,0.233333,0.383333,0.616667,60,23,37,0.116667
0.4,0.0,0.85,0.025,1,23,30,0,7,0.883333,1.0,0.766667,1.0,0.867925,0.0,0.233333,0.383333,0.616667,60,23,37,0.116667
0.4,0.02,,0.015,0,23,30,0,7,0.883333,1.0,0.766667,1.0,0.867925,0.0,0.233333,0.383333,0.616667,60,23,37,0.116667
0.4,0.02,,0.015,1,23,30,0,7,0.883333,1.0,0.766667,1.0,0.867925,0.0,0.233333,0.383333,0.616667,60,23,37,0.116667
0.4,0.02,,0.02,0,23,30,0,7,0.883333,1.0,0.766667,1.0,0.867925,0.0,0.233333,0.383333,0.616667,60,23,37,0.116667
0.4,0.02,,0.02,1,23,30,0,7,0.883333,1.0,0.766667,1.0,0.867925,0.0,0.233333,0.383333,0.616667,60,23,37,0.116667
0.4,0.02,,0.025,0,23,30,0,7,0.883333,1.0,0.766667,1.0,0.867925,0.0,0.233333,0.383333,0.616667,60,23,37,0.116667
0.4,0.02,,0.025,1,23,30,0,7,0.883333,1.0,0.766667,1.0,0.867925,0.0,0.233333,0.383333,0.616667,60,23,37,0.116667
0.4,0.02,0.65,0.015,0,23,30,0,7,0.883333,1.0,0.766667,1.0,0.867925,0.0,0.233333,0.383333,0.616667,60,23,37,0.116667
0.4,0.02,0.65,0.015,1,23,30,0,7,0.883333,1.0,0.766667,1.0,0.867925,0.0,0.233333,0.383333,0.616667,60,23,37,0.116667
0.4,0.02,0.65,0.02,0,23,30,0,7,0.883333,1.0,0.766667,1.0,0.867925,0.0,0.233333,0.383333,0.616667,60,23,37,0.116667
0.4,0.02,0.65,0.02,1,23,30,0,7,0.883333,1.0,0.766667,1.0,0.867925,0.0,0.233333,0.383333,0.616667,60,23,37,0.116667
0.4,0.02,0.65,0.025,0,23,30,0,7,0.883333,1.0,0.766667,1.0,0.867925,0.0,0.233333,0.383333,0.616667,60,23,37,0.116667
0.4,0.02,0.65,0.025,1,23,30,0,7,0.883333,1.0,0.766667,1.0,0.867925,0.0,0.233333,0.383333,0.616667,60,23,37,0.116667
0.4,0.02,0.7,0.015,0,23,30,0,7,0.883333,1.0,0.766667,1.0,0.867925,0.0,0.233333,0.383333,0.616667,60,23,37,0.116667
0.4,0.02,0.7,0.015,1,23,30,0,7,0.883333,1.0,0.766667,1.0,0.867925,0.0,0.233333,0.383333,0.616667,60,23,37,0.116667
0.4,0.02,0.7,0.02,0,23,30,0,7,0.883333,1.0,0.766667,1.0,0.867925,0.0,0.233333,0.383333,0.616667,60,23,37,0.116667
0.4,0.02,0.7,0.02,1,23,30,0,7,0.883333,1.0,0.766667,1.0,0.867925,0.0,0.233333,0.383333,0.616667,60,23,37,0.116667
0.4,0.02,0.7,0.025,0,23,30,0,7,0.883333,1.0,0.766667,1.0,0.867925,0.0,0.233333,0.383333,0.616667,60,23,37,0.116667
0.4,0.02,0.7,0.025,1,23,30,0,7,0.883333,1.0,0.766667,1.0,0.867925,0.0,0.233333,0.383333,0.616667,60,23,37,0.116667
0.4,0.02,0.75,,0,23,30,0,7,0.883333,1.0,0.766667,1.0,0.867925,0.0,0.233333,0.383333,0.616667,60,23,37,0.116667
0.4,0.02,0.75,,1,23,30,0,7,0.883333,1.0,0.766667,1.0,0.867925,0.0,0.233333,0.383333,0.616667,60,23,37,0.116667
0.4,0.02,0.75,0.015,0,23,30,0,7,0.883333,1.0,0.766667,1.0,0.867925,0.0,0.233333,0.383333,0.616667,60,23,37,0.116667
0.4,0.02,0.75,0.015,1,23,30,0,7,0.883333,1.0,0.766667,1.0,0.867925,0.0,0.233333,0.383333,0.616667,60,23,37,0.116667
0.4,0.02,0.75,0.02,0,23,30,0,7,0.883333,1.0,0.766667,1.0,0.867925,0.0,0.233333,0.383333,0.616667,60,23,37,0.116667
0.4,0.02,0.75,0.02,1,23,30,0,7,0.883333,1.0,0.766667,1.0,0.867925,0.0,0.233333,0.383333,0.616667,60,23,37,0.116667
0.4,0.02,0.75,0.025,0,23,30,0,7,0.883333,1.0,0.766667,1.0,0.867925,0.0,0.233333,0.383333,0.616667,60,23,37,0.116667
0.4,0.02,0.75,0.025,1,23,30,0,7,0.883333,1.0,0.766667,1.0,0.867925,0.0,0.233333,0.383333,0.616667,60,23,37,0.116667
0.4,0.02,0.8,,0,23,30,0,7,0.883333,1.0,0.766667,1.0,0.867925,0.0,0.233333,0.383333,0.616667,60,23,37,0.116667
0.4,0.02,0.8,,1,23,30,0,7,0.883333,1.0,0.766667,1.0,0.867925,0.0,0.233333,0.383333,0.616667,60,23,37,0.116667
0.4,0.02,0.8,0.015,0,23,30,0,7,0.883333,1.0,0.766667,1.0,0.867925,0.0,0.233333,0.383333,0.616667,60,23,37,0.116667
0.4,0.02,0.8,0.015,1,23,30,0,7,0.883333,1.0,0.766667,1.0,0.867925,0.0,0.233333,0.383333,0.616667,60,23,37,0.116667
0.4,0.02,0.8,0.02,0,23,30,0,7,0.883333,1.0,0.766667,1.0,0.867925,0.0,0.233333,0.383333,0.616667,60,23,37,0.116667
0.4,0.02,0.8,0.02,1,23,30,0,7,0.883333,1.0,0.766667,1.0,0.867925,0.0,0.233333,0.383333,0.616667,60,23,37,0.116667
0.4,0.02,0.8,0.025,0,23,30,0,7,0.883333,1.0,0.766667,1.0,0.867925,0.0,0.233333,0.383333,0.616667,60,23,37,0.116667
0.4,0.02,0.8,0.025,1,23,30,0,7,0.883333,1.0,0.766667,1.0,0.867925,0.0,0.233333,0.383333,0.616667,60,23,37,0.116667
0.5,0.0,,0.015,2,23,30,0,7,0.883333,1.0,0.766667,1.0,0.867925,0.0,0.233333,0.383333,0.616667,60,23,37,0.116667
0.5,0.0,,0.02,2,23,30,0,7,0.883333,1.0,0.766667,1.0,0.867925,0.0,0.233333,0.383333,0.616667,60,23,37,0.116667
0.5,0.0,,0.025,2,23,30,0,7,0.883333,1.0,0.766667,1.0,0.867925,0.0,0.233333,0.383333,0.616667,60,23,37,0.116667
0.5,0.0,0.65,0.015,2,23,30,0,7,0.883333,1.0,0.766667,1.0,0.867925,0.0,0.233333,0.383333,0.616667,60,23,37,0.116667
0.5,0.0,0.65,0.02,2,23,30,0,7,0.883333,1.0,0.766667,1.0,0.867925,0.0,0.233333,0.383333,0.616667,60,23,37,0.116667
0.5,0.0,0.65,0.025,2,23,30,0,7,0.883333,1.0,0.766667,1.0,0.867925,0.0,0.233333,0.383333,0.616667,60,23,37,0.116667
0.5,0.0,0.7,0.015,2,23,30,0,7,0.883333,1.0,0.766667,1.0,0.867925,0.0,0.233333,0.383333,0.616667,60,23,37,0.116667
0.5,0.0,0.7,0.02,2,23,30,0,7,0.883333,1.0,0.766667,1.0,0.867925,0.0,0.233333,0.383333,0.616667,60,23,37,0.116667
0.5,0.0,0.7,0.025,2,23,30,0,7,0.883333,1.0,0.766667,1.0,0.867925,0.0,0.233333,0.383333,0.616667,60,23,37,0.116667
0.5,0.0,0.75,,2,23,30,0,7,0.883333,1.0,0.766667,1.0,0.867925,0.0,0.233333,0.383333,0.616667,60,23,37,0.116667
0.5,0.0,0.75,0.015,2,23,30,0,7,0.883333,1.0,0.766667,1.0,0.867925,0.0,0.233333,0.383333,0.616667,60,23,37,0.116667
0.5,0.0,0.75,0.02,2,23,30,0,7,0.883333,1.0,0.766667,1.0,0.867925,0.0,0.233333,0.383333,0.616667,60,23,37,0.116667
0.5,0.0,0.75,0.025,2,23,30,0,7,0.883333,1.0,0.766667,1.0,0.867925,0.0,0.233333,0.383333,0.616667,60,23,37,0.116667
0.5,0.0,0.8,,2,23,30,0,7,0.883333,1.0,0.766667,1.0,0.867925,0.0,0.233333,0.383333,0.616667,60,23,37,0.116667
0.5,0.0,0.8,0.015,2,23,30,0,7,0.883333,1.0,0.766667,1.0,0.867925,0.0,0.233333,0.383333,0.616667,60,23,37,0.116667
0.5,0.0,0.8,0.02,2,23,30,0,7,0.883333,1.0,0.766667,1.0,0.867925,0.0,0.233333,0.383333,0.616667,60,23,37,0.116667
0.5,0.0,0.8,0.025,2,23,30,0,7,0.883333,1.0,0.766667,1.0,0.867925,0.0,0.233333,0.383333,0.616667,60,23,37,0.116667
0.5,0.0,0.85,,0,23,30,0,7,0.883333,1.0,0.766667,1.0,0.867925,0.0,0.233333,0.383333,0.616667,60,23,37,0.116667
0.5,0.0,0.85,,1,23,30,0,7,0.883333,1.0,0.766667,1.0,0.867925,0.0,0.233333,0.383333,0.616667,60,23,37,0.116667
0.5,0.0,0.85,0.015,0,23,30,0,7,0.883333,1.0,0.766667,1.0,0.867925,0.0,0.233333,0.383333,0.616667,60,23,37,0.116667
0.5,0.0,0.85,0.015,1,23,30,0,7,0.883333,1.0,0.766667,1.0,0.867925,0.0,0.233333,0.383333,0.616667,60,23,37,0.116667
0.5,0.0,0.85,0.02,0,23,30,0,7,0.883333,1.0,0.766667,1.0,0.867925,0.0,0.233333,0.383333,0.616667,60,23,37,0.116667
0.5,0.0,0.85,0.02,1,23,30,0,7,0.883333,1.0,0.766667,1.0,0.867925,0.0,0.233333,0.383333,0.616667,60,23,37,0.116667
0.5,0.0,0.85,0.025,0,23,30,0,7,0.883333,1.0,0.766667,1.0,0.867925,0.0,0.233333,0.383333,0.616667,60,23,37,0.116667
0.5,0.0,0.85,0.025,1,23,30,0,7,0.883333,1.0,0.766667,1.0,0.867925,0.0,0.233333,0.383333,0.616667,60,23,37,0.116667
0.5,0.02,,0.015,0,23,30,0,7,0.883333,1.0,0.766667,1.0,0.867925,0.0,0.233333,0.383333,0.616667,60,23,37,0.116667
0.5,0.02,,0.015,1,23,30,0,7,0.883333,1.0,0.766667,1.0,0.867925,0.0,0.233333,0.383333,0.616667,60,23,37,0.116667
0.5,0.02,,0.02,0,23,30,0,7,0.883333,1.0,0.766667,1.0,0.867925,0.0,0.233333,0.383333,0.616667,60,23,37,0.116667
0.5,0.02,,0.02,1,23,30,0,7,0.883333,1.0,0.766667,1.0,0.867925,0.0,0.233333,0.383333,0.616667,60,23,37,0.116667
0.5,0.02,,0.025,0,23,30,0,7,0.883333,1.0,0.766667,1.0,0.867925,0.0,0.233333,0.383333,0.616667,60,23,37,0.116667
0.5,0.02,,0.025,1,23,30,0,7,0.883333,1.0,0.766667,1.0,0.867925,0.0,0.233333,0.383333,0.616667,60,23,37,0.116667
0.5,0.02,0.65,0.015,0,23,30,0,7,0.883333,1.0,0.766667,1.0,0.867925,0.0,0.233333,0.383333,0.616667,60,23,37,0.116667
0.5,0.02,0.65,0.015,1,23,30,0,7,0.883333,1.0,0.766667,1.0,0.867925,0.0,0.233333,0.383333,0.616667,60,23,37,0.116667
0.5,0.02,0.65,0.02,0,23,30,0,7,0.883333,1.0,0.766667,1.0,0.867925,0.0,0.233333,0.383333,0.616667,60,23,37,0.116667
0.5,0.02,0.65,0.02,1,23,30,0,7,0.883333,1.0,0.766667,1.0,0.867925,0.0,0.233333,0.383333,0.616667,60,23,37,0.116667
0.5,0.02,0.65,0.025,0,23,30,0,7,0.883333,1.0,0.766667,1.0,0.867925,0.0,0.233333,0.383333,0.616667,60,23,37,0.116667
0.5,0.02,0.65,0.025,1,23,30,0,7,0.883333,1.0,0.766667,1.0,0.867925,0.0,0.233333,0.383333,0.616667,60,23,37,0.116667
0.5,0.02,0.7,0.015,0,23,30,0,7,0.883333,1.0,0.766667,1.0,0.867925,0.0,0.233333,0.383333,0.616667,60,23,37,0.116667
0.5,0.02,0.7,0.015,1,23,30,0,7,0.883333,1.0,0.766667,1.0,0.867925,0.0,0.233333,0.383333,0.616667,60,23,37,0.116667
0.5,0.02,0.7,0.02,0,23,30,0,7,0.883333,1.0,0.766667,1.0,0.867925,0.0,0.233333,0.383333,0.616667,60,23,37,0.116667
0.5,0.02,0.7,0.02,1,23,30,0,7,0.883333,1.0,0.766667,1.0,0.867925,0.0,0.233333,0.383333,0.616667,60,23,37,0.116667
0.5,0.02,0.7,0.025,0,23,30,0,7,0.883333,1.0,0.766667,1.0,0.867925,0.0,0.233333,0.383333,0.616667,60,23,37,0.116667
0.5,0.02,0.7,0.025,1,23,30,0,7,0.883333,1.0,0.766667,1.0,0.867925,0.0,0.233333,0.383333,0.616667,60,23,37,0.116667
0.5,0.02,0.75,,0,23,30,0,7,0.883333,1.0,0.766667,1.0,0.867925,0.0,0.233333,0.383333,0.616667,60,23,37,0.116667
0.5,0.02,0.75,,1,23,30,0,7,0.883333,1.0,0.766667,1.0,0.867925,0.0,0.233333,0.383333,0.616667,60,23,37,0.116667
0.5,0.02,0.75,0.015,0,23,30,0,7,0.883333,1.0,0.766667,1.0,0.867925,0.0,0.233333,0.383333,0.616667,60,23,37,0.116667
0.5,0.02,0.75,0.015,1,23,30,0,7,0.883333,1.0,0.766667,1.0,0.867925,0.0,0.233333,0.383333,0.616667,60,23,37,0.116667
0.5,0.02,0.75,0.02,0,23,30,0,7,0.883333,1.0,0.766667,1.0,0.867925,0.0,0.233333,0.383333,0.616667,60,23,37,0.116667
0.5,0.02,0.75,0.02,1,23,30,0,7,0.883333,1.0,0.766667,1.0,0.867925,0.0,0.233333,0.383333,0.616667,60,23,37,0.116667
0.5,0.02,0.75,0.025,0,23,30,0,7,0.883333,1.0,0.766667,1.0,0.867925,0.0,0.233333,0.383333,0.616667,60,23,37,0.116667
0.5,0.02,0.75,0.025,1,23,30,0,7,0.883333,1.0,0.766667,1.0,0.867925,0.0,0.233333,0.383333,0.616667,60,23,37,0.116667
0.5,0.02,0.8,,0,23,30,0,7,0.883333,1.0,0.766667,1.0,0.867925,0.0,0.233333,0.383333,0.616667,60,23,37,0.116667
0.5,0.02,0.8,,1,23,30,0,7,0.883333,1.0,0.766667,1.0,0.867925,0.0,0.233333,0.383333,0.616667,60,23,37,0.116667
0.5,0.02,0.8,0.015,0,23,30,0,7,0.883333,1.0,0.766667,1.0,0.867925,0.0,0.233333,0.383333,0.616667,60,23,37,0.116667
0.5,0.02,0.8,0.015,1,23,30,0,7,0.883333,1.0,0.766667,1.0,0.867925,0.0,0.233333,0.383333,0.616667,60,23,37,0.116667
0.5,0.02,0.8,0.02,0,23,30,0,7,0.883333,1.0,0.766667,1.0,0.867925,0.0,0.233333,0.383333,0.616667,60,23,37,0.116667
0.5,0.02,0.8,0.02,1,23,30,0,7,0.883333,1.0,0.766667,1.0,0.867925,0.0,0.233333,0.383333,0.616667,60,23,37,0.116667
0.5,0.02,0.8,0.025,0,23,30,0,7,0.883333,1.0,0.766667,1.0,0.867925,0.0,0.233333,0.383333,0.616667,60,23,37,0.116667
0.5,0.02,0.8,0.025,1,23,30,0,7,0.883333,1.0,0.766667,1.0,0.867925,0.0,0.233333,0.383333,0.616667,60,23,37,0.116667
0.6,0.0,,0.015,2,23,30,0,7,0.883333,1.0,0.766667,1.0,0.867925,0.0,0.233333,0.383333,0.616667,60,23,37,0.116667
0.6,0.0,,0.02,2,23,30,0,7,0.883333,1.0,0.766667,1.0,0.867925,0.0,0.233333,0.383333,0.616667,60,23,37,0.116667
0.6,0.0,,0.025,2,23,30,0,7,0.883333,1.0,0.766667,1.0,0.867925,0.0,0.233333,0.383333,0.616667,60,23,37,0.116667
0.6,0.0,0.65,0.015,2,23,30,0,7,0.883333,1.0,0.766667,1.0,0.867925,0.0,0.233333,0.383333,0.616667,60,23,37,0.116667
0.6,0.0,0.65,0.02,2,23,30,0,7,0.883333,1.0,0.766667,1.0,0.867925,0.0,0.233333,0.383333,0.616667,60,23,37,0.116667
0.6,0.0,0.65,0.025,2,23,30,0,7,0.883333,1.0,0.766667,1.0,0.867925,0.0,0.233333,0.383333,0.616667,60,23,37,0.116667
0.6,0.0,0.7,0.015,2,23,30,0,7,0.883333,1.0,0.766667,1.0,0.867925,0.0,0.233333,0.383333,0.616667,60,23,37,0.116667
0.6,0.0,0.7,0.02,2,23,30,0,7,0.883333,1.0,0.766667,1.0,0.867925,0.0,0.233333,0.383333,0.616667,60,23,37,0.116667
0.6,0.0,0.7,0.025,2,23,30,0,7,0.883333,1.0,0.766667,1.0,0.867925,0.0,0.233333,0.383333,0.616667,60,23,37,0.116667
0.6,0.0,0.75,,2,23,30,0,7,0.883333,1.0,0.766667,1.0,0.867925,0.0,0.233333,0.383333,0.616667,60,23,37,0.116667
0.6,0.0,0.75,0.015,2,23,30,0,7,0.883333,1.0,0.766667,1.0,0.867925,0.0,0.233333,0.383333,0.616667,60,23,37,0.116667
0.6,0.0,0.75,0.02,2,23,30,0,7,0.883333,1.0,0.766667,1.0,0.867925,0.0,0.233333,0.383333,0.616667,60,23,37,0.116667
0.6,0.0,0.75,0.025,2,23,30,0,7,0.883333,1.0,0.766667,1.0,0.867925,0.0,0.233333,0.383333,0.616667,60,23,37,0.116667
0.6,0.0,0.8,,2,23,30,0,7,0.883333,1.0,0.766667,1.0,0.867925,0.0,0.233333,0.383333,0.616667,60,23,37,0.116667
0.6,0.0,0.8,0.015,2,23,30,0,7,0.883333,1.0,0.766667,1.0,0.867925,0.0,0.233333,0.383333,0.616667,60,23,37,0.116667
0.6,0.0,0.8,0.02,2,23,30,0,7,0.883333,1.0,0.766667,1.0,0.867925,0.0,0.233333,0.383333,0.616667,60,23,37,0.116667
0.6,0.0,0.8,0.025,2,23,30,0,7,0.883333,1.0,0.766667,1.0,0.867925,0.0,0.233333,0.383333,0.616667,60,23,37,0.116667
0.6,0.0,0.85,,0,23,30,0,7,0.883333,1.0,0.766667,1.0,0.867925,0.0,0.233333,0.383333,0.616667,60,23,37,0.116667
0.6,0.0,0.85,,1,23,30,0,7,0.883333,1.0,0.766667,1.0,0.867925,0.0,0.233333,0.383333,0.616667,60,23,37,0.116667
0.6,0.0,0.85,0.015,0,23,30,0,7,0.883333,1.0,0.766667,1.0,0.867925,0.0,0.233333,0.383333,0.616667,60,23,37,0.116667
0.6,0.0,0.85,0.015,1,23,30,0,7,0.883333,1.0,0.766667,1.0,0.867925,0.0,0.233333,0.383333,0.616667,60,23,37,0.116667
0.6,0.0,0.85,0.02,0,23,30,0,7,0.883333,1.0,0.766667,1.0,0.867925,0.0,0.233333,0.383333,0.616667,60,23,37,0.116667
0.6,0.0,0.85,0.02,1,23,30,0,7,0.883333,1.0,0.766667,1.0,0.867925,0.0,0.233333,0.383333,0.616667,60,23,37,0.116667
0.6,0.0,0.85,0.025,0,23,30,0,7,0.883333,1.0,0.766667,1.0,0.867925,0.0,0.233333,0.383333,0.616667,60,23,37,0.116667
0.6,0.0,0.85,0.025,1,23,30,0,7,0.883333,1.0,0.766667,1.0,0.867925,0.0,0.233333,0.383333,0.616667,60,23,37,0.116667
0.6,0.02,,0.015,0,23,30,0,7,0.883333,1.0,0.766667,1.0,0.867925,0.0,0.233333,0.383333,0.616667,60,23,37,0.116667
0.6,0.02,,0.015,1,23,30,0,7,0.883333,1.0,0.766667,1.0,0.867925,0.0,0.233333,0.383333,0.616667,60,23,37,0.116667
0.6,0.02,,0.02,0,23,30,0,7,0.883333,1.0,0.766667,1.0,0.867925,0.0,0.233333,0.383333,0.616667,60,23,37,0.116667
0.6,0.02,,0.02,1,23,30,0,7,0.883333,1.0,0.766667,1.0,0.867925,0.0,0.233333,0.383333,0.616667,60,23,37,0.116667
0.6,0.02,,0.025,0,23,30,0,7,0.883333,1.0,0.766667,1.0,0.867925,0.0,0.233333,0.383333,0.616667,60,23,37,0.116667
0.6,0.02,,0.025,1,23,30,0,7,0.883333,1.0,0.766667,1.0,0.867925,0.0,0.233333,0.383333,0.616667,60,23,37,0.116667
0.6,0.02,0.65,0.015,0,23,30,0,7,0.883333,1.0,0.766667,1.0,0.867925,0.0,0.233333,0.383333,0.616667,60,23,37,0.116667
0.6,0.02,0.65,0.015,1,23,30,0,7,0.883333,1.0,0.766667,1.0,0.867925,0.0,0.233333,0.383333,0.616667,60,23,37,0.116667
0.6,0.02,0.65,0.02,0,23,30,0,7,0.883333,1.0,0.766667,1.0,0.867925,0.0,0.233333,0.383333,0.616667,60,23,37,0.116667
0.6,0.02,0.65,0.02,1,23,30,0,7,0.883333,1.0,0.766667,1.0,0.867925,0.0,0.233333,0.383333,0.616667,60,23,37,0.116667
0.6,0.02,0.65,0.025,0,23,30,0,7,0.883333,1.0,0.766667,1.0,0.867925,0.0,0.233333,0.383333,0.616667,60,23,37,0.116667
0.6,0.02,0.65,0.025,1,23,30,0,7,0.883333,1.0,0.766667,1.0,0.867925,0.0,0.233333,0.383333,0.616667,60,23,37,0.116667
0.6,0.02,0.7,0.015,0,23,30,0,7,0.883333,1.0,0.766667,1.0,0.867925,0.0,0.233333,0.383333,0.616667,60,23,37,0.116667
0.6,0.02,0.7,0.015,1,23,30,0,7,0.883333,1.0,0.766667,1.0,0.867925,0.0,0.233333,0.383333,0.616667,60,23,37,0.116667
0.6,0.02,0.7,0.02,0,23,30,0,7,0.883333,1.0,0.766667,1.0,0.867925,0.0,0.233333,0.383333,0.616667,60,23,37,0.116667
0.6,0.02,0.7,0.02,1,23,30,0,7,0.883333,1.0,0.766667,1.0,0.867925,0.0,0.233333,0.383333,0.616667,60,23,37,0.116667
0.6,0.02,0.7,0.025,0,23,30,0,7,0.883333,1.0,0.766667,1.0,0.867925,0.0,0.233333,0.383333,0.616667,60,23,37,0.116667
0.6,0.02,0.7,0.025,1,23,30,0,7,0.883333,1.0,0.766667,1.0,0.867925,0.0,0.233333,0.383333,0.616667,60,23,37,0.116667
0.6,0.02,0.75,,0,23,30,0,7,0.883333,1.0,0.766667,1.0,0.867925,0.0,0.233333,0.383333,0.616667,60,23,37,0.116667
0.6,0.02,0.75,,1,23,30,0,7,0.883333,1.0,0.766667,1.0,0.867925,0.0,0.233333,0.383333,0.616667,60,23,37,0.116667
0.6,0.02,0.75,0.015,0,23,30,0,7,0.883333,1.0,0.766667,1.0,0.867925,0.0,0.233333,0.383333,0.616667,60,23,37,0.116667
0.6,0.02,0.75,0.015,1,23,30,0,7,0.883333,1.0,0.766667,1.0,0.867925,0.0,0.233333,0.383333,0.616667,60,23,37,0.116667
0.6,0.02,0.75,0.02,0,23,30,0,7,0.883333,1.0,0.766667,1.0,0.867925,0.0,0.233333,0.383333,0.616667,60,23,37,0.116667
0.6,0.02,0.75,0.02,1,23,30,0,7,0.883333,1.0,0.766667,1.0,0.867925,0.0,0.233333,0.383333,0.616667,60,23,37,0.116667
0.6,0.02,0.75,0.025,0,23,30,0,7,0.883333,1.0,0.766667,1.0,0.867925,0.0,0.233333,0.383333,0.616667,60,23,37,0.116667
0.6,0.02,0.75,0.025,1,23,30,0,7,0.883333,1.0,0.766667,1.0,0.867925,0.0,0.233333,0.383333,0.616667,60,23,37,0.116667
0.6,0.02,0.8,,0,23,30,0,7,0.883333,1.0,0.766667,1.0,0.867925,0.0,0.233333,0.383333,0.616667,60,23,37,0.116667
0.6,0.02,0.8,,1,23,30,0,7,0.883333,1.0,0.766667,1.0,0.867925,0.0,0.233333,0.383333,0.616667,60,23,37,0.116667
0.6,0.02,0.8,0.015,0,23,30,0,7,0.883333,1.0,0.766667,1.0,0.867925,0.0,0.233333,0.383333,0.616667,60,23,37,0.116667
0.6,0.02,0.8,0.015,1,23,30,0,7,0.883333,1.0,0.766667,1.0,0.867925,0.0,0.233333,0.383333,0.616667,60,23,37,0.116667
0.6,0.02,0.8,0.02,0,23,30,0,7,0.883333,1.0,0.766667,1.0,0.867925,0.0,0.233333,0.383333,0.616667,60,23,37,0.116667
0.6,0.02,0.8,0.02,1,23,30,0,7,0.883333,1.0,0.766667,1.0,0.867925,0.0,0.233333,0.383333,0.616667,60,23,37,0.116667
0.6,0.02,0.8,0.025,0,23,30,0,7,0.883333,1.0,0.766667,1.0,0.867925,0.0,0.233333,0.383333,0.616667,60,23,37,0.116667
0.6,0.02,0.8,0.025,1,23,30,0,7,0.883333,1.0,0.766667,1.0,0.867925,0.0,0.233333,0.383333,0.616667,60,23,37,0.116667
0.7,0.0,,0.015,2,23,30,0,7,0.883333,1.0,0.766667,1.0,0.867925,0.0,0.233333,0.383333,0.616667,60,23,37,0.116667
0.7,0.0,,0.02,2,23,30,0,7,0.883333,1.0,0.766667,1.0,0.867925,0.0,0.233333,0.383333,0.616667,60,23,37,0.116667
0.7,0.0,,0.025,2,23,30,0,7,0.883333,1.0,0.766667,1.0,0.867925,0.0,0.233333,0.383333,0.616667,60,23,37,0.116667
0.7,0.0,0.65,0.015,2,23,30,0,7,0.883333,1.0,0.766667,1.0,0.867925,0.0,0.233333,0.383333,0.616667,60,23,37,0.116667
0.7,0.0,0.65,0.02,2,23,30,0,7,0.883333,1.0,0.766667,1.0,0.867925,0.0,0.233333,0.383333,0.616667,60,23,37,0.116667
0.7,0.0,0.65,0.025,2,23,30,0,7,0.883333,1.0,0.766667,1.0,0.867925,0.0,0.233333,0.383333,0.616667,60,23,37,0.116667
0.7,0.0,0.7,0.015,2,23,30,0,7,0.883333,1.0,0.766667,1.0,0.867925,0.0,0.233333,0.383333,0.616667,60,23,37,0.116667
0.7,0.0,0.7,0.02,2,23,30,0,7,0.883333,1.0,0.766667,1.0,0.867925,0.0,0.233333,0.383333,0.616667,60,23,37,0.116667
0.7,0.0,0.7,0.025,2,23,30,0,7,0.883333,1.0,0.766667,1.0,0.867925,0.0,0.233333,0.383333,0.616667,60,23,37,0.116667
0.7,0.0,0.75,,2,23,30,0,7,0.883333,1.0,0.766667,1.0,0.867925,0.0,0.233333,0.383333,0.616667,60,23,37,0.116667
0.7,0.0,0.75,0.015,2,23,30,0,7,0.883333,1.0,0.766667,1.0,0.867925,0.0,0.233333,0.383333,0.616667,60,23,37,0.116667
0.7,0.0,0.75,0.02,2,23,30,0,7,0.883333,1.0,0.766667,1.0,0.867925,0.0,0.233333,0.383333,0.616667,60,23,37,0.116667
0.7,0.0,0.75,0.025,2,23,30,0,7,0.883333,1.0,0.766667,1.0,0.867925,0.0,0.233333,0.383333,0.616667,60,23,37,0.116667
0.7,0.0,0.8,,2,23,30,0,7,0.883333,1.0,0.766667,1.0,0.867925,0.0,0.233333,0.383333,0.616667,60,23,37,0.116667
0.7,0.0,0.8,0.015,2,23,30,0,7,0.883333,1.0,0.766667,1.0,0.867925,0.0,0.233333,0.383333,0.616667,60,23,37,0.116667
0.7,0.0,0.8,0.02,2,23,30,0,7,0.883333,1.0,0.766667,1.0,0.867925,0.0,0.233333,0.383333,0.616667,60,23,37,0.116667
0.7,0.0,0.8,0.025,2,23,30,0,7,0.883333,1.0,0.766667,1.0,0.867925,0.0,0.233333,0.383333,0.616667,60,23,37,0.116667
0.7,0.0,0.85,,0,23,30,0,7,0.883333,1.0,0.766667,1.0,0.867925,0.0,0.233333,0.383333,0.616667,60,23,37,0.116667
0.7,0.0,0.85,,1,23,30,0,7,0.883333,1.0,0.766667,1.0,0.867925,0.0,0.233333,0.383333,0.616667,60,23,37,0.116667
0.7,0.0,0.85,0.015,0,23,30,0,7,0.883333,1.0,0.766667,1.0,0.867925,0.0,0.233333,0.383333,0.616667,60,23,37,0.116667
0.7,0.0,0.85,0.015,1,23,30,0,7,0.883333,1.0,0.766667,1.0,0.867925,0.0,0.233333,0.383333,0.616667,60,23,37,0.116667
0.7,0.0,0.85,0.02,0,23,30,0,7,0.883333,1.0,0.766667,1.0,0.867925,0.0,0.233333,0.383333,0.616667,60,23,37,0.116667
0.7,0.0,0.85,0.02,1,23,30,0,7,0.883333,1.0,0.766667,1.0,0.867925,0.0,0.233333,0.383333,0.616667,60,23,37,0.116667
0.7,0.0,0.85,0.025,0,23,30,0,7,0.883333,1.0,0.766667,1.0,0.867925,0.0,0.233333,0.383333,0.616667,60,23,37,0.116667
0.7,0.0,0.85,0.025,1,23,30,0,7,0.883333,1.0,0.766667,1.0,0.867925,0.0,0.233333,0.383333,0.616667,60,23,37,0.116667
0.7,0.02,,0.015,0,23,30,0,7,0.883333,1.0,0.766667,1.0,0.867925,0.0,0.233333,0.383333,0.616667,60,23,37,0.116667
0.7,0.02,,0.015,1,23,30,0,7,0.883333,1.0,0.766667,1.0,0.867925,0.0,0.233333,0.383333,0.616667,60,23,37,0.116667
0.7,0.02,,0.02,0,23,30,0,7,0.883333,1.0,0.766667,1.0,0.867925,0.0,0.233333,0.383333,0.616667,60,23,37,0.116667
0.7,0.02,,0.02,1,23,30,0,7,0.883333,1.0,0.766667,1.0,0.867925,0.0,0.233333,0.383333,0.616667,60,23,37,0.116667
0.7,0.02,,0.025,0,23,30,0,7,0.883333,1.0,0.766667,1.0,0.867925,0.0,0.233333,0.383333,0.616667,60,23,37,0.116667
0.7,0.02,,0.025,1,23,30,0,7,0.883333,1.0,0.766667,1.0,0.867925,0.0,0.233333,0.383333,0.616667,60,23,37,0.116667
0.7,0.02,0.65,0.015,0,23,30,0,7,0.883333,1.0,0.766667,1.0,0.867925,0.0,0.233333,0.383333,0.616667,60,23,37,0.116667
0.7,0.02,0.65,0.015,1,23,30,0,7,0.883333,1.0,0.766667,1.0,0.867925,0.0,0.233333,0.383333,0.616667,60,23,37,0.116667
0.7,0.02,0.65,0.02,0,23,30,0,7,0.883333,1.0,0.766667,1.0,0.867925,0.0,0.233333,0.383333,0.616667,60,23,37,0.116667
0.7,0.02,0.65,0.02,1,23,30,0,7,0.883333,1.0,0.766667,1.0,0.867925,0.0,0.233333,0.383333,0.616667,60,23,37,0.116667
0.7,0.02,0.65,0.025,0,23,30,0,7,0.883333,1.0,0.766667,1.0,0.867925,0.0,0.233333,0.383333,0.616667,60,23,37,0.116667
0.7,0.02,0.65,0.025,1,23,30,0,7,0.883333,1.0,0.766667,1.0,0.867925,0.0,0.233333,0.383333,0.616667,60,23,37,0.116667
0.7,0.02,0.7,0.015,0,23,30,0,7,0.883333,1.0,0.766667,1.0,0.867925,0.0,0.233333,0.383333,0.616667,60,23,37,0.116667
0.7,0.02,0.7,0.015,1,23,30,0,7,0.883333,1.0,0.766667,1.0,0.867925,0.0,0.233333,0.383333,0.616667,60,23,37,0.116667
0.7,0.02,0.7,0.02,0,23,30,0,7,0.883333,1.0,0.766667,1.0,0.867925,0.0,0.233333,0.383333,0.616667,60,23,37,0.116667
0.7,0.02,0.7,0.02,1,23,30,0,7,0.883333,1.0,0.766667,1.0,0.867925,0.0,0.233333,0.383333,0.616667,60,23,37,0.116667
0.7,0.02,0.7,0.025,0,23,30,0,7,0.883333,1.0,0.766667,1.0,0.867925,0.0,0.233333,0.383333,0.616667,60,23,37,0.116667
0.7,0.02,0.7,0.025,1,23,30,0,7,0.883333,1.0,0.766667,1.0,0.867925,0.0,0.233333,0.383333,0.616667,60,23,37,0.116667
0.7,0.02,0.75,,0,23,30,0,7,0.883333,1.0,0.766667,1.0,0.867925,0.0,0.233333,0.383333,0.616667,60,23,37,0.116667
0.7,0.02,0.75,,1,23,30,0,7,0.883333,1.0,0.766667,1.0,0.867925,0.0,0.233333,0.383333,0.616667,60,23,37,0.116667
0.7,0.02,0.75,0.015,0,23,30,0,7,0.883333,1.0,0.766667,1.0,0.867925,0.0,0.233333,0.383333,0.616667,60,23,37,0.116667
0.7,0.02,0.75,0.015,1,23,30,0,7,0.883333,1.0,0.766667,1.0,0.867925,0.0,0.233333,0.383333,0.616667,60,23,37,0.116667
0.7,0.02,0.75,0.02,0,23,30,0,7,0.883333,1.0,0.766667,1.0,0.867925,0.0,0.233333,0.383333,0.616667,60,23,37,0.116667
0.7,0.02,0.75,0.02,1,23,30,0,7,0.883333,1.0,0.766667,1.0,0.867925,0.0,0.233333,0.383333,0.616667,60,23,37,0.116667
0.7,0.02,0.75,0.025,0,23,30,0,7,0.883333,1.0,0.766667,1.0,0.867925,0.0,0.233333,0.383333,0.616667,60,23,37,0.116667
0.7,0.02,0.75,0.025,1,23,30,0,7,0.883333,1.0,0.766667,1.0,0.867925,0.0,0.233333,0.383333,0.616667,60,23,37,0.116667
0.7,0.02,0.8,,0,23,30,0,7,0.883333,1.0,0.766667,1.0,0.867925,0.0,0.233333,0.383333,0.616667,60,23,37,0.116667
0.7,0.02,0.8,,1,23,30,0,7,0.883333,1.0,0.766667,1.0,0.867925,0.0,0.233333,0.383333,0.616667,60,23,37,0.116667
0.7,0.02,0.8,0.015,0,23,30,0,7,0.883333,1.0,0.766667,1.0,0.867925,0.0,0.233333,0.383333,0.616667,60,23,37,0.116667
0.7,0.02,0.8,0.015,1,23,30,0,7,0.883333,1.0,0.766667,1.0,0.867925,0.0,0.233333,0.383333,0.616667,60,23,37,0.116667
0.7,0.02,0.8,0.02,0,23,30,0,7,0.883333,1.0,0.766667,1.0,0.867925,0.0,0.233333,0.383333,0.616667,60,23,37,0.116667
0.7,0.02,0.8,0.02,1,23,30,0,7,0.883333,1.0,0.766667,1.0,0.867925,0.0,0.233333,0.383333,0.616667,60,23,37,0.116667
0.7,0.02,0.8,0.025,0,23,30,0,7,0.883333,1.0,0.766667,1.0,0.867925,0.0,0.233333,0.383333,0.616667,60,23,37,0.116667
0.7,0.02,0.8,0.025,1,23,30,0,7,0.883333,1.0,0.766667,1.0,0.867925,0.0,0.233333,0.383333,0.616667,60,23,37,0.116667
0.75,0.0,0.85,,0,23,30,0,7,0.883333,1.0,0.766667,1.0,0.867925,0.0,0.233333,0.383333,0.616667,60,23,37,0.116667
0.75,0.0,0.85,,1,23,30,0,7,0.883333,1.0,0.766667,1.0,0.867925,0.0,0.233333,0.383333,0.616667,60,23,37,0.116667
0.75,0.0,0.85,0.015,0,23,30,0,7,0.883333,1.0,0.766667,1.0,0.867925,0.0,0.233333,0.383333,0.616667,60,23,37,0.116667
0.75,0.0,0.85,0.015,1,23,30,0,7,0.883333,1.0,0.766667,1.0,0.867925,0.0,0.233333,0.383333,0.616667,60,23,37,0.116667
0.75,0.0,0.85,0.02,0,23,30,0,7,0.883333,1.0,0.766667,1.0,0.867925,0.0,0.233333,0.383333,0.616667,60,23,37,0.116667
0.75,0.0,0.85,0.02,1,23,30,0,7,0.883333,1.0,0.766667,1.0,0.867925,0.0,0.233333,0.383333,0.616667,60,23,37,0.116667
0.75,0.0,0.85,0.025,0,23,30,0,7,0.883333,1.0,0.766667,1.0,0.867925,0.0,0.233333,0.383333,0.616667,60,23,37,0.116667
0.75,0.0,0.85,0.025,1,23,30,0,7,0.883333,1.0,0.766667,1.0,0.867925,0.0,0.233333,0.383333,0.616667,60,23,37,0.116667
0.3,0.0,0.85,0.03,0,22,30,0,8,0.866667,1.0,0.733333,1.0,0.846154,0.0,0.266667,0.366667,0.633333,60,22,38,0.133333
0.3,0.0,0.85,0.03,1,22,30,0,8,0.866667,1.0,0.733333,1.0,0.846154,0.0,0.266667,0.366667,0.633333,60,22,38,0.133333
0.4,0.0,0.85,0.03,0,22,30,0,8,0.866667,1.0,0.733333,1.0,0.846154,0.0,0.266667,0.366667,0.633333,60,22,38,0.133333
0.4,0.0,0.85,0.03,1,22,30,0,8,0.866667,1.0,0.733333,1.0,0.846154,0.0,0.266667,0.366667,0.633333,60,22,38,0.133333
0.5,0.0,0.85,0.03,0,22,30,0,8,0.866667,1.0,0.733333,1.0,0.846154,0.0,0.266667,0.366667,0.633333,60,22,38,0.133333
0.5,0.0,0.85,0.03,1,22,30,0,8,0.866667,1.0,0.733333,1.0,0.846154,0.0,0.266667,0.366667,0.633333,60,22,38,0.133333
0.6,0.0,0.85,0.03,0,22,30,0,8,0.866667,1.0,0.733333,1.0,0.846154,0.0,0.266667,0.366667,0.633333,60,22,38,0.133333
0.6,0.0,0.85,0.03,1,22,30,0,8,0.866667,1.0,0.733333,1.0,0.846154,0.0,0.266667,0.366667,0.633333,60,22,38,0.133333
0.7,0.0,0.85,0.03,0,22,30,0,8,0.866667,1.0,0.733333,1.0,0.846154,0.0,0.266667,0.366667,0.633333,60,22,38,0.133333
0.7,0.0,0.85,0.03,1,22,30,0,8,0.866667,1.0,0.733333,1.0,0.846154,0.0,0.266667,0.366667,0.633333,60,22,38,0.133333
0.75,0.0,,0.015,2,22,30,0,8,0.866667,1.0,0.733333,1.0,0.846154,0.0,0.266667,0.366667,0.633333,60,22,38,0.133333
0.75,0.0,,0.02,2,22,30,0,8,0.866667,1.0,0.733333,1.0,0.846154,0.0,0.266667,0.366667,0.633333,60,22,38,0.133333
0.75,0.0,,0.025,2,22,30,0,8,0.866667,1.0,0.733333,1.0,0.846154,0.0,0.266667,0.366667,0.633333,60,22,38,0.133333
0.75,0.0,0.65,0.015,2,22,30,0,8,0.866667,1.0,0.733333,1.0,0.846154,0.0,0.266667,0.366667,0.633333,60,22,38,0.133333
0.75,0.0,0.65,0.02,2,22,30,0,8,0.866667,1.0,0.733333,1.0,0.846154,0.0,0.266667,0.366667,0.633333,60,22,38,0.133333
0.75,0.0,0.65,0.025,2,22,30,0,8,0.866667,1.0,0.733333,1.0,0.846154,0.0,0.266667,0.366667,0.633333,60,22,38,0.133333
0.75,0.0,0.7,0.015,2,22,30,0,8,0.866667,1.0,0.733333,1.0,0.846154,0.0,0.266667,0.366667,0.633333,60,22,38,0.133333
0.75,0.0,0.7,0.02,2,22,30,0,8,0.866667,1.0,0.733333,1.0,0.846154,0.0,0.266667,0.366667,0.633333,60,22,38,0.133333
0.75,0.0,0.7,0.025,2,22,30,0,8,0.866667,1.0,0.733333,1.0,0.846154,0.0,0.266667,0.366667,0.633333,60,22,38,0.133333
0.75,0.0,0.75,,2,22,30,0,8,0.866667,1.0,0.733333,1.0,0.846154,0.0,0.266667,0.366667,0.633333,60,22,38,0.133333
0.75,0.0,0.75,0.015,2,22,30,0,8,0.866667,1.0,0.733333,1.0,0.846154,0.0,0.266667,0.366667,0.633333,60,22,38,0.133333
0.75,0.0,0.75,0.02,2,22,30,0,8,0.866667,1.0,0.733333,1.0,0.846154,0.0,0.266667,0.366667,0.633333,60,22,38,0.133333
0.75,0.0,0.75,0.025,2,22,30,0,8,0.866667,1.0,0.733333,1.0,0.846154,0.0,0.266667,0.366667,0.633333,60,22,38,0.133333
0.75,0.0,0.8,,2,22,30,0,8,0.866667,1.0,0.733333,1.0,0.846154,0.0,0.266667,0.366667,0.633333,60,22,38,0.133333
0.75,0.0,0.8,0.015,2,22,30,0,8,0.866667,1.0,0.733333,1.0,0.846154,0.0,0.266667,0.366667,0.633333,60,22,38,0.133333
0.75,0.0,0.8,0.02,2,22,30,0,8,0.866667,1.0,0.733333,1.0,0.846154,0.0,0.266667,0.366667,0.633333,60,22,38,0.133333
0.75,0.0,0.8,0.025,2,22,30,0,8,0.866667,1.0,0.733333,1.0,0.846154,0.0,0.266667,0.366667,0.633333,60,22,38,0.133333
0.75,0.0,0.85,0.03,0,22,30,0,8,0.866667,1.0,0.733333,1.0,0.846154,0.0,0.266667,0.366667,0.633333,60,22,38,0.133333
0.75,0.0,0.85,0.03,1,22,30,0,8,0.866667,1.0,0.733333,1.0,0.846154,0.0,0.266667,0.366667,0.633333,60,22,38,0.133333
0.8,0.0,0.85,,0,22,30,0,8,0.866667,1.0,0.733333,1.0,0.846154,0.0,0.266667,0.366667,0.633333,60,22,38,0.133333
0.8,0.0,0.85,,1,22,30,0,8,0.866667,1.0,0.733333,1.0,0.846154,0.0,0.266667,0.366667,0.633333,60,22,38,0.133333
0.8,0.0,0.85,0.015,0,22,30,0,8,0.866667,1.0,0.733333,1.0,0.846154,0.0,0.266667,0.366667,0.633333,60,22,38,0.133333
0.8,0.0,0.85,0.015,1,22,30,0,8,0.866667,1.0,0.733333,1.0,0.846154,0.0,0.266667,0.366667,0.633333,60,22,38,0.133333
0.8,0.0,0.85,0.02,0,22,30,0,8,0.866667,1.0,0.733333,1.0,0.846154,0.0,0.266667,0.366667,0.633333,60,22,38,0.133333
0.8,0.0,0.85,0.02,1,22,30,0,8,0.866667,1.0,0.733333,1.0,0.846154,0.0,0.266667,0.366667,0.633333,60,22,38,0.133333
0.8,0.0,0.85,0.025,0,22,30,0,8,0.866667,1.0,0.733333,1.0,0.846154,0.0,0.266667,0.366667,0.633333,60,22,38,0.133333
0.8,0.0,0.85,0.025,1,22,30,0,8,0.866667,1.0,0.733333,1.0,0.846154,0.0,0.266667,0.366667,0.633333,60,22,38,0.133333
0.8,0.0,0.85,0.03,0,22,30,0,8,0.866667,1.0,0.733333,1.0,0.846154,0.0,0.266667,0.366667,0.633333,60,22,38,0.133333
0.8,0.0,0.85,0.03,1,22,30,0,8,0.866667,1.0,0.733333,1.0,0.846154,0.0,0.266667,0.366667,0.633333,60,22,38,0.133333
0.75,0.02,,0.015,0,21,30,0,9,0.85,1.0,0.7,1.0,0.823529,0.0,0.3,0.35,0.65,60,21,39,0.15
0.75,0.02,,0.015,1,21,30,0,9,0.85,1.0,0.7,1.0,0.823529,0.0,0.3,0.35,0.65,60,21,39,0.15
0.75,0.02,,0.02,0,21,30,0,9,0.85,1.0,0.7,1.0,0.823529,0.0,0.3,0.35,0.65,60,21,39,0.15
0.75,0.02,,0.02,1,21,30,0,9,0.85,1.0,0.7,1.0,0.823529,0.0,0.3,0.35,0.65,60,21,39,0.15
0.75,0.02,,0.025,0,21,30,0,9,0.85,1.0,0.7,1.0,0.823529,0.0,0.3,0.35,0.65,60,21,39,0.15
0.75,0.02,,0.025,1,21,30,0,9,0.85,1.0,0.7,1.0,0.823529,0.0,0.3,0.35,0.65,60,21,39,0.15
0.75,0.02,0.65,0.015,0,21,30,0,9,0.85,1.0,0.7,1.0,0.823529,0.0,0.3,0.35,0.65,60,21,39,0.15
0.75,0.02,0.65,0.015,1,21,30,0,9,0.85,1.0,0.7,1.0,0.823529,0.0,0.3,0.35,0.65,60,21,39,0.15
0.75,0.02,0.65,0.02,0,21,30,0,9,0.85,1.0,0.7,1.0,0.823529,0.0,0.3,0.35,0.65,60,21,39,0.15
0.75,0.02,0.65,0.02,1,21,30,0,9,0.85,1.0,0.7,1.0,0.823529,0.0,0.3,0.35,0.65,60,21,39,0.15
0.75,0.02,0.65,0.025,0,21,30,0,9,0.85,1.0,0.7,1.0,0.823529,0.0,0.3,0.35,0.65,60,21,39,0.15
0.75,0.02,0.65,0.025,1,21,30,0,9,0.85,1.0,0.7,1.0,0.823529,0.0,0.3,0.35,0.65,60,21,39,0.15
0.75,0.02,0.7,0.015,0,21,30,0,9,0.85,1.0,0.7,1.0,0.823529,0.0,0.3,0.35,0.65,60,21,39,0.15
0.75,0.02,0.7,0.015,1,21,30,0,9,0.85,1.0,0.7,1.0,0.823529,0.0,0.3,0.35,0.65,60,21,39,0.15
0.75,0.02,0.7,0.02,0,21,30,0,9,0.85,1.0,0.7,1.0,0.823529,0.0,0.3,0.35,0.65,60,21,39,0.15
0.75,0.02,0.7,0.02,1,21,30,0,9,0.85,1.0,0.7,1.0,0.823529,0.0,0.3,0.35,0.65,60,21,39,0.15
0.75,0.02,0.7,0.025,0,21,30,0,9,0.85,1.0,0.7,1.0,0.823529,0.0,0.3,0.35,0.65,60,21,39,0.15
0.75,0.02,0.7,0.025,1,21,30,0,9,0.85,1.0,0.7,1.0,0.823529,0.0,0.3,0.35,0.65,60,21,39,0.15
0.75,0.02,0.75,,0,21,30,0,9,0.85,1.0,0.7,1.0,0.823529,0.0,0.3,0.35,0.65,60,21,39,0.15
0.75,0.02,0.75,,1,21,30,0,9,0.85,1.0,0.7,1.0,0.823529,0.0,0.3,0.35,0.65,60,21,39,0.15
0.75,0.02,0.75,0.015,0,21,30,0,9,0.85,1.0,0.7,1.0,0.823529,0.0,0.3,0.35,0.65,60,21,39,0.15
0.75,0.02,0.75,0.015,1,21,30,0,9,0.85,1.0,0.7,1.0,0.823529,0.0,0.3,0.35,0.65,60,21,39,0.15
0.75,0.02,0.75,0.02,0,21,30,0,9,0.85,1.0,0.7,1.0,0.823529,0.0,0.3,0.35,0.65,60,21,39,0.15
0.75,0.02,0.75,0.02,1,21,30,0,9,0.85,1.0,0.7,1.0,0.823529,0.0,0.3,0.35,0.65,60,21,39,0.15
0.75,0.02,0.75,0.025,0,21,30,0,9,0.85,1.0,0.7,1.0,0.823529,0.0,0.3,0.35,0.65,60,21,39,0.15
0.75,0.02,0.75,0.025,1,21,30,0,9,0.85,1.0,0.7,1.0,0.823529,0.0,0.3,0.35,0.65,60,21,39,0.15
0.75,0.02,0.8,,0,21,30,0,9,0.85,1.0,0.7,1.0,0.823529,0.0,0.3,0.35,0.65,60,21,39,0.15
0.75,0.02,0.8,,1,21,30,0,9,0.85,1.0,0.7,1.0,0.823529,0.0,0.3,0.35,0.65,60,21,39,0.15
0.75,0.02,0.8,0.015,0,21,30,0,9,0.85,1.0,0.7,1.0,0.823529,0.0,0.3,0.35,0.65,60,21,39,0.15
0.75,0.02,0.8,0.015,1,21,30,0,9,0.85,1.0,0.7,1.0,0.823529,0.0,0.3,0.35,0.65,60,21,39,0.15
0.75,0.02,0.8,0.02,0,21,30,0,9,0.85,1.0,0.7,1.0,0.823529,0.0,0.3,0.35,0.65,60,21,39,0.15
0.75,0.02,0.8,0.02,1,21,30,0,9,0.85,1.0,0.7,1.0,0.823529,0.0,0.3,0.35,0.65,60,21,39,0.15
0.75,0.02,0.8,0.025,0,21,30,0,9,0.85,1.0,0.7,1.0,0.823529,0.0,0.3,0.35,0.65,60,21,39,0.15
0.75,0.02,0.8,0.025,1,21,30,0,9,0.85,1.0,0.7,1.0,0.823529,0.0,0.3,0.35,0.65,60,21,39,0.15
0.8,0.0,,0.015,2,21,30,0,9,0.85,1.0,0.7,1.0,0.823529,0.0,0.3,0.35,0.65,60,21,39,0.15
0.8,0.0,,0.02,2,21,30,0,9,0.85,1.0,0.7,1.0,0.823529,0.0,0.3,0.35,0.65,60,21,39,0.15
0.8,0.0,,0.025,2,21,30,0,9,0.85,1.0,0.7,1.0,0.823529,0.0,0.3,0.35,0.65,60,21,39,0.15
0.8,0.0,0.65,0.015,2,21,30,0,9,0.85,1.0,0.7,1.0,0.823529,0.0,0.3,0.35,0.65,60,21,39,0.15
0.8,0.0,0.65,0.02,2,21,30,0,9,0.85,1.0,0.7,1.0,0.823529,0.0,0.3,0.35,0.65,60,21,39,0.15
0.8,0.0,0.65,0.025,2,21,30,0,9,0.85,1.0,0.7,1.0,0.823529,0.0,0.3,0.35,0.65,60,21,39,0.15
0.8,0.0,0.7,0.015,2,21,30,0,9,0.85,1.0,0.7,1.0,0.823529,0.0,0.3,0.35,0.65,60,21,39,0.15
0.8,0.0,0.7,0.02,2,21,30,0,9,0.85,1.0,0.7,1.0,0.823529,0.0,0.3,0.35,0.65,60,21,39,0.15
0.8,0.0,0.7,0.025,2,21,30,0,9,0.85,1.0,0.7,1.0,0.823529,0.0,0.3,0.35,0.65,60,21,39,0.15
0.8,0.0,0.75,,2,21,30,0,9,0.85,1.0,0.7,1.0,0.823529,0.0,0.3,0.35,0.65,60,21,39,0.15
0.8,0.0,0.75,0.015,2,21,30,0,9,0.85,1.0,0.7,1.0,0.823529,0.0,0.3,0.35,0.65,60,21,39,0.15
0.8,0.0,0.75,0.02,2,21,30,0,9,0.85,1.0,0.7,1.0,0.823529,0.0,0.3,0.35,0.65,60,21,39,0.15
0.8,0.0,0.75,0.025,2,21,30,0,9,0.85,1.0,0.7,1.0,0.823529,0.0,0.3,0.35,0.65,60,21,39,0.15
0.8,0.0,0.8,,2,21,30,0,9,0.85,1.0,0.7,1.0,0.823529,0.0,0.3,0.35,0.65,60,21,39,0.15
0.8,0.0,0.8,0.015,2,21,30,0,9,0.85,1.0,0.7,1.0,0.823529,0.0,0.3,0.35,0.65,60,21,39,0.15
0.8,0.0,0.8,0.02,2,21,30,0,9,0.85,1.0,0.7,1.0,0.823529,0.0,0.3,0.35,0.65,60,21,39,0.15
0.8,0.0,0.8,0.025,2,21,30,0,9,0.85,1.0,0.7,1.0,0.823529,0.0,0.3,0.35,0.65,60,21,39,0.15
0.85,0.0,0.85,,0,21,30,0,9,0.85,1.0,0.7,1.0,0.823529,0.0,0.3,0.35,0.65,60,21,39,0.15
0.85,0.0,0.85,,1,21,30,0,9,0.85,1.0,0.7,1.0,0.823529,0.0,0.3,0.35,0.65,60,21,39,0.15
0.85,0.0,0.85,0.015,0,21,30,0,9,0.85,1.0,0.7,1.0,0.823529,0.0,0.3,0.35,0.65,60,21,39,0.15
0.85,0.0,0.85,0.015,1,21,30,0,9,0.85,1.0,0.7,1.0,0.823529,0.0,0.3,0.35,0.65,60,21,39,0.15
0.85,0.0,0.85,0.02,0,21,30,0,9,0.85,1.0,0.7,1.0,0.823529,0.0,0.3,0.35,0.65,60,21,39,0.15
0.85,0.0,0.85,0.02,1,21,30,0,9,0.85,1.0,0.7,1.0,0.823529,0.0,0.3,0.35,0.65,60,21,39,0.15
0.85,0.0,0.85,0.025,0,21,30,0,9,0.85,1.0,0.7,1.0,0.823529,0.0,0.3,0.35,0.65,60,21,39,0.15
0.85,0.0,0.85,0.025,1,21,30,0,9,0.85,1.0,0.7,1.0,0.823529,0.0,0.3,0.35,0.65,60,21,39,0.15
0.85,0.0,0.85,0.03,0,21,30,0,9,0.85,1.0,0.7,1.0,0.823529,0.0,0.3,0.35,0.65,60,21,39,0.15
0.85,0.0,0.85,0.03,1,21,30,0,9,0.85,1.0,0.7,1.0,0.823529,0.0,0.3,0.35,0.65,60,21,39,0.15
0.9,0.0,0.85,,0,21,30,0,9,0.85,1.0,0.7,1.0,0.823529,0.0,0.3,0.35,0.65,60,21,39,0.15
0.9,0.0,0.85,,1,21,30,0,9,0.85,1.0,0.7,1.0,0.823529,0.0,0.3,0.35,0.65,60,21,39,0.15
0.9,0.0,0.85,0.015,0,21,30,0,9,0.85,1.0,0.7,1.0,0.823529,0.0,0.3,0.35,0.65,60,21,39,0.15
0.9,0.0,0.85,0.015,1,21,30,0,9,0.85,1.0,0.7,1.0,0.823529,0.0,0.3,0.35,0.65,60,21,39,0.15
0.9,0.0,0.85,0.02,0,21,30,0,9,0.85,1.0,0.7,1.0,0.823529,0.0,0.3,0.35,0.65,60,21,39,0.15
0.9,0.0,0.85,0.02,1,21,30,0,9,0.85,1.0,0.7,1.0,0.823529,0.0,0.3,0.35,0.65,60,21,39,0.15
0.9,0.0,0.85,0.025,0,21,30,0,9,0.85,1.0,0.7,1.0,0.823529,0.0,0.3,0.35,0.65,60,21,39,0.15
0.9,0.0,0.85,0.025,1,21,30,0,9,0.85,1.0,0.7,1.0,0.823529,0.0,0.3,0.35,0.65,60,21,39,0.15
0.9,0.0,0.85,0.03,0,21,30,0,9,0.85,1.0,0.7,1.0,0.823529,0.0,0.3,0.35,0.65,60,21,39,0.15
0.9,0.0,0.85,0.03,1,21,30,0,9,0.85,1.0,0.7,1.0,0.823529,0.0,0.3,0.35,0.65,60,21,39,0.15
0.95,0.0,,0.015,0,21,30,0,9,0.85,1.0,0.7,1.0,0.823529,0.0,0.3,0.35,0.65,60,21,39,0.15
0.95,0.0,,0.015,1,21,30,0,9,0.85,1.0,0.7,1.0,0.823529,0.0,0.3,0.35,0.65,60,21,39,0.15
0.95,0.0,,0.02,0,21,30,0,9,0.85,1.0,0.7,1.0,0.823529,0.0,0.3,0.35,0.65,60,21,39,0.15
0.95,0.0,,0.02,1,21,30,0,9,0.85,1.0,0.7,1.0,0.823529,0.0,0.3,0.35,0.65,60,21,39,0.15
0.95,0.0,,0.025,0,21,30,0,9,0.85,1.0,0.7,1.0,0.823529,0.0,0.3,0.35,0.65,60,21,39,0.15
0.95,0.0,,0.025,1,21,30,0,9,0.85,1.0,0.7,1.0,0.823529,0.0,0.3,0.35,0.65,60,21,39,0.15
0.95,0.0,0.65,0.015,0,21,30,0,9,0.85,1.0,0.7,1.0,0.823529,0.0,0.3,0.35,0.65,60,21,39,0.15
0.95,0.0,0.65,0.015,1,21,30,0,9,0.85,1.0,0.7,1.0,0.823529,0.0,0.3,0.35,0.65,60,21,39,0.15
0.95,0.0,0.65,0.02,0,21,30,0,9,0.85,1.0,0.7,1.0,0.823529,0.0,0.3,0.35,0.65,60,21,39,0.15
0.95,0.0,0.65,0.02,1,21,30,0,9,0.85,1.0,0.7,1.0,0.823529,0.0,0.3,0.35,0.65,60,21,39,0.15
0.95,0.0,0.65,0.025,0,21,30,0,9,0.85,1.0,0.7,1.0,0.823529,0.0,0.3,0.35,0.65,60,21,39,0.15
0.95,0.0,0.65,0.025,1,21,30,0,9,0.85,1.0,0.7,1.0,0.823529,0.0,0.3,0.35,0.65,60,21,39,0.15
0.95,0.0,0.7,0.015,0,21,30,0,9,0.85,1.0,0.7,1.0,0.823529,0.0,0.3,0.35,0.65,60,21,39,0.15
0.95,0.0,0.7,0.015,1,21,30,0,9,0.85,1.0,0.7,1.0,0.823529,0.0,0.3,0.35,0.65,60,21,39,0.15
0.95,0.0,0.7,0.02,0,21,30,0,9,0.85,1.0,0.7,1.0,0.823529,0.0,0.3,0.35,0.65,60,21,39,0.15
0.95,0.0,0.7,0.02,1,21,30,0,9,0.85,1.0,0.7,1.0,0.823529,0.0,0.3,0.35,0.65,60,21,39,0.15
0.95,0.0,0.7,0.025,0,21,30,0,9,0.85,1.0,0.7,1.0,0.823529,0.0,0.3,0.35,0.65,60,21,39,0.15
0.95,0.0,0.7,0.025,1,21,30,0,9,0.85,1.0,0.7,1.0,0.823529,0.0,0.3,0.35,0.65,60,21,39,0.15
0.95,0.0,0.75,,0,21,30,0,9,0.85,1.0,0.7,1.0,0.823529,0.0,0.3,0.35,0.65,60,21,39,0.15
0.95,0.0,0.75,,1,21,30,0,9,0.85,1.0,0.7,1.0,0.823529,0.0,0.3,0.35,0.65,60,21,39,0.15
0.95,0.0,0.75,0.015,0,21,30,0,9,0.85,1.0,0.7,1.0,0.823529,0.0,0.3,0.35,0.65,60,21,39,0.15
0.95,0.0,0.75,0.015,1,21,30,0,9,0.85,1.0,0.7,1.0,0.823529,0.0,0.3,0.35,0.65,60,21,39,0.15
0.95,0.0,0.75,0.02,0,21,30,0,9,0.85,1.0,0.7,1.0,0.823529,0.0,0.3,0.35,0.65,60,21,39,0.15
0.95,0.0,0.75,0.02,1,21,30,0,9,0.85,1.0,0.7,1.0,0.823529,0.0,0.3,0.35,0.65,60,21,39,0.15
0.95,0.0,0.75,0.025,0,21,30,0,9,0.85,1.0,0.7,1.0,0.823529,0.0,0.3,0.35,0.65,60,21,39,0.15
0.95,0.0,0.75,0.025,1,21,30,0,9,0.85,1.0,0.7,1.0,0.823529,0.0,0.3,0.35,0.65,60,21,39,0.15
0.95,0.0,0.8,,0,21,30,0,9,0.85,1.0,0.7,1.0,0.823529,0.0,0.3,0.35,0.65,60,21,39,0.15
0.95,0.0,0.8,,1,21,30,0,9,0.85,1.0,0.7,1.0,0.823529,0.0,0.3,0.35,0.65,60,21,39,0.15
0.95,0.0,0.8,0.015,0,21,30,0,9,0.85,1.0,0.7,1.0,0.823529,0.0,0.3,0.35,0.65,60,21,39,0.15
0.95,0.0,0.8,0.015,1,21,30,0,9,0.85,1.0,0.7,1.0,0.823529,0.0,0.3,0.35,0.65,60,21,39,0.15
0.95,0.0,0.8,0.02,0,21,30,0,9,0.85,1.0,0.7,1.0,0.823529,0.0,0.3,0.35,0.65,60,21,39,0.15
0.95,0.0,0.8,0.02,1,21,30,0,9,0.85,1.0,0.7,1.0,0.823529,0.0,0.3,0.35,0.65,60,21,39,0.15
0.95,0.0,0.8,0.025,0,21,30,0,9,0.85,1.0,0.7,1.0,0.823529,0.0,0.3,0.35,0.65,60,21,39,0.15
0.95,0.0,0.8,0.025,1,21,30,0,9,0.85,1.0,0.7,1.0,0.823529,0.0,0.3,0.35,0.65,60,21,39,0.15
0.3,0.0,,,3,20,30,0,10,0.833333,1.0,0.666667,1.0,0.8,0.0,0.333333,0.333333,0.666667,60,20,40,0.166666
0.3,0.0,,0.015,3,20,30,0,10,0.833333,1.0,0.666667,1.0,0.8,0.0,0.333333,0.333333,0.666667,60,20,40,0.166666
0.3,0.0,,0.02,3,20,30,0,10,0.833333,1.0,0.666667,1.0,0.8,0.0,0.333333,0.333333,0.666667,60,20,40,0.166666
0.3,0.0,,0.025,3,20,30,0,10,0.833333,1.0,0.666667,1.0,0.8,0.0,0.333333,0.333333,0.666667,60,20,40,0.166666
0.3,0.0,,0.03,2,20,30,0,10,0.833333,1.0,0.666667,1.0,0.8,0.0,0.333333,0.333333,0.666667,60,20,40,0.166666
0.3,0.0,0.65,,3,20,30,0,10,0.833333,1.0,0.666667,1.0,0.8,0.0,0.333333,0.333333,0.666667,60,20,40,0.166666
0.3,0.0,0.65,0.015,3,20,30,0,10,0.833333,1.0,0.666667,1.0,0.8,0.0,0.333333,0.333333,0.666667,60,20,40,0.166666
0.3,0.0,0.65,0.02,3,20,30,0,10,0.833333,1.0,0.666667,1.0,0.8,0.0,0.333333,0.333333,0.666667,60,20,40,0.166666
0.3,0.0,0.65,0.025,3,20,30,0,10,0.833333,1.0,0.666667,1.0,0.8,0.0,0.333333,0.333333,0.666667,60,20,40,0.166666
0.3,0.0,0.65,0.03,2,20,30,0,10,0.833333,1.0,0.666667,1.0,0.8,0.0,0.333333,0.333333,0.666667,60,20,40,0.166666
0.3,0.0,0.7,,3,20,30,0,10,0.833333,1.0,0.666667,1.0,0.8,0.0,0.333333,0.333333,0.666667,60,20,40,0.166666
0.3,0.0,0.7,0.015,3,20,30,0,10,0.833333,1.0,0.666667,1.0,0.8,0.0,0.333333,0.333333,0.666667,60,20,40,0.166666
0.3,0.0,0.7,0.02,3,20,30,0,10,0.833333,1.0,0.666667,1.0,0.8,0.0,0.333333,0.333333,0.666667,60,20,40,0.166666
0.3,0.0,0.7,0.025,3,20,30,0,10,0.833333,1.0,0.666667,1.0,0.8,0.0,0.333333,0.333333,0.666667,60,20,40,0.166666
0.3,0.0,0.7,0.03,2,20,30,0,10,0.833333,1.0,0.666667,1.0,0.8,0.0,0.333333,0.333333,0.666667,60,20,40,0.166666
0.3,0.0,0.75,,3,20,30,0,10,0.833333,1.0,0.666667,1.0,0.8,0.0,0.333333,0.333333,0.666667,60,20,40,0.166666
0.3,0.0,0.75,0.015,3,20,30,0,10,0.833333,1.0,0.666667,1.0,0.8,0.0,0.333333,0.333333,0.666667,60,20,40,0.166666
0.3,0.0,0.75,0.02,3,20,30,0,10,0.833333,1.0,0.666667,1.0,0.8,0.0,0.333333,0.333333,0.666667,60,20,40,0.166666
0.3,0.0,0.75,0.025,3,20,30,0,10,0.833333,1.0,0.666667,1.0,0.8,0.0,0.333333,0.333333,0.666667,60,20,40,0.166666
0.3,0.0,0.75,0.03,2,20,30,0,10,0.833333,1.0,0.666667,1.0,0.8,0.0,0.333333,0.333333,0.666667,60,20,40,0.166666
0.3,0.0,0.8,,3,20,30,0,10,0.833333,1.0,0.666667,1.0,0.8,0.0,0.333333,0.333333,0.666667,60,20,40,0.166666
0.3,0.0,0.8,0.015,3,20,30,0,10,0.833333,1.0,0.666667,1.0,0.8,0.0,0.333333,0.333333,0.666667,60,20,40,0.166666
0.3,0.0,0.8,0.02,3,20,30,0,10,0.833333,1.0,0.666667,1.0,0.8,0.0,0.333333,0.333333,0.666667,60,20,40,0.166666
0.3,0.0,0.8,0.025,3,20,30,0,10,0.833333,1.0,0.666667,1.0,0.8,0.0,0.333333,0.333333,0.666667,60,20,40,0.166666
0.3,0.0,0.8,0.03,2,20,30,0,10,0.833333,1.0,0.666667,1.0,0.8,0.0,0.333333,0.333333,0.666667,60,20,40,0.166666
0.3,0.0,0.85,,2,20,30,0,10,0.833333,1.0,0.666667,1.0,0.8,0.0,0.333333,0.333333,0.666667,60,20,40,0.166666
0.3,0.0,0.85,0.015,2,20,30,0,10,0.833333,1.0,0.666667,1.0,0.8,0.0,0.333333,0.333333,0.666667,60,20,40,0.166666
0.3,0.0,0.85,0.02,2,20,30,0,10,0.833333,1.0,0.666667,1.0,0.8,0.0,0.333333,0.333333,0.666667,60,20,40,0.166666
0.3,0.0,0.85,0.025,2,20,30,0,10,0.833333,1.0,0.666667,1.0,0.8,0.0,0.333333,0.333333,0.666667,60,20,40,0.166666
0.3,0.05,,0.015,0,20,30,0,10,0.833333,1.0,0.666667,1.0,0.8,0.0,0.333333,0.333333,0.666667,60,20,40,0.166666
0.3,0.05,,0.015,1,20,30,0,10,0.833333,1.0,0.666667,1.0,0.8,0.0,0.333333,0.333333,0.666667,60,20,40,0.166666
0.3,0.05,,0.02,0,20,30,0,10,0.833333,1.0,0.666667,1.0,0.8,0.0,0.333333,0.333333,0.666667,60,20,40,0.166666
0.3,0.05,,0.02,1,20,30,0,10,0.833333,1.0,0.666667,1.0,0.8,0.0,0.333333,0.333333,0.666667,60,20,40,0.166666
0.3,0.05,,0.025,0,20,30,0,10,0.833333,1.0,0.666667,1.0,0.8,0.0,0.333333,0.333333,0.666667,60,20,40,0.166666
0.3,0.05,,0.025,1,20,30,0,10,0.833333,1.0,0.666667,1.0,0.8,0.0,0.333333,0.333333,0.666667,60,20,40,0.166666
0.3,0.05,0.65,0.015,0,20,30,0,10,0.833333,1.0,0.666667,1.0,0.8,0.0,0.333333,0.333333,0.666667,60,20,40,0.166666
0.3,0.05,0.65,0.015,1,20,30,0,10,0.833333,1.0,0.666667,1.0,0.8,0.0,0.333333,0.333333,0.666667,60,20,40,0.166666
0.3,0.05,0.65,0.02,0,20,30,0,10,0.833333,1.0,0.666667,1.0,0.8,0.0,0.333333,0.333333,0.666667,60,20,40,0.166666
0.3,0.05,0.65,0.02,1,20,30,0,10,0.833333,1.0,0.666667,1.0,0.8,0.0,0.333333,0.333333,0.666667,60,20,40,0.166666
0.3,0.05,0.65,0.025,0,20,30,0,10,0.833333,1.0,0.666667,1.0,0.8,0.0,0.333333,0.333333,0.666667,60,20,40,0.166666
0.3,0.05,0.65,0.025,1,20,30,0,10,0.833333,1.0,0.666667,1.0,0.8,0.0,0.333333,0.333333,0.666667,60,20,40,0.166666
0.3,0.05,0.7,0.015,0,20,30,0,10,0.833333,1.0,0.666667,1.0,0.8,0.0,0.333333,0.333333,0.666667,60,20,40,0.166666
0.3,0.05,0.7,0.015,1,20,30,0,10,0.833333,1.0,0.666667,1.0,0.8,0.0,0.333333,0.333333,0.666667,60,20,40,0.166666
0.3,0.05,0.7,0.02,0,20,30,0,10,0.833333,1.0,0.666667,1.0,0.8,0.0,0.333333,0.333333,0.666667,60,20,40,0.166666
0.3,0.05,0.7,0.02,1,20,30,0,10,0.833333,1.0,0.666667,1.0,0.8,0.0,0.333333,0.333333,0.666667,60,20,40,0.166666
0.3,0.05,0.7,0.025,0,20,30,0,10,0.833333,1.0,0.666667,1.0,0.8,0.0,0.333333,0.333333,0.666667,60,20,40,0.166666
0.3,0.05,0.7,0.025,1,20,30,0,10,0.833333,1.0,0.666667,1.0,0.8,0.0,0.333333,0.333333,0.666667,60,20,40,0.166666
0.3,0.05,0.75,,0,20,30,0,10,0.833333,1.0,0.666667,1.0,0.8,0.0,0.333333,0.333333,0.666667,60,20,40,0.166666
0.3,0.05,0.75,,1,20,30,0,10,0.833333,1.0,0.666667,1.0,0.8,0.0,0.333333,0.333333,0.666667,60,20,40,0.166666
0.3,0.05,0.75,0.015,0,20,30,0,10,0.833333,1.0,0.666667,1.0,0.8,0.0,0.333333,0.333333,0.666667,60,20,40,0.166666
0.3,0.05,0.75,0.015,1,20,30,0,10,0.833333,1.0,0.666667,1.0,0.8,0.0,0.333333,0.333333,0.666667,60,20,40,0.166666
0.3,0.05,0.75,0.02,0,20,30,0,10,0.833333,1.0,0.666667,1.0,0.8,0.0,0.333333,0.333333,0.666667,60,20,40,0.166666
0.3,0.05,0.75,0.02,1,20,30,0,10,0.833333,1.0,0.666667,1.0,0.8,0.0,0.333333,0.333333,0.666667,60,20,40,0.166666
0.3,0.05,0.75,0.025,0,20,30,0,10,0.833333,1.0,0.666667,1.0,0.8,0.0,0.333333,0.333333,0.666667,60,20,40,0.166666
0.3,0.05,0.75,0.025,1,20,30,0,10,0.833333,1.0,0.666667,1.0,0.8,0.0,0.333333,0.333333,0.666667,60,20,40,0.166666
0.3,0.05,0.8,,0,20,30,0,10,0.833333,1.0,0.666667,1.0,0.8,0.0,0.333333,0.333333,0.666667,60,20,40,0.166666
0.3,0.05,0.8,,1,20,30,0,10,0.833333,1.0,0.666667,1.0,0.8,0.0,0.333333,0.333333,0.666667,60,20,40,0.166666
0.3,0.05,0.8,0.015,0,20,30,0,10,0.833333,1.0,0.666667,1.0,0.8,0.0,0.333333,0.333333,0.666667,60,20,40,0.166666
0.3,0.05,0.8,0.015,1,20,30,0,10,0.833333,1.0,0.666667,1.0,0.8,0.0,0.333333,0.333333,0.666667,60,20,40,0.166666
0.3,0.05,0.8,0.02,0,20,30,0,10,0.833333,1.0,0.666667,1.0,0.8,0.0,0.333333,0.333333,0.666667,60,20,40,0.166666
0.3,0.05,0.8,0.02,1,20,30,0,10,0.833333,1.0,0.666667,1.0,0.8,0.0,0.333333,0.333333,0.666667,60,20,40,0.166666
0.3,0.05,0.8,0.025,0,20,30,0,10,0.833333,1.0,0.666667,1.0,0.8,0.0,0.333333,0.333333,0.666667,60,20,40,0.166666
0.3,0.05,0.8,0.025,1,20,30,0,10,0.833333,1.0,0.666667,1.0,0.8,0.0,0.333333,0.333333,0.666667,60,20,40,0.166666
0.4,0.0,,,3,20,30,0,10,0.833333,1.0,0.666667,1.0,0.8,0.0,0.333333,0.333333,0.666667,60,20,40,0.166666
0.4,0.0,,0.015,3,20,30,0,10,0.833333,1.0,0.666667,1.0,0.8,0.0,0.333333,0.333333,0.666667,60,20,40,0.166666
0.4,0.0,,0.02,3,20,30,0,10,0.833333,1.0,0.666667,1.0,0.8,0.0,0.333333,0.333333,0.666667,60,20,40,0.166666
0.4,0.0,,0.025,3,20,30,0,10,0.833333,1.0,0.666667,1.0,0.8,0.0,0.333333,0.333333,0.666667,60,20,40,0.166666
0.4,0.0,,0.03,2,20,30,0,10,0.833333,1.0,0.666667,1.0,0.8,0.0,0.333333,0.333333,0.666667,60,20,40,0.166666
0.4,0.0,0.65,,3,20,30,0,10,0.833333,1.0,0.666667,1.0,0.8,0.0,0.333333,0.333333,0.666667,60,20,40,0.166666
0.4,0.0,0.65,0.015,3,20,30,0,10,0.833333,1.0,0.666667,1.0,0.8,0.0,0.333333,0.333333,0.666667,60,20,40,0.166666
0.4,0.0,0.65,0.02,3,20,30,0,10,0.833333,1.0,0.666667,1.0,0.8,0.0,0.333333,0.333333,0.666667,60,20,40,0.166666
0.4,0.0,0.65,0.025,3,20,30,0,10,0.833333,1.0,0.666667,1.0,0.8,0.0,0.333333,0.333333,0.666667,60,20,40,0.166666
0.4,0.0,0.65,0.03,2,20,30,0,10,0.833333,1.0,0.666667,1.0,0.8,0.0,0.333333,0.333333,0.666667,60,20,40,0.166666
0.4,0.0,0.7,,3,20,30,0,10,0.833333,1.0,0.666667,1.0,0.8,0.0,0.333333,0.333333,0.666667,60,20,40,0.166666
0.4,0.0,0.7,0.015,3,20,30,0,10,0.833333,1.0,0.666667,1.0,0.8,0.0,0.333333,0.333333,0.666667,60,20,40,0.166666
0.4,0.0,0.7,0.02,3,20,30,0,10,0.833333,1.0,0.666667,1.0,0.8,0.0,0.333333,0.333333,0.666667,60,20,40,0.166666
0.4,0.0,0.7,0.025,3,20,30,0,10,0.833333,1.0,0.666667,1.0,0.8,0.0,0.333333,0.333333,0.666667,60,20,40,0.166666
0.4,0.0,0.7,0.03,2,20,30,0,10,0.833333,1.0,0.666667,1.0,0.8,0.0,0.333333,0.333333,0.666667,60,20,40,0.166666
0.4,0.0,0.75,,3,20,30,0,10,0.833333,1.0,0.666667,1.0,0.8,0.0,0.333333,0.333333,0.666667,60,20,40,0.166666
0.4,0.0,0.75,0.015,3,20,30,0,10,0.833333,1.0,0.666667,1.0,0.8,0.0,0.333333,0.333333,0.666667,60,20,40,0.166666
0.4,0.0,0.75,0.02,3,20,30,0,10,0.833333,1.0,0.666667,1.0,0.8,0.0,0.333333,0.333333,0.666667,60,20,40,0.166666
0.4,0.0,0.75,0.025,3,20,30,0,10,0.833333,1.0,0.666667,1.0,0.8,0.0,0.333333,0.333333,0.666667,60,20,40,0.166666
0.4,0.0,0.75,0.03,2,20,30,0,10,0.833333,1.0,0.666667,1.0,0.8,0.0,0.333333,0.333333,0.666667,60,20,40,0.166666
0.4,0.0,0.8,,3,20,30,0,10,0.833333,1.0,0.666667,1.0,0.8,0.0,0.333333,0.333333,0.666667,60,20,40,0.166666
0.4,0.0,0.8,0.015,3,20,30,0,10,0.833333,1.0,0.666667,1.0,0.8,0.0,0.333333,0.333333,0.666667,60,20,40,0.166666
0.4,0.0,0.8,0.02,3,20,30,0,10,0.833333,1.0,0.666667,1.0,0.8,0.0,0.333333,0.333333,0.666667,60,20,40,0.166666
0.4,0.0,0.8,0.025,3,20,30,0,10,0.833333,1.0,0.666667,1.0,0.8,0.0,0.333333,0.333333,0.666667,60,20,40,0.166666
0.4,0.0,0.8,0.03,2,20,30,0,10,0.833333,1.0,0.666667,1.0,0.8,0.0,0.333333,0.333333,0.666667,60,20,40,0.166666
0.4,0.0,0.85,,2,20,30,0,10,0.833333,1.0,0.666667,1.0,0.8,0.0,0.333333,0.333333,0.666667,60,20,40,0.166666
0.4,0.0,0.85,0.015,2,20,30,0,10,0.833333,1.0,0.666667,1.0,0.8,0.0,0.333333,0.333333,0.666667,60,20,40,0.166666
0.4,0.0,0.85,0.02,2,20,30,0,10,0.833333,1.0,0.666667,1.0,0.8,0.0,0.333333,0.333333,0.666667,60,20,40,0.166666
0.4,0.0,0.85,0.025,2,20,30,0,10,0.833333,1.0,0.666667,1.0,0.8,0.0,0.333333,0.333333,0.666667,60,20,40,0.166666
0.4,0.05,,0.015,0,20,30,0,10,0.833333,1.0,0.666667,1.0,0.8,0.0,0.333333,0.333333,0.666667,60,20,40,0.166666
0.4,0.05,,0.015,1,20,30,0,10,0.833333,1.0,0.666667,1.0,0.8,0.0,0.333333,0.333333,0.666667,60,20,40,0.166666
0.4,0.05,,0.02,0,20,30,0,10,0.833333,1.0,0.666667,1.0,0.8,0.0,0.333333,0.333333,0.666667,60,20,40,0.166666
0.4,0.05,,0.02,1,20,30,0,10,0.833333,1.0,0.666667,1.0,0.8,0.0,0.333333,0.333333,0.666667,60,20,40,0.166666
0.4,0.05,,0.025,0,20,30,0,10,0.833333,1.0,0.666667,1.0,0.8,0.0,0.333333,0.333333,0.666667,60,20,40,0.166666
0.4,0.05,,0.025,1,20,30,0,10,0.833333,1.0,0.666667,1.0,0.8,0.0,0.333333,0.333333,0.666667,60,20,40,0.166666
0.4,0.05,0.65,0.015,0,20,30,0,10,0.833333,1.0,0.666667,1.0,0.8,0.0,0.333333,0.333333,0.666667,60,20,40,0.166666
0.4,0.05,0.65,0.015,1,20,30,0,10,0.833333,1.0,0.666667,1.0,0.8,0.0,0.333333,0.333333,0.666667,60,20,40,0.166666
0.4,0.05,0.65,0.02,0,20,30,0,10,0.833333,1.0,0.666667,1.0,0.8,0.0,0.333333,0.333333,0.666667,60,20,40,0.166666
0.4,0.05,0.65,0.02,1,20,30,0,10,0.833333,1.0,0.666667,1.0,0.8,0.0,0.333333,0.333333,0.666667,60,20,40,0.166666
0.4,0.05,0.65,0.025,0,20,30,0,10,0.833333,1.0,0.666667,1.0,0.8,0.0,0.333333,0.333333,0.666667,60,20,40,0.166666
0.4,0.05,0.65,0.025,1,20,30,0,10,0.833333,1.0,0.666667,1.0,0.8,0.0,0.333333,0.333333,0.666667,60,20,40,0.166666
0.4,0.05,0.7,0.015,0,20,30,0,10,0.833333,1.0,0.666667,1.0,0.8,0.0,0.333333,0.333333,0.666667,60,20,40,0.166666
0.4,0.05,0.7,0.015,1,20,30,0,10,0.833333,1.0,0.666667,1.0,0.8,0.0,0.333333,0.333333,0.666667,60,20,40,0.166666
0.4,0.05,0.7,0.02,0,20,30,0,10,0.833333,1.0,0.666667,1.0,0.8,0.0,0.333333,0.333333,0.666667,60,20,40,0.166666
0.4,0.05,0.7,0.02,1,20,30,0,10,0.833333,1.0,0.666667,1.0,0.8,0.0,0.333333,0.333333,0.666667,60,20,40,0.166666
0.4,0.05,0.7,0.025,0,20,30,0,10,0.833333,1.0,0.666667,1.0,0.8,0.0,0.333333,0.333333,0.666667,60,20,40,0.166666
0.4,0.05,0.7,0.025,1,20,30,0,10,0.833333,1.0,0.666667,1.0,0.8,0.0,0.333333,0.333333,0.666667,60,20,40,0.166666
0.4,0.05,0.75,,0,20,30,0,10,0.833333,1.0,0.666667,1.0,0.8,0.0,0.333333,0.333333,0.666667,60,20,40,0.166666
0.4,0.05,0.75,,1,20,30,0,10,0.833333,1.0,0.666667,1.0,0.8,0.0,0.333333,0.333333,0.666667,60,20,40,0.166666
0.4,0.05,0.75,0.015,0,20,30,0,10,0.833333,1.0,0.666667,1.0,0.8,0.0,0.333333,0.333333,0.666667,60,20,40,0.166666
0.4,0.05,0.75,0.015,1,20,30,0,10,0.833333,1.0,0.666667,1.0,0.8,0.0,0.333333,0.333333,0.666667,60,20,40,0.166666
0.4,0.05,0.75,0.02,0,20,30,0,10,0.833333,1.0,0.666667,1.0,0.8,0.0,0.333333,0.333333,0.666667,60,20,40,0.166666
0.4,0.05,0.75,0.02,1,20,30,0,10,0.833333,1.0,0.666667,1.0,0.8,0.0,0.333333,0.333333,0.666667,60,20,40,0.166666
0.4,0.05,0.75,0.025,0,20,30,0,10,0.833333,1.0,0.666667,1.0,0.8,0.0,0.333333,0.333333,0.666667,60,20,40,0.166666
0.4,0.05,0.75,0.025,1,20,30,0,10,0.833333,1.0,0.666667,1.0,0.8,0.0,0.333333,0.333333,0.666667,60,20,40,0.166666
0.4,0.05,0.8,,0,20,30,0,10,0.833333,1.0,0.666667,1.0,0.8,0.0,0.333333,0.333333,0.666667,60,20,40,0.166666
0.4,0.05,0.8,,1,20,30,0,10,0.833333,1.0,0.666667,1.0,0.8,0.0,0.333333,0.333333,0.666667,60,20,40,0.166666
0.4,0.05,0.8,0.015,0,20,30,0,10,0.833333,1.0,0.666667,1.0,0.8,0.0,0.333333,0.333333,0.666667,60,20,40,0.166666
0.4,0.05,0.8,0.015,1,20,30,0,10,0.833333,1.0,0.666667,1.0,0.8,0.0,0.333333,0.333333,0.666667,60,20,40,0.166666
0.4,0.05,0.8,0.02,0,20,30,0,10,0.833333,1.0,0.666667,1.0,0.8,0.0,0.333333,0.333333,0.666667,60,20,40,0.166666
0.4,0.05,0.8,0.02,1,20,30,0,10,0.833333,1.0,0.666667,1.0,0.8,0.0,0.333333,0.333333,0.666667,60,20,40,0.166666
0.4,0.05,0.8,0.025,0,20,30,0,10,0.833333,1.0,0.666667,1.0,0.8,0.0,0.333333,0.333333,0.666667,60,20,40,0.166666
0.4,0.05,0.8,0.025,1,20,30,0,10,0.833333,1.0,0.666667,1.0,0.8,0.0,0.333333,0.333333,0.666667,60,20,40,0.166666
0.5,0.0,,,3,20,30,0,10,0.833333,1.0,0.666667,1.0,0.8,0.0,0.333333,0.333333,0.666667,60,20,40,0.166666
0.5,0.0,,0.015,3,20,30,0,10,0.833333,1.0,0.666667,1.0,0.8,0.0,0.333333,0.333333,0.666667,60,20,40,0.166666
0.5,0.0,,0.02,3,20,30,0,10,0.833333,1.0,0.666667,1.0,0.8,0.0,0.333333,0.333333,0.666667,60,20,40,0.166666
0.5,0.0,,0.025,3,20,30,0,10,0.833333,1.0,0.666667,1.0,0.8,0.0,0.333333,0.333333,0.666667,60,20,40,0.166666
0.5,0.0,,0.03,2,20,30,0,10,0.833333,1.0,0.666667,1.0,0.8,0.0,0.333333,0.333333,0.666667,60,20,40,0.166666
0.5,0.0,0.65,,3,20,30,0,10,0.833333,1.0,0.666667,1.0,0.8,0.0,0.333333,0.333333,0.666667,60,20,40,0.166666
0.5,0.0,0.65,0.015,3,20,30,0,10,0.833333,1.0,0.666667,1.0,0.8,0.0,0.333333,0.333333,0.666667,60,20,40,0.166666
0.5,0.0,0.65,0.02,3,20,30,0,10,0.833333,1.0,0.666667,1.0,0.8,0.0,0.333333,0.333333,0.666667,60,20,40,0.166666
0.5,0.0,0.65,0.025,3,20,30,0,10,0.833333,1.0,0.666667,1.0,0.8,0.0,0.333333,0.333333,0.666667,60,20,40,0.166666
0.5,0.0,0.65,0.03,2,20,30,0,10,0.833333,1.0,0.666667,1.0,0.8,0.0,0.333333,0.333333,0.666667,60,20,40,0.166666
0.5,0.0,0.7,,3,20,30,0,10,0.833333,1.0,0.666667,1.0,0.8,0.0,0.333333,0.333333,0.666667,60,20,40,0.166666
0.5,0.0,0.7,0.015,3,20,30,0,10,0.833333,1.0,0.666667,1.0,0.8,0.0,0.333333,0.333333,0.666667,60,20,40,0.166666
0.5,0.0,0.7,0.02,3,20,30,0,10,0.833333,1.0,0.666667,1.0,0.8,0.0,0.333333,0.333333,0.666667,60,20,40,0.166666
0.5,0.0,0.7,0.025,3,20,30,0,10,0.833333,1.0,0.666667,1.0,0.8,0.0,0.333333,0.333333,0.666667,60,20,40,0.166666
0.5,0.0,0.7,0.03,2,20,30,0,10,0.833333,1.0,0.666667,1.0,0.8,0.0,0.333333,0.333333,0.666667,60,20,40,0.166666
0.5,0.0,0.75,,3,20,30,0,10,0.833333,1.0,0.666667,1.0,0.8,0.0,0.333333,0.333333,0.666667,60,20,40,0.166666
0.5,0.0,0.75,0.015,3,20,30,0,10,0.833333,1.0,0.666667,1.0,0.8,0.0,0.333333,0.333333,0.666667,60,20,40,0.166666
0.5,0.0,0.75,0.02,3,20,30,0,10,0.833333,1.0,0.666667,1.0,0.8,0.0,0.333333,0.333333,0.666667,60,20,40,0.166666
0.5,0.0,0.75,0.025,3,20,30,0,10,0.833333,1.0,0.666667,1.0,0.8,0.0,0.333333,0.333333,0.666667,60,20,40,0.166666
0.5,0.0,0.75,0.03,2,20,30,0,10,0.833333,1.0,0.666667,1.0,0.8,0.0,0.333333,0.333333,0.666667,60,20,40,0.166666
0.5,0.0,0.8,,3,20,30,0,10,0.833333,1.0,0.666667,1.0,0.8,0.0,0.333333,0.333333,0.666667,60,20,40,0.166666
0.5,0.0,0.8,0.015,3,20,30,0,10,0.833333,1.0,0.666667,1.0,0.8,0.0,0.333333,0.333333,0.666667,60,20,40,0.166666
0.5,0.0,0.8,0.02,3,20,30,0,10,0.833333,1.0,0.666667,1.0,0.8,0.0,0.333333,0.333333,0.666667,60,20,40,0.166666
0.5,0.0,0.8,0.025,3,20,30,0,10,0.833333,1.0,0.666667,1.0,0.8,0.0,0.333333,0.333333,0.666667,60,20,40,0.166666
0.5,0.0,0.8,0.03,2,20,30,0,10,0.833333,1.0,0.666667,1.0,0.8,0.0,0.333333,0.333333,0.666667,60,20,40,0.166666
0.5,0.0,0.85,,2,20,30,0,10,0.833333,1.0,0.666667,1.0,0.8,0.0,0.333333,0.333333,0.666667,60,20,40,0.166666
0.5,0.0,0.85,0.015,2,20,30,0,10,0.833333,1.0,0.666667,1.0,0.8,0.0,0.333333,0.333333,0.666667,60,20,40,0.166666
0.5,0.0,0.85,0.02,2,20,30,0,10,0.833333,1.0,0.666667,1.0,0.8,0.0,0.333333,0.333333,0.666667,60,20,40,0.166666
0.5,0.0,0.85,0.025,2,20,30,0,10,0.833333,1.0,0.666667,1.0,0.8,0.0,0.333333,0.333333,0.666667,60,20,40,0.166666
0.5,0.05,,0.015,0,20,30,0,10,0.833333,1.0,0.666667,1.0,0.8,0.0,0.333333,0.333333,0.666667,60,20,40,0.166666
0.5,0.05,,0.015,1,20,30,0,10,0.833333,1.0,0.666667,1.0,0.8,0.0,0.333333,0.333333,0.666667,60,20,40,0.166666
0.5,0.05,,0.02,0,20,30,0,10,0.833333,1.0,0.666667,1.0,0.8,0.0,0.333333,0.333333,0.666667,60,20,40,0.166666
0.5,0.05,,0.02,1,20,30,0,10,0.833333,1.0,0.666667,1.0,0.8,0.0,0.333333,0.333333,0.666667,60,20,40,0.166666
0.5,0.05,,0.025,0,20,30,0,10,0.833333,1.0,0.666667,1.0,0.8,0.0,0.333333,0.333333,0.666667,60,20,40,0.166666
0.5,0.05,,0.025,1,20,30,0,10,0.833333,1.0,0.666667,1.0,0.8,0.0,0.333333,0.333333,0.666667,60,20,40,0.166666
0.5,0.05,0.65,0.015,0,20,30,0,10,0.833333,1.0,0.666667,1.0,0.8,0.0,0.333333,0.333333,0.666667,60,20,40,0.166666
0.5,0.05,0.65,0.015,1,20,30,0,10,0.833333,1.0,0.666667,1.0,0.8,0.0,0.333333,0.333333,0.666667,60,20,40,0.166666
0.5,0.05,0.65,0.02,0,20,30,0,10,0.833333,1.0,0.666667,1.0,0.8,0.0,0.333333,0.333333,0.666667,60,20,40,0.166666
0.5,0.05,0.65,0.02,1,20,30,0,10,0.833333,1.0,0.666667,1.0,0.8,0.0,0.333333,0.333333,0.666667,60,20,40,0.166666
0.5,0.05,0.65,0.025,0,20,30,0,10,0.833333,1.0,0.666667,1.0,0.8,0.0,0.333333,0.333333,0.666667,60,20,40,0.166666
0.5,0.05,0.65,0.025,1,20,30,0,10,0.833333,1.0,0.666667,1.0,0.8,0.0,0.333333,0.333333,0.666667,60,20,40,0.166666
0.5,0.05,0.7,0.015,0,20,30,0,10,0.833333,1.0,0.666667,1.0,0.8,0.0,0.333333,0.333333,0.666667,60,20,40,0.166666
0.5,0.05,0.7,0.015,1,20,30,0,10,0.833333,1.0,0.666667,1.0,0.8,0.0,0.333333,0.333333,0.666667,60,20,40,0.166666
0.5,0.05,0.7,0.02,0,20,30,0,10,0.833333,1.0,0.666667,1.0,0.8,0.0,0.333333,0.333333,0.666667,60,20,40,0.166666
0.5,0.05,0.7,0.02,1,20,30,0,10,0.833333,1.0,0.666667,1.0,0.8,0.0,0.333333,0.333333,0.666667,60,20,40,0.166666
0.5,0.05,0.7,0.025,0,20,30,0,10,0.833333,1.0,0.666667,1.0,0.8,0.0,0.333333,0.333333,0.666667,60,20,40,0.166666
0.5,0.05,0.7,0.025,1,20,30,0,10,0.833333,1.0,0.666667,1.0,0.8,0.0,0.333333,0.333333,0.666667,60,20,40,0.166666
0.5,0.05,0.75,,0,20,30,0,10,0.833333,1.0,0.666667,1.0,0.8,0.0,0.333333,0.333333,0.666667,60,20,40,0.166666
0.5,0.05,0.75,,1,20,30,0,10,0.833333,1.0,0.666667,1.0,0.8,0.0,0.333333,0.333333,0.666667,60,20,40,0.166666
0.5,0.05,0.75,0.015,0,20,30,0,10,0.833333,1.0,0.666667,1.0,0.8,0.0,0.333333,0.333333,0.666667,60,20,40,0.166666
0.5,0.05,0.75,0.015,1,20,30,0,10,0.833333,1.0,0.666667,1.0,0.8,0.0,0.333333,0.333333,0.666667,60,20,40,0.166666
0.5,0.05,0.75,0.02,0,20,30,0,10,0.833333,1.0,0.666667,1.0,0.8,0.0,0.333333,0.333333,0.666667,60,20,40,0.166666
0.5,0.05,0.75,0.02,1,20,30,0,10,0.833333,1.0,0.666667,1.0,0.8,0.0,0.333333,0.333333,0.666667,60,20,40,0.166666
0.5,0.05,0.75,0.025,0,20,30,0,10,0.833333,1.0,0.666667,1.0,0.8,0.0,0.333333,0.333333,0.666667,60,20,40,0.166666
0.5,0.05,0.75,0.025,1,20,30,0,10,0.833333,1.0,0.666667,1.0,0.8,0.0,0.333333,0.333333,0.666667,60,20,40,0.166666
0.5,0.05,0.8,,0,20,30,0,10,0.833333,1.0,0.666667,1.0,0.8,0.0,0.333333,0.333333,0.666667,60,20,40,0.166666
0.5,0.05,0.8,,1,20,30,0,10,0.833333,1.0,0.666667,1.0,0.8,0.0,0.333333,0.333333,0.666667,60,20,40,0.166666
0.5,0.05,0.8,0.015,0,20,30,0,10,0.833333,1.0,0.666667,1.0,0.8,0.0,0.333333,0.333333,0.666667,60,20,40,0.166666
0.5,0.05,0.8,0.015,1,20,30,0,10,0.833333,1.0,0.666667,1.0,0.8,0.0,0.333333,0.333333,0.666667,60,20,40,0.166666
0.5,0.05,0.8,0.02,0,20,30,0,10,0.833333,1.0,0.666667,1.0,0.8,0.0,0.333333,0.333333,0.666667,60,20,40,0.166666
0.5,0.05,0.8,0.02,1,20,30,0,10,0.833333,1.0,0.666667,1.0,0.8,0.0,0.333333,0.333333,0.666667,60,20,40,0.166666
0.5,0.05,0.8,0.025,0,20,30,0,10,0.833333,1.0,0.666667,1.0,0.8,0.0,0.333333,0.333333,0.666667,60,20,40,0.166666
0.5,0.05,0.8,0.025,1,20,30,0,10,0.833333,1.0,0.666667,1.0,0.8,0.0,0.333333,0.333333,0.666667,60,20,40,0.166666
0.6,0.0,,,3,20,30,0,10,0.833333,1.0,0.666667,1.0,0.8,0.0,0.333333,0.333333,0.666667,60,20,40,0.166666
0.6,0.0,,0.015,3,20,30,0,10,0.833333,1.0,0.666667,1.0,0.8,0.0,0.333333,0.333333,0.666667,60,20,40,0.166666
0.6,0.0,,0.02,3,20,30,0,10,0.833333,1.0,0.666667,1.0,0.8,0.0,0.333333,0.333333,0.666667,60,20,40,0.166666
0.6,0.0,,0.025,3,20,30,0,10,0.833333,1.0,0.666667,1.0,0.8,0.0,0.333333,0.333333,0.666667,60,20,40,0.166666
0.6,0.0,,0.03,2,20,30,0,10,0.833333,1.0,0.666667,1.0,0.8,0.0,0.333333,0.333333,0.666667,60,20,40,0.166666
0.6,0.0,0.65,,3,20,30,0,10,0.833333,1.0,0.666667,1.0,0.8,0.0,0.333333,0.333333,0.666667,60,20,40,0.166666
0.6,0.0,0.65,0.015,3,20,30,0,10,0.833333,1.0,0.666667,1.0,0.8,0.0,0.333333,0.333333,0.666667,60,20,40,0.166666
0.6,0.0,0.65,0.02,3,20,30,0,10,0.833333,1.0,0.666667,1.0,0.8,0.0,0.333333,0.333333,0.666667,60,20,40,0.166666
0.6,0.0,0.65,0.025,3,20,30,0,10,0.833333,1.0,0.666667,1.0,0.8,0.0,0.333333,0.333333,0.666667,60,20,40,0.166666
0.6,0.0,0.65,0.03,2,20,30,0,10,0.833333,1.0,0.666667,1.0,0.8,0.0,0.333333,0.333333,0.666667,60,20,40,0.166666
0.6,0.0,0.7,,3,20,30,0,10,0.833333,1.0,0.666667,1.0,0.8,0.0,0.333333,0.333333,0.666667,60,20,40,0.166666
0.6,0.0,0.7,0.015,3,20,30,0,10,0.833333,1.0,0.666667,1.0,0.8,0.0,0.333333,0.333333,0.666667,60,20,40,0.166666
0.6,0.0,0.7,0.02,3,20,30,0,10,0.833333,1.0,0.666667,1.0,0.8,0.0,0.333333,0.333333,0.666667,60,20,40,0.166666
0.6,0.0,0.7,0.025,3,20,30,0,10,0.833333,1.0,0.666667,1.0,0.8,0.0,0.333333,0.333333,0.666667,60,20,40,0.166666
0.6,0.0,0.7,0.03,2,20,30,0,10,0.833333,1.0,0.666667,1.0,0.8,0.0,0.333333,0.333333,0.666667,60,20,40,0.166666
0.6,0.0,0.75,,3,20,30,0,10,0.833333,1.0,0.666667,1.0,0.8,0.0,0.333333,0.333333,0.666667,60,20,40,0.166666
0.6,0.0,0.75,0.015,3,20,30,0,10,0.833333,1.0,0.666667,1.0,0.8,0.0,0.333333,0.333333,0.666667,60,20,40,0.166666
0.6,0.0,0.75,0.02,3,20,30,0,10,0.833333,1.0,0.666667,1.0,0.8,0.0,0.333333,0.333333,0.666667,60,20,40,0.166666
0.6,0.0,0.75,0.025,3,20,30,0,10,0.833333,1.0,0.666667,1.0,0.8,0.0,0.333333,0.333333,0.666667,60,20,40,0.166666
0.6,0.0,0.75,0.03,2,20,30,0,10,0.833333,1.0,0.666667,1.0,0.8,0.0,0.333333,0.333333,0.666667,60,20,40,0.166666
0.6,0.0,0.8,,3,20,30,0,10,0.833333,1.0,0.666667,1.0,0.8,0.0,0.333333,0.333333,0.666667,60,20,40,0.166666
0.6,0.0,0.8,0.015,3,20,30,0,10,0.833333,1.0,0.666667,1.0,0.8,0.0,0.333333,0.333333,0.666667,60,20,40,0.166666
0.6,0.0,0.8,0.02,3,20,30,0,10,0.833333,1.0,0.666667,1.0,0.8,0.0,0.333333,0.333333,0.666667,60,20,40,0.166666
0.6,0.0,0.8,0.025,3,20,30,0,10,0.833333,1.0,0.666667,1.0,0.8,0.0,0.333333,0.333333,0.666667,60,20,40,0.166666
0.6,0.0,0.8,0.03,2,20,30,0,10,0.833333,1.0,0.666667,1.0,0.8,0.0,0.333333,0.333333,0.666667,60,20,40,0.166666
0.6,0.0,0.85,,2,20,30,0,10,0.833333,1.0,0.666667,1.0,0.8,0.0,0.333333,0.333333,0.666667,60,20,40,0.166666
0.6,0.0,0.85,0.015,2,20,30,0,10,0.833333,1.0,0.666667,1.0,0.8,0.0,0.333333,0.333333,0.666667,60,20,40,0.166666
0.6,0.0,0.85,0.02,2,20,30,0,10,0.833333,1.0,0.666667,1.0,0.8,0.0,0.333333,0.333333,0.666667,60,20,40,0.166666
0.6,0.0,0.85,0.025,2,20,30,0,10,0.833333,1.0,0.666667,1.0,0.8,0.0,0.333333,0.333333,0.666667,60,20,40,0.166666
0.6,0.05,,0.015,0,20,30,0,10,0.833333,1.0,0.666667,1.0,0.8,0.0,0.333333,0.333333,0.666667,60,20,40,0.166666
0.6,0.05,,0.015,1,20,30,0,10,0.833333,1.0,0.666667,1.0,0.8,0.0,0.333333,0.333333,0.666667,60,20,40,0.166666
0.6,0.05,,0.02,0,20,30,0,10,0.833333,1.0,0.666667,1.0,0.8,0.0,0.333333,0.333333,0.666667,60,20,40,0.166666
0.6,0.05,,0.02,1,20,30,0,10,0.833333,1.0,0.666667,1.0,0.8,0.0,0.333333,0.333333,0.666667,60,20,40,0.166666
0.6,0.05,,0.025,0,20,30,0,10,0.833333,1.0,0.666667,1.0,0.8,0.0,0.333333,0.333333,0.666667,60,20,40,0.166666
0.6,0.05,,0.025,1,20,30,0,10,0.833333,1.0,0.666667,1.0,0.8,0.0,0.333333,0.333333,0.666667,60,20,40,0.166666
0.6,0.05,0.65,0.015,0,20,30,0,10,0.833333,1.0,0.666667,1.0,0.8,0.0,0.333333,0.333333,0.666667,60,20,40,0.166666
0.6,0.05,0.65,0.015,1,20,30,0,10,0.833333,1.0,0.666667,1.0,0.8,0.0,0.333333,0.333333,0.666667,60,20,40,0.166666
0.6,0.05,0.65,0.02,0,20,30,0,10,0.833333,1.0,0.666667,1.0,0.8,0.0,0.333333,0.333333,0.666667,60,20,40,0.166666
0.6,0.05,0.65,0.02,1,20,30,0,10,0.833333,1.0,0.666667,1.0,0.8,0.0,0.333333,0.333333,0.666667,60,20,40,0.166666
0.6,0.05,0.65,0.025,0,20,30,0,10,0.833333,1.0,0.666667,1.0,0.8,0.0,0.333333,0.333333,0.666667,60,20,40,0.166666
0.6,0.05,0.65,0.025,1,20,30,0,10,0.833333,1.0,0.666667,1.0,0.8,0.0,0.333333,0.333333,0.666667,60,20,40,0.166666
0.6,0.05,0.7,0.015,0,20,30,0,10,0.833333,1.0,0.666667,1.0,0.8,0.0,0.333333,0.333333,0.666667,60,20,40,0.166666
0.6,0.05,0.7,0.015,1,20,30,0,10,0.833333,1.0,0.666667,1.0,0.8,0.0,0.333333,0.333333,0.666667,60,20,40,0.166666
0.6,0.05,0.7,0.02,0,20,30,0,10,0.833333,1.0,0.666667,1.0,0.8,0.0,0.333333,0.333333,0.666667,60,20,40,0.166666
0.6,0.05,0.7,0.02,1,20,30,0,10,0.833333,1.0,0.666667,1.0,0.8,0.0,0.333333,0.333333,0.666667,60,20,40,0.166666
0.6,0.05,0.7,0.025,0,20,30,0,10,0.833333,1.0,0.666667,1.0,0.8,0.0,0.333333,0.333333,0.666667,60,20,40,0.166666
0.6,0.05,0.7,0.025,1,20,30,0,10,0.833333,1.0,0.666667,1.0,0.8,0.0,0.333333,0.333333,0.666667,60,20,40,0.166666
0.6,0.05,0.75,,0,20,30,0,10,0.833333,1.0,0.666667,1.0,0.8,0.0,0.333333,0.333333,0.666667,60,20,40,0.166666
0.6,0.05,0.75,,1,20,30,0,10,0.833333,1.0,0.666667,1.0,0.8,0.0,0.333333,0.333333,0.666667,60,20,40,0.166666
0.6,0.05,0.75,0.015,0,20,30,0,10,0.833333,1.0,0.666667,1.0,0.8,0.0,0.333333,0.333333,0.666667,60,20,40,0.166666
0.6,0.05,0.75,0.015,1,20,30,0,10,0.833333,1.0,0.666667,1.0,0.8,0.0,0.333333,0.333333,0.666667,60,20,40,0.166666
0.6,0.05,0.75,0.02,0,20,30,0,10,0.833333,1.0,0.666667,1.0,0.8,0.0,0.333333,0.333333,0.666667,60,20,40,0.166666
0.6,0.05,0.75,0.02,1,20,30,0,10,0.833333,1.0,0.666667,1.0,0.8,0.0,0.333333,0.333333,0.666667,60,20,40,0.166666
0.6,0.05,0.75,0.025,0,20,30,0,10,0.833333,1.0,0.666667,1.0,0.8,0.0,0.333333,0.333333,0.666667,60,20,40,0.166666
0.6,0.05,0.75,0.025,1,20,30,0,10,0.833333,1.0,0.666667,1.0,0.8,0.0,0.333333,0.333333,0.666667,60,20,40,0.166666
0.6,0.05,0.8,,0,20,30,0,10,0.833333,1.0,0.666667,1.0,0.8,0.0,0.333333,0.333333,0.666667,60,20,40,0.166666
0.6,0.05,0.8,,1,20,30,0,10,0.833333,1.0,0.666667,1.0,0.8,0.0,0.333333,0.333333,0.666667,60,20,40,0.166666
0.6,0.05,0.8,0.015,0,20,30,0,10,0.833333,1.0,0.666667,1.0,0.8,0.0,0.333333,0.333333,0.666667,60,20,40,0.166666
0.6,0.05,0.8,0.015,1,20,30,0,10,0.833333,1.0,0.666667,1.0,0.8,0.0,0.333333,0.333333,0.666667,60,20,40,0.166666
0.6,0.05,0.8,0.02,0,20,30,0,10,0.833333,1.0,0.666667,1.0,0.8,0.0,0.333333,0.333333,0.666667,60,20,40,0.166666
0.6,0.05,0.8,0.02,1,20,30,0,10,0.833333,1.0,0.666667,1.0,0.8,0.0,0.333333,0.333333,0.666667,60,20,40,0.166666
0.6,0.05,0.8,0.025,0,20,30,0,10,0.833333,1.0,0.666667,1.0,0.8,0.0,0.333333,0.333333,0.666667,60,20,40,0.166666
0.6,0.05,0.8,0.025,1,20,30,0,10,0.833333,1.0,0.666667,1.0,0.8,0.0,0.333333,0.333333,0.666667,60,20,40,0.166666
0.7,0.0,,,3,20,30,0,10,0.833333,1.0,0.666667,1.0,0.8,0.0,0.333333,0.333333,0.666667,60,20,40,0.166666
0.7,0.0,,0.015,3,20,30,0,10,0.833333,1.0,0.666667,1.0,0.8,0.0,0.333333,0.333333,0.666667,60,20,40,0.166666
0.7,0.0,,0.02,3,20,30,0,10,0.833333,1.0,0.666667,1.0,0.8,0.0,0.333333,0.333333,0.666667,60,20,40,0.166666
0.7,0.0,,0.025,3,20,30,0,10,0.833333,1.0,0.666667,1.0,0.8,0.0,0.333333,0.333333,0.666667,60,20,40,0.166666
0.7,0.0,,0.03,2,20,30,0,10,0.833333,1.0,0.666667,1.0,0.8,0.0,0.333333,0.333333,0.666667,60,20,40,0.166666
0.7,0.0,0.65,,3,20,30,0,10,0.833333,1.0,0.666667,1.0,0.8,0.0,0.333333,0.333333,0.666667,60,20,40,0.166666
0.7,0.0,0.65,0.015,3,20,30,0,10,0.833333,1.0,0.666667,1.0,0.8,0.0,0.333333,0.333333,0.666667,60,20,40,0.166666
0.7,0.0,0.65,0.02,3,20,30,0,10,0.833333,1.0,0.666667,1.0,0.8,0.0,0.333333,0.333333,0.666667,60,20,40,0.166666
0.7,0.0,0.65,0.025,3,20,30,0,10,0.833333,1.0,0.666667,1.0,0.8,0.0,0.333333,0.333333,0.666667,60,20,40,0.166666
0.7,0.0,0.65,0.03,2,20,30,0,10,0.833333,1.0,0.666667,1.0,0.8,0.0,0.333333,0.333333,0.666667,60,20,40,0.166666
0.7,0.0,0.7,,3,20,30,0,10,0.833333,1.0,0.666667,1.0,0.8,0.0,0.333333,0.333333,0.666667,60,20,40,0.166666
0.7,0.0,0.7,0.015,3,20,30,0,10,0.833333,1.0,0.666667,1.0,0.8,0.0,0.333333,0.333333,0.666667,60,20,40,0.166666
0.7,0.0,0.7,0.02,3,20,30,0,10,0.833333,1.0,0.666667,1.0,0.8,0.0,0.333333,0.333333,0.666667,60,20,40,0.166666
0.7,0.0,0.7,0.025,3,20,30,0,10,0.833333,1.0,0.666667,1.0,0.8,0.0,0.333333,0.333333,0.666667,60,20,40,0.166666
0.7,0.0,0.7,0.03,2,20,30,0,10,0.833333,1.0,0.666667,1.0,0.8,0.0,0.333333,0.333333,0.666667,60,20,40,0.166666
0.7,0.0,0.75,,3,20,30,0,10,0.833333,1.0,0.666667,1.0,0.8,0.0,0.333333,0.333333,0.666667,60,20,40,0.166666
0.7,0.0,0.75,0.015,3,20,30,0,10,0.833333,1.0,0.666667,1.0,0.8,0.0,0.333333,0.333333,0.666667,60,20,40,0.166666
0.7,0.0,0.75,0.02,3,20,30,0,10,0.833333,1.0,0.666667,1.0,0.8,0.0,0.333333,0.333333,0.666667,60,20,40,0.166666
0.7,0.0,0.75,0.025,3,20,30,0,10,0.833333,1.0,0.666667,1.0,0.8,0.0,0.333333,0.333333,0.666667,60,20,40,0.166666
0.7,0.0,0.75,0.03,2,20,30,0,10,0.833333,1.0,0.666667,1.0,0.8,0.0,0.333333,0.333333,0.666667,60,20,40,0.166666
0.7,0.0,0.8,,3,20,30,0,10,0.833333,1.0,0.666667,1.0,0.8,0.0,0.333333,0.333333,0.666667,60,20,40,0.166666
0.7,0.0,0.8,0.015,3,20,30,0,10,0.833333,1.0,0.666667,1.0,0.8,0.0,0.333333,0.333333,0.666667,60,20,40,0.166666
0.7,0.0,0.8,0.02,3,20,30,0,10,0.833333,1.0,0.666667,1.0,0.8,0.0,0.333333,0.333333,0.666667,60,20,40,0.166666
0.7,0.0,0.8,0.025,3,20,30,0,10,0.833333,1.0,0.666667,1.0,0.8,0.0,0.333333,0.333333,0.666667,60,20,40,0.166666
0.7,0.0,0.8,0.03,2,20,30,0,10,0.833333,1.0,0.666667,1.0,0.8,0.0,0.333333,0.333333,0.666667,60,20,40,0.166666
0.7,0.0,0.85,,2,20,30,0,10,0.833333,1.0,0.666667,1.0,0.8,0.0,0.333333,0.333333,0.666667,60,20,40,0.166666
0.7,0.0,0.85,0.015,2,20,30,0,10,0.833333,1.0,0.666667,1.0,0.8,0.0,0.333333,0.333333,0.666667,60,20,40,0.166666
0.7,0.0,0.85,0.02,2,20,30,0,10,0.833333,1.0,0.666667,1.0,0.8,0.0,0.333333,0.333333,0.666667,60,20,40,0.166666
0.7,0.0,0.85,0.025,2,20,30,0,10,0.833333,1.0,0.666667,1.0,0.8,0.0,0.333333,0.333333,0.666667,60,20,40,0.166666
0.7,0.05,,0.015,0,20,30,0,10,0.833333,1.0,0.666667,1.0,0.8,0.0,0.333333,0.333333,0.666667,60,20,40,0.166666
0.7,0.05,,0.015,1,20,30,0,10,0.833333,1.0,0.666667,1.0,0.8,0.0,0.333333,0.333333,0.666667,60,20,40,0.166666
0.7,0.05,,0.02,0,20,30,0,10,0.833333,1.0,0.666667,1.0,0.8,0.0,0.333333,0.333333,0.666667,60,20,40,0.166666
0.7,0.05,,0.02,1,20,30,0,10,0.833333,1.0,0.666667,1.0,0.8,0.0,0.333333,0.333333,0.666667,60,20,40,0.166666
0.7,0.05,,0.025,0,20,30,0,10,0.833333,1.0,0.666667,1.0,0.8,0.0,0.333333,0.333333,0.666667,60,20,40,0.166666
0.7,0.05,,0.025,1,20,30,0,10,0.833333,1.0,0.666667,1.0,0.8,0.0,0.333333,0.333333,0.666667,60,20,40,0.166666
0.7,0.05,0.65,0.015,0,20,30,0,10,0.833333,1.0,0.666667,1.0,0.8,0.0,0.333333,0.333333,0.666667,60,20,40,0.166666
0.7,0.05,0.65,0.015,1,20,30,0,10,0.833333,1.0,0.666667,1.0,0.8,0.0,0.333333,0.333333,0.666667,60,20,40,0.166666
0.7,0.05,0.65,0.02,0,20,30,0,10,0.833333,1.0,0.666667,1.0,0.8,0.0,0.333333,0.333333,0.666667,60,20,40,0.166666
0.7,0.05,0.65,0.02,1,20,30,0,10,0.833333,1.0,0.666667,1.0,0.8,0.0,0.333333,0.333333,0.666667,60,20,40,0.166666
0.7,0.05,0.65,0.025,0,20,30,0,10,0.833333,1.0,0.666667,1.0,0.8,0.0,0.333333,0.333333,0.666667,60,20,40,0.166666
0.7,0.05,0.65,0.025,1,20,30,0,10,0.833333,1.0,0.666667,1.0,0.8,0.0,0.333333,0.333333,0.666667,60,20,40,0.166666
0.7,0.05,0.7,0.015,0,20,30,0,10,0.833333,1.0,0.666667,1.0,0.8,0.0,0.333333,0.333333,0.666667,60,20,40,0.166666
0.7,0.05,0.7,0.015,1,20,30,0,10,0.833333,1.0,0.666667,1.0,0.8,0.0,0.333333,0.333333,0.666667,60,20,40,0.166666
0.7,0.05,0.7,0.02,0,20,30,0,10,0.833333,1.0,0.666667,1.0,0.8,0.0,0.333333,0.333333,0.666667,60,20,40,0.166666
0.7,0.05,0.7,0.02,1,20,30,0,10,0.833333,1.0,0.666667,1.0,0.8,0.0,0.333333,0.333333,0.666667,60,20,40,0.166666
0.7,0.05,0.7,0.025,0,20,30,0,10,0.833333,1.0,0.666667,1.0,0.8,0.0,0.333333,0.333333,0.666667,60,20,40,0.166666
0.7,0.05,0.7,0.025,1,20,30,0,10,0.833333,1.0,0.666667,1.0,0.8,0.0,0.333333,0.333333,0.666667,60,20,40,0.166666
0.7,0.05,0.75,,0,20,30,0,10,0.833333,1.0,0.666667,1.0,0.8,0.0,0.333333,0.333333,0.666667,60,20,40,0.166666
0.7,0.05,0.75,,1,20,30,0,10,0.833333,1.0,0.666667,1.0,0.8,0.0,0.333333,0.333333,0.666667,60,20,40,0.166666
0.7,0.05,0.75,0.015,0,20,30,0,10,0.833333,1.0,0.666667,1.0,0.8,0.0,0.333333,0.333333,0.666667,60,20,40,0.166666
0.7,0.05,0.75,0.015,1,20,30,0,10,0.833333,1.0,0.666667,1.0,0.8,0.0,0.333333,0.333333,0.666667,60,20,40,0.166666
0.7,0.05,0.75,0.02,0,20,30,0,10,0.833333,1.0,0.666667,1.0,0.8,0.0,0.333333,0.333333,0.666667,60,20,40,0.166666
0.7,0.05,0.75,0.02,1,20,30,0,10,0.833333,1.0,0.666667,1.0,0.8,0.0,0.333333,0.333333,0.666667,60,20,40,0.166666
0.7,0.05,0.75,0.025,0,20,30,0,10,0.833333,1.0,0.666667,1.0,0.8,0.0,0.333333,0.333333,0.666667,60,20,40,0.166666
0.7,0.05,0.75,0.025,1,20,30,0,10,0.833333,1.0,0.666667,1.0,0.8,0.0,0.333333,0.333333,0.666667,60,20,40,0.166666
0.7,0.05,0.8,,0,20,30,0,10,0.833333,1.0,0.666667,1.0,0.8,0.0,0.333333,0.333333,0.666667,60,20,40,0.166666
0.7,0.05,0.8,,1,20,30,0,10,0.833333,1.0,0.666667,1.0,0.8,0.0,0.333333,0.333333,0.666667,60,20,40,0.166666
0.7,0.05,0.8,0.015,0,20,30,0,10,0.833333,1.0,0.666667,1.0,0.8,0.0,0.333333,0.333333,0.666667,60,20,40,0.166666
0.7,0.05,0.8,0.015,1,20,30,0,10,0.833333,1.0,0.666667,1.0,0.8,0.0,0.333333,0.333333,0.666667,60,20,40,0.166666
0.7,0.05,0.8,0.02,0,20,30,0,10,0.833333,1.0,0.666667,1.0,0.8,0.0,0.333333,0.333333,0.666667,60,20,40,0.166666
0.7,0.05,0.8,0.02,1,20,30,0,10,0.833333,1.0,0.666667,1.0,0.8,0.0,0.333333,0.333333,0.666667,60,20,40,0.166666
0.7,0.05,0.8,0.025,0,20,30,0,10,0.833333,1.0,0.666667,1.0,0.8,0.0,0.333333,0.333333,0.666667,60,20,40,0.166666
0.7,0.05,0.8,0.025,1,20,30,0,10,0.833333,1.0,0.666667,1.0,0.8,0.0,0.333333,0.333333,0.666667,60,20,40,0.166666
0.75,0.0,,0.03,2,20,30,0,10,0.833333,1.0,0.666667,1.0,0.8,0.0,0.333333,0.333333,0.666667,60,20,40,0.166666
0.75,0.0,0.65,0.03,2,20,30,0,10,0.833333,1.0,0.666667,1.0,0.8,0.0,0.333333,0.333333,0.666667,60,20,40,0.166666
0.75,0.0,0.7,0.03,2,20,30,0,10,0.833333,1.0,0.666667,1.0,0.8,0.0,0.333333,0.333333,0.666667,60,20,40,0.166666
0.75,0.0,0.75,0.03,2,20,30,0,10,0.833333,1.0,0.666667,1.0,0.8,0.0,0.333333,0.333333,0.666667,60,20,40,0.166666
0.75,0.0,0.8,0.03,2,20,30,0,10,0.833333,1.0,0.666667,1.0,0.8,0.0,0.333333,0.333333,0.666667,60,20,40,0.166666
0.75,0.0,0.85,,2,20,30,0,10,0.833333,1.0,0.666667,1.0,0.8,0.0,0.333333,0.333333,0.666667,60,20,40,0.166666
0.75,0.0,0.85,0.015,2,20,30,0,10,0.833333,1.0,0.666667,1.0,0.8,0.0,0.333333,0.333333,0.666667,60,20,40,0.166666
0.75,0.0,0.85,0.02,2,20,30,0,10,0.833333,1.0,0.666667,1.0,0.8,0.0,0.333333,0.333333,0.666667,60,20,40,0.166666
0.75,0.0,0.85,0.025,2,20,30,0,10,0.833333,1.0,0.666667,1.0,0.8,0.0,0.333333,0.333333,0.666667,60,20,40,0.166666
0.8,0.0,,0.03,2,20,30,0,10,0.833333,1.0,0.666667,1.0,0.8,0.0,0.333333,0.333333,0.666667,60,20,40,0.166666
0.8,0.0,0.65,0.03,2,20,30,0,10,0.833333,1.0,0.666667,1.0,0.8,0.0,0.333333,0.333333,0.666667,60,20,40,0.166666
0.8,0.0,0.7,0.03,2,20,30,0,10,0.833333,1.0,0.666667,1.0,0.8,0.0,0.333333,0.333333,0.666667,60,20,40,0.166666
0.8,0.0,0.75,0.03,2,20,30,0,10,0.833333,1.0,0.666667,1.0,0.8,0.0,0.333333,0.333333,0.666667,60,20,40,0.166666
0.8,0.0,0.8,0.03,2,20,30,0,10,0.833333,1.0,0.666667,1.0,0.8,0.0,0.333333,0.333333,0.666667,60,20,40,0.166666
0.8,0.02,,0.015,0,20,30,0,10,0.833333,1.0,0.666667,1.0,0.8,0.0,0.333333,0.333333,0.666667,60,20,40,0.166666
0.8,0.02,,0.015,1,20,30,0,10,0.833333,1.0,0.666667,1.0,0.8,0.0,0.333333,0.333333,0.666667,60,20,40,0.166666
0.8,0.02,,0.02,0,20,30,0,10,0.833333,1.0,0.666667,1.0,0.8,0.0,0.333333,0.333333,0.666667,60,20,40,0.166666
0.8,0.02,,0.02,1,20,30,0,10,0.833333,1.0,0.666667,1.0,0.8,0.0,0.333333,0.333333,0.666667,60,20,40,0.166666
0.8,0.02,,0.025,0,20,30,0,10,0.833333,1.0,0.666667,1.0,0.8,0.0,0.333333,0.333333,0.666667,60,20,40,0.166666
0.8,0.02,,0.025,1,20,30,0,10,0.833333,1.0,0.666667,1.0,0.8,0.0,0.333333,0.333333,0.666667,60,20,40,0.166666
0.8,0.02,0.65,0.015,0,20,30,0,10,0.833333,1.0,0.666667,1.0,0.8,0.0,0.333333,0.333333,0.666667,60,20,40,0.166666
0.8,0.02,0.65,0.015,1,20,30,0,10,0.833333,1.0,0.666667,1.0,0.8,0.0,0.333333,0.333333,0.666667,60,20,40,0.166666
0.8,0.02,0.65,0.02,0,20,30,0,10,0.833333,1.0,0.666667,1.0,0.8,0.0,0.333333,0.333333,0.666667,60,20,40,0.166666
0.8,0.02,0.65,0.02,1,20,30,0,10,0.833333,1.0,0.666667,1.0,0.8,0.0,0.333333,0.333333,0.666667,60,20,40,0.166666
0.8,0.02,0.65,0.025,0,20,30,0,10,0.833333,1.0,0.666667,1.0,0.8,0.0,0.333333,0.333333,0.666667,60,20,40,0.166666
0.8,0.02,0.65,0.025,1,20,30,0,10,0.833333,1.0,0.666667,1.0,0.8,0.0,0.333333,0.333333,0.666667,60,20,40,0.166666
0.8,0.02,0.7,0.015,0,20,30,0,10,0.833333,1.0,0.666667,1.0,0.8,0.0,0.333333,0.333333,0.666667,60,20,40,0.166666
0.8,0.02,0.7,0.015,1,20,30,0,10,0.833333,1.0,0.666667,1.0,0.8,0.0,0.333333,0.333333,0.666667,60,20,40,0.166666
0.8,0.02,0.7,0.02,0,20,30,0,10,0.833333,1.0,0.666667,1.0,0.8,0.0,0.333333,0.333333,0.666667,60,20,40,0.166666
0.8,0.02,0.7,0.02,1,20,30,0,10,0.833333,1.0,0.666667,1.0,0.8,0.0,0.333333,0.333333,0.666667,60,20,40,0.166666
0.8,0.02,0.7,0.025,0,20,30,0,10,0.833333,1.0,0.666667,1.0,0.8,0.0,0.333333,0.333333,0.666667,60,20,40,0.166666
0.8,0.02,0.7,0.025,1,20,30,0,10,0.833333,1.0,0.666667,1.0,0.8,0.0,0.333333,0.333333,0.666667,60,20,40,0.166666
0.8,0.02,0.75,,0,20,30,0,10,0.833333,1.0,0.666667,1.0,0.8,0.0,0.333333,0.333333,0.666667,60,20,40,0.166666
0.8,0.02,0.75,,1,20,30,0,10,0.833333,1.0,0.666667,1.0,0.8,0.0,0.333333,0.333333,0.666667,60,20,40,0.166666
0.8,0.02,0.75,0.015,0,20,30,0,10,0.833333,1.0,0.666667,1.0,0.8,0.0,0.333333,0.333333,0.666667,60,20,40,0.166666
0.8,0.02,0.75,0.015,1,20,30,0,10,0.833333,1.0,0.666667,1.0,0.8,0.0,0.333333,0.333333,0.666667,60,20,40,0.166666
0.8,0.02,0.75,0.02,0,20,30,0,10,0.833333,1.0,0.666667,1.0,0.8,0.0,0.333333,0.333333,0.666667,60,20,40,0.166666
0.8,0.02,0.75,0.02,1,20,30,0,10,0.833333,1.0,0.666667,1.0,0.8,0.0,0.333333,0.333333,0.666667,60,20,40,0.166666
0.8,0.02,0.75,0.025,0,20,30,0,10,0.833333,1.0,0.666667,1.0,0.8,0.0,0.333333,0.333333,0.666667,60,20,40,0.166666
0.8,0.02,0.75,0.025,1,20,30,0,10,0.833333,1.0,0.666667,1.0,0.8,0.0,0.333333,0.333333,0.666667,60,20,40,0.166666
0.8,0.02,0.8,,0,20,30,0,10,0.833333,1.0,0.666667,1.0,0.8,0.0,0.333333,0.333333,0.666667,60,20,40,0.166666
0.8,0.02,0.8,,1,20,30,0,10,0.833333,1.0,0.666667,1.0,0.8,0.0,0.333333,0.333333,0.666667,60,20,40,0.166666
0.8,0.02,0.8,0.015,0,20,30,0,10,0.833333,1.0,0.666667,1.0,0.8,0.0,0.333333,0.333333,0.666667,60,20,40,0.166666
0.8,0.02,0.8,0.015,1,20,30,0,10,0.833333,1.0,0.666667,1.0,0.8,0.0,0.333333,0.333333,0.666667,60,20,40,0.166666
0.8,0.02,0.8,0.02,0,20,30,0,10,0.833333,1.0,0.666667,1.0,0.8,0.0,0.333333,0.333333,0.666667,60,20,40,0.166666
0.8,0.02,0.8,0.02,1,20,30,0,10,0.833333,1.0,0.666667,1.0,0.8,0.0,0.333333,0.333333,0.666667,60,20,40,0.166666
0.8,0.02,0.8,0.025,0,20,30,0,10,0.833333,1.0,0.666667,1.0,0.8,0.0,0.333333,0.333333,0.666667,60,20,40,0.166666
0.8,0.02,0.8,0.025,1,20,30,0,10,0.833333,1.0,0.666667,1.0,0.8,0.0,0.333333,0.333333,0.666667,60,20,40,0.166666
0.85,0.0,,0.015,2,20,30,0,10,0.833333,1.0,0.666667,1.0,0.8,0.0,0.333333,0.333333,0.666667,60,20,40,0.166666
0.85,0.0,,0.02,2,20,30,0,10,0.833333,1.0,0.666667,1.0,0.8,0.0,0.333333,0.333333,0.666667,60,20,40,0.166666
0.85,0.0,,0.025,2,20,30,0,10,0.833333,1.0,0.666667,1.0,0.8,0.0,0.333333,0.333333,0.666667,60,20,40,0.166666
0.85,0.0,0.65,0.015,2,20,30,0,10,0.833333,1.0,0.666667,1.0,0.8,0.0,0.333333,0.333333,0.666667,60,20,40,0.166666
0.85,0.0,0.65,0.02,2,20,30,0,10,0.833333,1.0,0.666667,1.0,0.8,0.0,0.333333,0.333333,0.666667,60,20,40,0.166666
0.85,0.0,0.65,0.025,2,20,30,0,10,0.833333,1.0,0.666667,1.0,0.8,0.0,0.333333,0.333333,0.666667,60,20,40,0.166666
0.85,0.0,0.7,0.015,2,20,30,0,10,0.833333,1.0,0.666667,1.0,0.8,0.0,0.333333,0.333333,0.666667,60,20,40,0.166666
0.85,0.0,0.7,0.02,2,20,30,0,10,0.833333,1.0,0.666667,1.0,0.8,0.0,0.333333,0.333333,0.666667,60,20,40,0.166666
0.85,0.0,0.7,0.025,2,20,30,0,10,0.833333,1.0,0.666667,1.0,0.8,0.0,0.333333,0.333333,0.666667,60,20,40,0.166666
0.85,0.0,0.75,,2,20,30,0,10,0.833333,1.0,0.666667,1.0,0.8,0.0,0.333333,0.333333,0.666667,60,20,40,0.166666
0.85,0.0,0.75,0.015,2,20,30,0,10,0.833333,1.0,0.666667,1.0,0.8,0.0,0.333333,0.333333,0.666667,60,20,40,0.166666
0.85,0.0,0.75,0.02,2,20,30,0,10,0.833333,1.0,0.666667,1.0,0.8,0.0,0.333333,0.333333,0.666667,60,20,40,0.166666
0.85,0.0,0.75,0.025,2,20,30,0,10,0.833333,1.0,0.666667,1.0,0.8,0.0,0.333333,0.333333,0.666667,60,20,40,0.166666
0.85,0.0,0.8,,2,20,30,0,10,0.833333,1.0,0.666667,1.0,0.8,0.0,0.333333,0.333333,0.666667,60,20,40,0.166666
0.85,0.0,0.8,0.015,2,20,30,0,10,0.833333,1.0,0.666667,1.0,0.8,0.0,0.333333,0.333333,0.666667,60,20,40,0.166666
0.85,0.0,0.8,0.02,2,20,30,0,10,0.833333,1.0,0.666667,1.0,0.8,0.0,0.333333,0.333333,0.666667,60,20,40,0.166666
0.85,0.0,0.8,0.025,2,20,30,0,10,0.833333,1.0,0.666667,1.0,0.8,0.0,0.333333,0.333333,0.666667,60,20,40,0.166666
0.9,0.0,,0.015,2,20,30,0,10,0.833333,1.0,0.666667,1.0,0.8,0.0,0.333333,0.333333,0.666667,60,20,40,0.166666
0.9,0.0,,0.02,2,20,30,0,10,0.833333,1.0,0.666667,1.0,0.8,0.0,0.333333,0.333333,0.666667,60,20,40,0.166666
0.9,0.0,,0.025,2,20,30,0,10,0.833333,1.0,0.666667,1.0,0.8,0.0,0.333333,0.333333,0.666667,60,20,40,0.166666
0.9,0.0,0.65,0.015,2,20,30,0,10,0.833333,1.0,0.666667,1.0,0.8,0.0,0.333333,0.333333,0.666667,60,20,40,0.166666
0.9,0.0,0.65,0.02,2,20,30,0,10,0.833333,1.0,0.666667,1.0,0.8,0.0,0.333333,0.333333,0.666667,60,20,40,0.166666
0.9,0.0,0.65,0.025,2,20,30,0,10,0.833333,1.0,0.666667,1.0,0.8,0.0,0.333333,0.333333,0.666667,60,20,40,0.166666
0.9,0.0,0.7,0.015,2,20,30,0,10,0.833333,1.0,0.666667,1.0,0.8,0.0,0.333333,0.333333,0.666667,60,20,40,0.166666
0.9,0.0,0.7,0.02,2,20,30,0,10,0.833333,1.0,0.666667,1.0,0.8,0.0,0.333333,0.333333,0.666667,60,20,40,0.166666
0.9,0.0,0.7,0.025,2,20,30,0,10,0.833333,1.0,0.666667,1.0,0.8,0.0,0.333333,0.333333,0.666667,60,20,40,0.166666
0.9,0.0,0.75,,2,20,30,0,10,0.833333,1.0,0.666667,1.0,0.8,0.0,0.333333,0.333333,0.666667,60,20,40,0.166666
0.9,0.0,0.75,0.015,2,20,30,0,10,0.833333,1.0,0.666667,1.0,0.8,0.0,0.333333,0.333333,0.666667,60,20,40,0.166666
0.9,0.0,0.75,0.02,2,20,30,0,10,0.833333,1.0,0.666667,1.0,0.8,0.0,0.333333,0.333333,0.666667,60,20,40,0.166666
0.9,0.0,0.75,0.025,2,20,30,0,10,0.833333,1.0,0.666667,1.0,0.8,0.0,0.333333,0.333333,0.666667,60,20,40,0.166666
0.9,0.0,0.8,,2,20,30,0,10,0.833333,1.0,0.666667,1.0,0.8,0.0,0.333333,0.333333,0.666667,60,20,40,0.166666
0.9,0.0,0.8,0.015,2,20,30,0,10,0.833333,1.0,0.666667,1.0,0.8,0.0,0.333333,0.333333,0.666667,60,20,40,0.166666
0.9,0.0,0.8,0.02,2,20,30,0,10,0.833333,1.0,0.666667,1.0,0.8,0.0,0.333333,0.333333,0.666667,60,20,40,0.166666
0.9,0.0,0.8,0.025,2,20,30,0,10,0.833333,1.0,0.666667,1.0,0.8,0.0,0.333333,0.333333,0.666667,60,20,40,0.166666
0.95,0.0,,0.03,0,20,30,0,10,0.833333,1.0,0.666667,1.0,0.8,0.0,0.333333,0.333333,0.666667,60,20,40,0.166666
0.95,0.0,,0.03,1,20,30,0,10,0.833333,1.0,0.666667,1.0,0.8,0.0,0.333333,0.333333,0.666667,60,20,40,0.166666
0.95,0.0,0.65,0.03,0,20,30,0,10,0.833333,1.0,0.666667,1.0,0.8,0.0,0.333333,0.333333,0.666667,60,20,40,0.166666
0.95,0.0,0.65,0.03,1,20,30,0,10,0.833333,1.0,0.666667,1.0,0.8,0.0,0.333333,0.333333,0.666667,60,20,40,0.166666
0.95,0.0,0.7,0.03,0,20,30,0,10,0.833333,1.0,0.666667,1.0,0.8,0.0,0.333333,0.333333,0.666667,60,20,40,0.166666
0.95,0.0,0.7,0.03,1,20,30,0,10,0.833333,1.0,0.666667,1.0,0.8,0.0,0.333333,0.333333,0.666667,60,20,40,0.166666
0.95,0.0,0.75,0.03,0,20,30,0,10,0.833333,1.0,0.666667,1.0,0.8,0.0,0.333333,0.333333,0.666667,60,20,40,0.166666
0.95,0.0,0.75,0.03,1,20,30,0,10,0.833333,1.0,0.666667,1.0,0.8,0.0,0.333333,0.333333,0.666667,60,20,40,0.166666
0.95,0.0,0.8,0.03,0,20,30,0,10,0.833333,1.0,0.666667,1.0,0.8,0.0,0.333333,0.333333,0.666667,60,20,40,0.166666
0.95,0.0,0.8,0.03,1,20,30,0,10,0.833333,1.0,0.666667,1.0,0.8,0.0,0.333333,0.333333,0.666667,60,20,40,0.166666
0.3,0.0,0.85,0.03,2,19,30,0,11,0.816667,1.0,0.633333,1.0,0.77551,0.0,0.366667,0.316667,0.683333,60,19,41,0.183334
0.3,0.02,,0.03,0,19,30,0,11,0.816667,1.0,0.633333,1.0,0.77551,0.0,0.366667,0.316667,0.683333,60,19,41,0.183334
0.3,0.02,,0.03,1,19,30,0,11,0.816667,1.0,0.633333,1.0,0.77551,0.0,0.366667,0.316667,0.683333,60,19,41,0.183334
0.3,0.02,0.65,0.03,0,19,30,0,11,0.816667,1.0,0.633333,1.0,0.77551,0.0,0.366667,0.316667,0.683333,60,19,41,0.183334
0.3,0.02,0.65,0.03,1,19,30,0,11,0.816667,1.0,0.633333,1.0,0.77551,0.0,0.366667,0.316667,0.683333,60,19,41,0.183334
0.3,0.02,0.7,0.03,0,19,30,0,11,0.816667,1.0,0.633333,1.0,0.77551,0.0,0.366667,0.316667,0.683333,60,19,41,0.183334
0.3,0.02,0.7,0.03,1,19,30,0,11,0.816667,1.0,0.633333,1.0,0.77551,0.0,0.366667,0.316667,0.683333,60,19,41,0.183334
0.3,0.02,0.75,0.03,0,19,30,0,11,0.816667,1.0,0.633333,1.0,0.77551,0.0,0.366667,0.316667,0.683333,60,19,41,0.183334
0.3,0.02,0.75,0.03,1,19,30,0,11,0.816667,1.0,0.633333,1.0,0.77551,0.0,0.366667,0.316667,0.683333,60,19,41,0.183334
0.3,0.02,0.8,0.03,0,19,30,0,11,0.816667,1.0,0.633333,1.0,0.77551,0.0,0.366667,0.316667,0.683333,60,19,41,0.183334
0.3,0.02,0.8,0.03,1,19,30,0,11,0.816667,1.0,0.633333,1.0,0.77551,0.0,0.366667,0.316667,0.683333,60,19,41,0.183334
0.4,0.0,0.85,0.03,2,19,30,0,11,0.816667,1.0,0.633333,1.0,0.77551,0.0,0.366667,0.316667,0.683333,60,19,41,0.183334
0.4,0.02,,0.03,0,19,30,0,11,0.816667,1.0,0.633333,1.0,0.77551,0.0,0.366667,0.316667,0.683333,60,19,41,0.183334
0.4,0.02,,0.03,1,19,30,0,11,0.816667,1.0,0.633333,1.0,0.77551,0.0,0.366667,0.316667,0.683333,60,19,41,0.183334
0.4,0.02,0.65,0.03,0,19,30,0,11,0.816667,1.0,0.633333,1.0,0.77551,0.0,0.366667,0.316667,0.683333,60,19,41,0.183334
0.4,0.02,0.65,0.03,1,19,30,0,11,0.816667,1.0,0.633333,1.0,0.77551,0.0,0.366667,0.316667,0.683333,60,19,41,0.183334
0.4,0.02,0.7,0.03,0,19,30,0,11,0.816667,1.0,0.633333,1.0,0.77551,0.0,0.366667,0.316667,0.683333,60,19,41,0.183334
0.4,0.02,0.7,0.03,1,19,30,0,11,0.816667,1.0,0.633333,1.0,0.77551,0.0,0.366667,0.316667,0.683333,60,19,41,0.183334
0.4,0.02,0.75,0.03,0,19,30,0,11,0.816667,1.0,0.633333,1.0,0.77551,0.0,0.366667,0.316667,0.683333,60,19,41,0.183334
0.4,0.02,0.75,0.03,1,19,30,0,11,0.816667,1.0,0.633333,1.0,0.77551,0.0,0.366667,0.316667,0.683333,60,19,41,0.183334
0.4,0.02,0.8,0.03,0,19,30,0,11,0.816667,1.0,0.633333,1.0,0.77551,0.0,0.366667,0.316667,0.683333,60,19,41,0.183334
0.4,0.02,0.8,0.03,1,19,30,0,11,0.816667,1.0,0.633333,1.0,0.77551,0.0,0.366667,0.316667,0.683333,60,19,41,0.183334
0.5,0.0,0.85,0.03,2,19,30,0,11,0.816667,1.0,0.633333,1.0,0.77551,0.0,0.366667,0.316667,0.683333,60,19,41,0.183334
0.5,0.02,,0.03,0,19,30,0,11,0.816667,1.0,0.633333,1.0,0.77551,0.0,0.366667,0.316667,0.683333,60,19,41,0.183334
0.5,0.02,,0.03,1,19,30,0,11,0.816667,1.0,0.633333,1.0,0.77551,0.0,0.366667,0.316667,0.683333,60,19,41,0.183334
0.5,0.02,0.65,0.03,0,19,30,0,11,0.816667,1.0,0.633333,1.0,0.77551,0.0,0.366667,0.316667,0.683333,60,19,41,0.183334
0.5,0.02,0.65,0.03,1,19,30,0,11,0.816667,1.0,0.633333,1.0,0.77551,0.0,0.366667,0.316667,0.683333,60,19,41,0.183334
0.5,0.02,0.7,0.03,0,19,30,0,11,0.816667,1.0,0.633333,1.0,0.77551,0.0,0.366667,0.316667,0.683333,60,19,41,0.183334
0.5,0.02,0.7,0.03,1,19,30,0,11,0.816667,1.0,0.633333,1.0,0.77551,0.0,0.366667,0.316667,0.683333,60,19,41,0.183334
0.5,0.02,0.75,0.03,0,19,30,0,11,0.816667,1.0,0.633333,1.0,0.77551,0.0,0.366667,0.316667,0.683333,60,19,41,0.183334
0.5,0.02,0.75,0.03,1,19,30,0,11,0.816667,1.0,0.633333,1.0,0.77551,0.0,0.366667,0.316667,0.683333,60,19,41,0.183334
0.5,0.02,0.8,0.03,0,19,30,0,11,0.816667,1.0,0.633333,1.0,0.77551,0.0,0.366667,0.316667,0.683333,60,19,41,0.183334
0.5,0.02,0.8,0.03,1,19,30,0,11,0.816667,1.0,0.633333,1.0,0.77551,0.0,0.366667,0.316667,0.683333,60,19,41,0.183334
0.6,0.0,0.85,0.03,2,19,30,0,11,0.816667,1.0,0.633333,1.0,0.77551,0.0,0.366667,0.316667,0.683333,60,19,41,0.183334
0.6,0.02,,0.03,0,19,30,0,11,0.816667,1.0,0.633333,1.0,0.77551,0.0,0.366667,0.316667,0.683333,60,19,41,0.183334
0.6,0.02,,0.03,1,19,30,0,11,0.816667,1.0,0.633333,1.0,0.77551,0.0,0.366667,0.316667,0.683333,60,19,41,0.183334
0.6,0.02,0.65,0.03,0,19,30,0,11,0.816667,1.0,0.633333,1.0,0.77551,0.0,0.366667,0.316667,0.683333,60,19,41,0.183334
0.6,0.02,0.65,0.03,1,19,30,0,11,0.816667,1.0,0.633333,1.0,0.77551,0.0,0.366667,0.316667,0.683333,60,19,41,0.183334
0.6,0.02,0.7,0.03,0,19,30,0,11,0.816667,1.0,0.633333,1.0,0.77551,0.0,0.366667,0.316667,0.683333,60,19,41,0.183334
0.6,0.02,0.7,0.03,1,19,30,0,11,0.816667,1.0,0.633333,1.0,0.77551,0.0,0.366667,0.316667,0.683333,60,19,41,0.183334
0.6,0.02,0.75,0.03,0,19,30,0,11,0.816667,1.0,0.633333,1.0,0.77551,0.0,0.366667,0.316667,0.683333,60,19,41,0.183334
0.6,0.02,0.75,0.03,1,19,30,0,11,0.816667,1.0,0.633333,1.0,0.77551,0.0,0.366667,0.316667,0.683333,60,19,41,0.183334
0.6,0.02,0.8,0.03,0,19,30,0,11,0.816667,1.0,0.633333,1.0,0.77551,0.0,0.366667,0.316667,0.683333,60,19,41,0.183334
0.6,0.02,0.8,0.03,1,19,30,0,11,0.816667,1.0,0.633333,1.0,0.77551,0.0,0.366667,0.316667,0.683333,60,19,41,0.183334
0.7,0.0,0.85,0.03,2,19,30,0,11,0.816667,1.0,0.633333,1.0,0.77551,0.0,0.366667,0.316667,0.683333,60,19,41,0.183334
0.7,0.02,,0.03,0,19,30,0,11,0.816667,1.0,0.633333,1.0,0.77551,0.0,0.366667,0.316667,0.683333,60,19,41,0.183334
0.7,0.02,,0.03,1,19,30,0,11,0.816667,1.0,0.633333,1.0,0.77551,0.0,0.366667,0.316667,0.683333,60,19,41,0.183334
0.7,0.02,0.65,0.03,0,19,30,0,11,0.816667,1.0,0.633333,1.0,0.77551,0.0,0.366667,0.316667,0.683333,60,19,41,0.183334
0.7,0.02,0.65,0.03,1,19,30,0,11,0.816667,1.0,0.633333,1.0,0.77551,0.0,0.366667,0.316667,0.683333,60,19,41,0.183334
0.7,0.02,0.7,0.03,0,19,30,0,11,0.816667,1.0,0.633333,1.0,0.77551,0.0,0.366667,0.316667,0.683333,60,19,41,0.183334
0.7,0.02,0.7,0.03,1,19,30,0,11,0.816667,1.0,0.633333,1.0,0.77551,0.0,0.366667,0.316667,0.683333,60,19,41,0.183334
0.7,0.02,0.75,0.03,0,19,30,0,11,0.816667,1.0,0.633333,1.0,0.77551,0.0,0.366667,0.316667,0.683333,60,19,41,0.183334
0.7,0.02,0.75,0.03,1,19,30,0,11,0.816667,1.0,0.633333,1.0,0.77551,0.0,0.366667,0.316667,0.683333,60,19,41,0.183334
0.7,0.02,0.8,0.03,0,19,30,0,11,0.816667,1.0,0.633333,1.0,0.77551,0.0,0.366667,0.316667,0.683333,60,19,41,0.183334
0.7,0.02,0.8,0.03,1,19,30,0,11,0.816667,1.0,0.633333,1.0,0.77551,0.0,0.366667,0.316667,0.683333,60,19,41,0.183334
0.75,0.0,,,3,19,30,0,11,0.816667,1.0,0.633333,1.0,0.77551,0.0,0.366667,0.316667,0.683333,60,19,41,0.183334
0.75,0.0,,0.015,3,19,30,0,11,0.816667,1.0,0.633333,1.0,0.77551,0.0,0.366667,0.316667,0.683333,60,19,41,0.183334
0.75,0.0,,0.02,3,19,30,0,11,0.816667,1.0,0.633333,1.0,0.77551,0.0,0.366667,0.316667,0.683333,60,19,41,0.183334
0.75,0.0,,0.025,3,19,30,0,11,0.816667,1.0,0.633333,1.0,0.77551,0.0,0.366667,0.316667,0.683333,60,19,41,0.183334
0.75,0.0,0.65,,3,19,30,0,11,0.816667,1.0,0.633333,1.0,0.77551,0.0,0.366667,0.316667,0.683333,60,19,41,0.183334
0.75,0.0,0.65,0.015,3,19,30,0,11,0.816667,1.0,0.633333,1.0,0.77551,0.0,0.366667,0.316667,0.683333,60,19,41,0.183334
0.75,0.0,0.65,0.02,3,19,30,0,11,0.816667,1.0,0.633333,1.0,0.77551,0.0,0.366667,0.316667,0.683333,60,19,41,0.183334
0.75,0.0,0.65,0.025,3,19,30,0,11,0.816667,1.0,0.633333,1.0,0.77551,0.0,0.366667,0.316667,0.683333,60,19,41,0.183334
0.75,0.0,0.7,,3,19,30,0,11,0.816667,1.0,0.633333,1.0,0.77551,0.0,0.366667,0.316667,0.683333,60,19,41,0.183334
0.75,0.0,0.7,0.015,3,19,30,0,11,0.816667,1.0,0.633333,1.0,0.77551,0.0,0.366667,0.316667,0.683333,60,19,41,0.183334
0.75,0.0,0.7,0.02,3,19,30,0,11,0.816667,1.0,0.633333,1.0,0.77551,0.0,0.366667,0.316667,0.683333,60,19,41,0.183334
0.75,0.0,0.7,0.025,3,19,30,0,11,0.816667,1.0,0.633333,1.0,0.77551,0.0,0.366667,0.316667,0.683333,60,19,41,0.183334
0.75,0.0,0.75,,3,19,30,0,11,0.816667,1.0,0.633333,1.0,0.77551,0.0,0.366667,0.316667,0.683333,60,19,41,0.183334
0.75,0.0,0.75,0.015,3,19,30,0,11,0.816667,1.0,0.633333,1.0,0.77551,0.0,0.366667,0.316667,0.683333,60,19,41,0.183334
0.75,0.0,0.75,0.02,3,19,30,0,11,0.816667,1.0,0.633333,1.0,0.77551,0.0,0.366667,0.316667,0.683333,60,19,41,0.183334
0.75,0.0,0.75,0.025,3,19,30,0,11,0.816667,1.0,0.633333,1.0,0.77551,0.0,0.366667,0.316667,0.683333,60,19,41,0.183334
0.75,0.0,0.8,,3,19,30,0,11,0.816667,1.0,0.633333,1.0,0.77551,0.0,0.366667,0.316667,0.683333,60,19,41,0.183334
0.75,0.0,0.8,0.015,3,19,30,0,11,0.816667,1.0,0.633333,1.0,0.77551,0.0,0.366667,0.316667,0.683333,60,19,41,0.183334
0.75,0.0,0.8,0.02,3,19,30,0,11,0.816667,1.0,0.633333,1.0,0.77551,0.0,0.366667,0.316667,0.683333,60,19,41,0.183334
0.75,0.0,0.8,0.025,3,19,30,0,11,0.816667,1.0,0.633333,1.0,0.77551,0.0,0.366667,0.316667,0.683333,60,19,41,0.183334
0.75,0.0,0.85,0.03,2,19,30,0,11,0.816667,1.0,0.633333,1.0,0.77551,0.0,0.366667,0.316667,0.683333,60,19,41,0.183334
0.75,0.02,,0.03,0,19,30,0,11,0.816667,1.0,0.633333,1.0,0.77551,0.0,0.366667,0.316667,0.683333,60,19,41,0.183334
0.75,0.02,,0.03,1,19,30,0,11,0.816667,1.0,0.633333,1.0,0.77551,0.0,0.366667,0.316667,0.683333,60,19,41,0.183334
0.75,0.02,0.65,0.03,0,19,30,0,11,0.816667,1.0,0.633333,1.0,0.77551,0.0,0.366667,0.316667,0.683333,60,19,41,0.183334
0.75,0.02,0.65,0.03,1,19,30,0,11,0.816667,1.0,0.633333,1.0,0.77551,0.0,0.366667,0.316667,0.683333,60,19,41,0.183334
0.75,0.02,0.7,0.03,0,19,30,0,11,0.816667,1.0,0.633333,1.0,0.77551,0.0,0.366667,0.316667,0.683333,60,19,41,0.183334
0.75,0.02,0.7,0.03,1,19,30,0,11,0.816667,1.0,0.633333,1.0,0.77551,0.0,0.366667,0.316667,0.683333,60,19,41,0.183334
0.75,0.02,0.75,0.03,0,19,30,0,11,0.816667,1.0,0.633333,1.0,0.77551,0.0,0.366667,0.316667,0.683333,60,19,41,0.183334
0.75,0.02,0.75,0.03,1,19,30,0,11,0.816667,1.0,0.633333,1.0,0.77551,0.0,0.366667,0.316667,0.683333,60,19,41,0.183334
0.75,0.02,0.8,0.03,0,19,30,0,11,0.816667,1.0,0.633333,1.0,0.77551,0.0,0.366667,0.316667,0.683333,60,19,41,0.183334
0.75,0.02,0.8,0.03,1,19,30,0,11,0.816667,1.0,0.633333,1.0,0.77551,0.0,0.366667,0.316667,0.683333,60,19,41,0.183334
0.8,0.0,0.85,,2,19,30,0,11,0.816667,1.0,0.633333,1.0,0.77551,0.0,0.366667,0.316667,0.683333,60,19,41,0.183334
0.8,0.0,0.85,0.015,2,19,30,0,11,0.816667,1.0,0.633333,1.0,0.77551,0.0,0.366667,0.316667,0.683333,60,19,41,0.183334
0.8,0.0,0.85,0.02,2,19,30,0,11,0.816667,1.0,0.633333,1.0,0.77551,0.0,0.366667,0.316667,0.683333,60,19,41,0.183334
0.8,0.0,0.85,0.025,2,19,30,0,11,0.816667,1.0,0.633333,1.0,0.77551,0.0,0.366667,0.316667,0.683333,60,19,41,0.183334
0.8,0.0,0.85,0.03,2,19,30,0,11,0.816667,1.0,0.633333,1.0,0.77551,0.0,0.366667,0.316667,0.683333,60,19,41,0.183334
0.8,0.02,,0.03,0,19,30,0,11,0.816667,1.0,0.633333,1.0,0.77551,0.0,0.366667,0.316667,0.683333,60,19,41,0.183334
0.8,0.02,,0.03,1,19,30,0,11,0.816667,1.0,0.633333,1.0,0.77551,0.0,0.366667,0.316667,0.683333,60,19,41,0.183334
0.8,0.02,0.65,0.03,0,19,30,0,11,0.816667,1.0,0.633333,1.0,0.77551,0.0,0.366667,0.316667,0.683333,60,19,41,0.183334
0.8,0.02,0.65,0.03,1,19,30,0,11,0.816667,1.0,0.633333,1.0,0.77551,0.0,0.366667,0.316667,0.683333,60,19,41,0.183334
0.8,0.02,0.7,0.03,0,19,30,0,11,0.816667,1.0,0.633333,1.0,0.77551,0.0,0.366667,0.316667,0.683333,60,19,41,0.183334
0.8,0.02,0.7,0.03,1,19,30,0,11,0.816667,1.0,0.633333,1.0,0.77551,0.0,0.366667,0.316667,0.683333,60,19,41,0.183334
0.8,0.02,0.75,0.03,0,19,30,0,11,0.816667,1.0,0.633333,1.0,0.77551,0.0,0.366667,0.316667,0.683333,60,19,41,0.183334
0.8,0.02,0.75,0.03,1,19,30,0,11,0.816667,1.0,0.633333,1.0,0.77551,0.0,0.366667,0.316667,0.683333,60,19,41,0.183334
0.8,0.02,0.8,0.03,0,19,30,0,11,0.816667,1.0,0.633333,1.0,0.77551,0.0,0.366667,0.316667,0.683333,60,19,41,0.183334
0.8,0.02,0.8,0.03,1,19,30,0,11,0.816667,1.0,0.633333,1.0,0.77551,0.0,0.366667,0.316667,0.683333,60,19,41,0.183334
0.85,0.0,,0.03,2,19,30,0,11,0.816667,1.0,0.633333,1.0,0.77551,0.0,0.366667,0.316667,0.683333,60,19,41,0.183334
0.85,0.0,0.65,0.03,2,19,30,0,11,0.816667,1.0,0.633333,1.0,0.77551,0.0,0.366667,0.316667,0.683333,60,19,41,0.183334
0.85,0.0,0.7,0.03,2,19,30,0,11,0.816667,1.0,0.633333,1.0,0.77551,0.0,0.366667,0.316667,0.683333,60,19,41,0.183334
0.85,0.0,0.75,0.03,2,19,30,0,11,0.816667,1.0,0.633333,1.0,0.77551,0.0,0.366667,0.316667,0.683333,60,19,41,0.183334
0.85,0.0,0.8,0.03,2,19,30,0,11,0.816667,1.0,0.633333,1.0,0.77551,0.0,0.366667,0.316667,0.683333,60,19,41,0.183334
0.9,0.0,,0.03,2,19,30,0,11,0.816667,1.0,0.633333,1.0,0.77551,0.0,0.366667,0.316667,0.683333,60,19,41,0.183334
0.9,0.0,0.65,0.03,2,19,30,0,11,0.816667,1.0,0.633333,1.0,0.77551,0.0,0.366667,0.316667,0.683333,60,19,41,0.183334
0.9,0.0,0.7,0.03,2,19,30,0,11,0.816667,1.0,0.633333,1.0,0.77551,0.0,0.366667,0.316667,0.683333,60,19,41,0.183334
0.9,0.0,0.75,0.03,2,19,30,0,11,0.816667,1.0,0.633333,1.0,0.77551,0.0,0.366667,0.316667,0.683333,60,19,41,0.183334
0.9,0.0,0.8,0.03,2,19,30,0,11,0.816667,1.0,0.633333,1.0,0.77551,0.0,0.366667,0.316667,0.683333,60,19,41,0.183334
0.95,0.0,0.85,,0,19,30,0,11,0.816667,1.0,0.633333,1.0,0.77551,0.0,0.366667,0.316667,0.683333,60,19,41,0.183334
0.95,0.0,0.85,,1,19,30,0,11,0.816667,1.0,0.633333,1.0,0.77551,0.0,0.366667,0.316667,0.683333,60,19,41,0.183334
0.95,0.0,0.85,0.015,0,19,30,0,11,0.816667,1.0,0.633333,1.0,0.77551,0.0,0.366667,0.316667,0.683333,60,19,41,0.183334
0.95,0.0,0.85,0.015,1,19,30,0,11,0.816667,1.0,0.633333,1.0,0.77551,0.0,0.366667,0.316667,0.683333,60,19,41,0.183334
0.95,0.0,0.85,0.02,0,19,30,0,11,0.816667,1.0,0.633333,1.0,0.77551,0.0,0.366667,0.316667,0.683333,60,19,41,0.183334
0.95,0.0,0.85,0.02,1,19,30,0,11,0.816667,1.0,0.633333,1.0,0.77551,0.0,0.366667,0.316667,0.683333,60,19,41,0.183334
0.95,0.0,0.85,0.025,0,19,30,0,11,0.816667,1.0,0.633333,1.0,0.77551,0.0,0.366667,0.316667,0.683333,60,19,41,0.183334
0.95,0.0,0.85,0.025,1,19,30,0,11,0.816667,1.0,0.633333,1.0,0.77551,0.0,0.366667,0.316667,0.683333,60,19,41,0.183334
0.95,0.0,0.85,0.03,0,19,30,0,11,0.816667,1.0,0.633333,1.0,0.77551,0.0,0.366667,0.316667,0.683333,60,19,41,0.183334
0.95,0.0,0.85,0.03,1,19,30,0,11,0.816667,1.0,0.633333,1.0,0.77551,0.0,0.366667,0.316667,0.683333,60,19,41,0.183334
0.75,0.05,,0.015,0,18,30,0,12,0.8,1.0,0.6,1.0,0.75,0.0,0.4,0.3,0.7,60,18,42,0.2
0.75,0.05,,0.015,1,18,30,0,12,0.8,1.0,0.6,1.0,0.75,0.0,0.4,0.3,0.7,60,18,42,0.2
0.75,0.05,,0.02,0,18,30,0,12,0.8,1.0,0.6,1.0,0.75,0.0,0.4,0.3,0.7,60,18,42,0.2
0.75,0.05,,0.02,1,18,30,0,12,0.8,1.0,0.6,1.0,0.75,0.0,0.4,0.3,0.7,60,18,42,0.2
0.75,0.05,,0.025,0,18,30,0,12,0.8,1.0,0.6,1.0,0.75,0.0,0.4,0.3,0.7,60,18,42,0.2
0.75,0.05,,0.025,1,18,30,0,12,0.8,1.0,0.6,1.0,0.75,0.0,0.4,0.3,0.7,60,18,42,0.2
0.75,0.05,0.65,0.015,0,18,30,0,12,0.8,1.0,0.6,1.0,0.75,0.0,0.4,0.3,0.7,60,18,42,0.2
0.75,0.05,0.65,0.015,1,18,30,0,12,0.8,1.0,0.6,1.0,0.75,0.0,0.4,0.3,0.7,60,18,42,0.2
0.75,0.05,0.65,0.02,0,18,30,0,12,0.8,1.0,0.6,1.0,0.75,0.0,0.4,0.3,0.7,60,18,42,0.2
0.75,0.05,0.65,0.02,1,18,30,0,12,0.8,1.0,0.6,1.0,0.75,0.0,0.4,0.3,0.7,60,18,42,0.2
0.75,0.05,0.65,0.025,0,18,30,0,12,0.8,1.0,0.6,1.0,0.75,0.0,0.4,0.3,0.7,60,18,42,0.2
0.75,0.05,0.65,0.025,1,18,30,0,12,0.8,1.0,0.6,1.0,0.75,0.0,0.4,0.3,0.7,60,18,42,0.2
0.75,0.05,0.7,0.015,0,18,30,0,12,0.8,1.0,0.6,1.0,0.75,0.0,0.4,0.3,0.7,60,18,42,0.2
0.75,0.05,0.7,0.015,1,18,30,0,12,0.8,1.0,0.6,1.0,0.75,0.0,0.4,0.3,0.7,60,18,42,0.2
0.75,0.05,0.7,0.02,0,18,30,0,12,0.8,1.0,0.6,1.0,0.75,0.0,0.4,0.3,0.7,60,18,42,0.2
0.75,0.05,0.7,0.02,1,18,30,0,12,0.8,1.0,0.6,1.0,0.75,0.0,0.4,0.3,0.7,60,18,42,0.2
0.75,0.05,0.7,0.025,0,18,30,0,12,0.8,1.0,0.6,1.0,0.75,0.0,0.4,0.3,0.7,60,18,42,0.2
0.75,0.05,0.7,0.025,1,18,30,0,12,0.8,1.0,0.6,1.0,0.75,0.0,0.4,0.3,0.7,60,18,42,0.2
0.75,0.05,0.75,,0,18,30,0,12,0.8,1.0,0.6,1.0,0.75,0.0,0.4,0.3,0.7,60,18,42,0.2
0.75,0.05,0.75,,1,18,30,0,12,0.8,1.0,0.6,1.0,0.75,0.0,0.4,0.3,0.7,60,18,42,0.2
0.75,0.05,0.75,0.015,0,18,30,0,12,0.8,1.0,0.6,1.0,0.75,0.0,0.4,0.3,0.7,60,18,42,0.2
0.75,0.05,0.75,0.015,1,18,30,0,12,0.8,1.0,0.6,1.0,0.75,0.0,0.4,0.3,0.7,60,18,42,0.2
0.75,0.05,0.75,0.02,0,18,30,0,12,0.8,1.0,0.6,1.0,0.75,0.0,0.4,0.3,0.7,60,18,42,0.2
0.75,0.05,0.75,0.02,1,18,30,0,12,0.8,1.0,0.6,1.0,0.75,0.0,0.4,0.3,0.7,60,18,42,0.2
0.75,0.05,0.75,0.025,0,18,30,0,12,0.8,1.0,0.6,1.0,0.75,0.0,0.4,0.3,0.7,60,18,42,0.2
0.75,0.05,0.75,0.025,1,18,30,0,12,0.8,1.0,0.6,1.0,0.75,0.0,0.4,0.3,0.7,60,18,42,0.2
0.75,0.05,0.8,,0,18,30,0,12,0.8,1.0,0.6,1.0,0.75,0.0,0.4,0.3,0.7,60,18,42,0.2
0.75,0.05,0.8,,1,18,30,0,12,0.8,1.0,0.6,1.0,0.75,0.0,0.4,0.3,0.7,60,18,42,0.2
0.75,0.05,0.8,0.015,0,18,30,0,12,0.8,1.0,0.6,1.0,0.75,0.0,0.4,0.3,0.7,60,18,42,0.2
0.75,0.05,0.8,0.015,1,18,30,0,12,0.8,1.0,0.6,1.0,0.75,0.0,0.4,0.3,0.7,60,18,42,0.2
0.75,0.05,0.8,0.02,0,18,30,0,12,0.8,1.0,0.6,1.0,0.75,0.0,0.4,0.3,0.7,60,18,42,0.2
0.75,0.05,0.8,0.02,1,18,30,0,12,0.8,1.0,0.6,1.0,0.75,0.0,0.4,0.3,0.7,60,18,42,0.2
0.75,0.05,0.8,0.025,0,18,30,0,12,0.8,1.0,0.6,1.0,0.75,0.0,0.4,0.3,0.7,60,18,42,0.2
0.75,0.05,0.8,0.025,1,18,30,0,12,0.8,1.0,0.6,1.0,0.75,0.0,0.4,0.3,0.7,60,18,42,0.2
0.8,0.0,,,3,18,30,0,12,0.8,1.0,0.6,1.0,0.75,0.0,0.4,0.3,0.7,60,18,42,0.2
0.8,0.0,,0.015,3,18,30,0,12,0.8,1.0,0.6,1.0,0.75,0.0,0.4,0.3,0.7,60,18,42,0.2
0.8,0.0,,0.02,3,18,30,0,12,0.8,1.0,0.6,1.0,0.75,0.0,0.4,0.3,0.7,60,18,42,0.2
0.8,0.0,,0.025,3,18,30,0,12,0.8,1.0,0.6,1.0,0.75,0.0,0.4,0.3,0.7,60,18,42,0.2
0.8,0.0,0.65,,3,18,30,0,12,0.8,1.0,0.6,1.0,0.75,0.0,0.4,0.3,0.7,60,18,42,0.2
0.8,0.0,0.65,0.015,3,18,30,0,12,0.8,1.0,0.6,1.0,0.75,0.0,0.4,0.3,0.7,60,18,42,0.2
0.8,0.0,0.65,0.02,3,18,30,0,12,0.8,1.0,0.6,1.0,0.75,0.0,0.4,0.3,0.7,60,18,42,0.2
0.8,0.0,0.65,0.025,3,18,30,0,12,0.8,1.0,0.6,1.0,0.75,0.0,0.4,0.3,0.7,60,18,42,0.2
0.8,0.0,0.7,,3,18,30,0,12,0.8,1.0,0.6,1.0,0.75,0.0,0.4,0.3,0.7,60,18,42,0.2
0.8,0.0,0.7,0.015,3,18,30,0,12,0.8,1.0,0.6,1.0,0.75,0.0,0.4,0.3,0.7,60,18,42,0.2
0.8,0.0,0.7,0.02,3,18,30,0,12,0.8,1.0,0.6,1.0,0.75,0.0,0.4,0.3,0.7,60,18,42,0.2
0.8,0.0,0.7,0.025,3,18,30,0,12,0.8,1.0,0.6,1.0,0.75,0.0,0.4,0.3,0.7,60,18,42,0.2
0.8,0.0,0.75,,3,18,30,0,12,0.8,1.0,0.6,1.0,0.75,0.0,0.4,0.3,0.7,60,18,42,0.2
0.8,0.0,0.75,0.015,3,18,30,0,12,0.8,1.0,0.6,1.0,0.75,0.0,0.4,0.3,0.7,60,18,42,0.2
0.8,0.0,0.75,0.02,3,18,30,0,12,0.8,1.0,0.6,1.0,0.75,0.0,0.4,0.3,0.7,60,18,42,0.2
0.8,0.0,0.75,0.025,3,18,30,0,12,0.8,1.0,0.6,1.0,0.75,0.0,0.4,0.3,0.7,60,18,42,0.2
0.8,0.0,0.8,,3,18,30,0,12,0.8,1.0,0.6,1.0,0.75,0.0,0.4,0.3,0.7,60,18,42,0.2
0.8,0.0,0.8,0.015,3,18,30,0,12,0.8,1.0,0.6,1.0,0.75,0.0,0.4,0.3,0.7,60,18,42,0.2
0.8,0.0,0.8,0.02,3,18,30,0,12,0.8,1.0,0.6,1.0,0.75,0.0,0.4,0.3,0.7,60,18,42,0.2
0.8,0.0,0.8,0.025,3,18,30,0,12,0.8,1.0,0.6,1.0,0.75,0.0,0.4,0.3,0.7,60,18,42,0.2
0.85,0.0,,,3,18,30,0,12,0.8,1.0,0.6,1.0,0.75,0.0,0.4,0.3,0.7,60,18,42,0.2
0.85,0.0,,0.015,3,18,30,0,12,0.8,1.0,0.6,1.0,0.75,0.0,0.4,0.3,0.7,60,18,42,0.2
0.85,0.0,,0.02,3,18,30,0,12,0.8,1.0,0.6,1.0,0.75,0.0,0.4,0.3,0.7,60,18,42,0.2
0.85,0.0,,0.025,3,18,30,0,12,0.8,1.0,0.6,1.0,0.75,0.0,0.4,0.3,0.7,60,18,42,0.2
0.85,0.0,0.65,,3,18,30,0,12,0.8,1.0,0.6,1.0,0.75,0.0,0.4,0.3,0.7,60,18,42,0.2
0.85,0.0,0.65,0.015,3,18,30,0,12,0.8,1.0,0.6,1.0,0.75,0.0,0.4,0.3,0.7,60,18,42,0.2
0.85,0.0,0.65,0.02,3,18,30,0,12,0.8,1.0,0.6,1.0,0.75,0.0,0.4,0.3,0.7,60,18,42,0.2
0.85,0.0,0.65,0.025,3,18,30,0,12,0.8,1.0,0.6,1.0,0.75,0.0,0.4,0.3,0.7,60,18,42,0.2
0.85,0.0,0.7,,3,18,30,0,12,0.8,1.0,0.6,1.0,0.75,0.0,0.4,0.3,0.7,60,18,42,0.2
0.85,0.0,0.7,0.015,3,18,30,0,12,0.8,1.0,0.6,1.0,0.75,0.0,0.4,0.3,0.7,60,18,42,0.2
0.85,0.0,0.7,0.02,3,18,30,0,12,0.8,1.0,0.6,1.0,0.75,0.0,0.4,0.3,0.7,60,18,42,0.2
0.85,0.0,0.7,0.025,3,18,30,0,12,0.8,1.0,0.6,1.0,0.75,0.0,0.4,0.3,0.7,60,18,42,0.2
0.85,0.0,0.75,,3,18,30,0,12,0.8,1.0,0.6,1.0,0.75,0.0,0.4,0.3,0.7,60,18,42,0.2
0.85,0.0,0.75,0.015,3,18,30,0,12,0.8,1.0,0.6,1.0,0.75,0.0,0.4,0.3,0.7,60,18,42,0.2
0.85,0.0,0.75,0.02,3,18,30,0,12,0.8,1.0,0.6,1.0,0.75,0.0,0.4,0.3,0.7,60,18,42,0.2
0.85,0.0,0.75,0.025,3,18,30,0,12,0.8,1.0,0.6,1.0,0.75,0.0,0.4,0.3,0.7,60,18,42,0.2
0.85,0.0,0.8,,3,18,30,0,12,0.8,1.0,0.6,1.0,0.75,0.0,0.4,0.3,0.7,60,18,42,0.2
0.85,0.0,0.8,0.015,3,18,30,0,12,0.8,1.0,0.6,1.0,0.75,0.0,0.4,0.3,0.7,60,18,42,0.2
0.85,0.0,0.8,0.02,3,18,30,0,12,0.8,1.0,0.6,1.0,0.75,0.0,0.4,0.3,0.7,60,18,42,0.2
0.85,0.0,0.8,0.025,3,18,30,0,12,0.8,1.0,0.6,1.0,0.75,0.0,0.4,0.3,0.7,60,18,42,0.2
0.85,0.0,0.85,,2,18,30,0,12,0.8,1.0,0.6,1.0,0.75,0.0,0.4,0.3,0.7,60,18,42,0.2
0.85,0.0,0.85,0.015,2,18,30,0,12,0.8,1.0,0.6,1.0,0.75,0.0,0.4,0.3,0.7,60,18,42,0.2
0.85,0.0,0.85,0.02,2,18,30,0,12,0.8,1.0,0.6,1.0,0.75,0.0,0.4,0.3,0.7,60,18,42,0.2
0.85,0.0,0.85,0.025,2,18,30,0,12,0.8,1.0,0.6,1.0,0.75,0.0,0.4,0.3,0.7,60,18,42,0.2
0.85,0.0,0.85,0.03,2,18,30,0,12,0.8,1.0,0.6,1.0,0.75,0.0,0.4,0.3,0.7,60,18,42,0.2
0.85,0.02,,0.015,0,18,30,0,12,0.8,1.0,0.6,1.0,0.75,0.0,0.4,0.3,0.7,60,18,42,0.2
0.85,0.02,,0.015,1,18,30,0,12,0.8,1.0,0.6,1.0,0.75,0.0,0.4,0.3,0.7,60,18,42,0.2
0.85,0.02,,0.02,0,18,30,0,12,0.8,1.0,0.6,1.0,0.75,0.0,0.4,0.3,0.7,60,18,42,0.2
0.85,0.02,,0.02,1,18,30,0,12,0.8,1.0,0.6,1.0,0.75,0.0,0.4,0.3,0.7,60,18,42,0.2
0.85,0.02,,0.025,0,18,30,0,12,0.8,1.0,0.6,1.0,0.75,0.0,0.4,0.3,0.7,60,18,42,0.2
0.85,0.02,,0.025,1,18,30,0,12,0.8,1.0,0.6,1.0,0.75,0.0,0.4,0.3,0.7,60,18,42,0.2
0.85,0.02,0.65,0.015,0,18,30,0,12,0.8,1.0,0.6,1.0,0.75,0.0,0.4,0.3,0.7,60,18,42,0.2
0.85,0.02,0.65,0.015,1,18,30,0,12,0.8,1.0,0.6,1.0,0.75,0.0,0.4,0.3,0.7,60,18,42,0.2
0.85,0.02,0.65,0.02,0,18,30,0,12,0.8,1.0,0.6,1.0,0.75,0.0,0.4,0.3,0.7,60,18,42,0.2
0.85,0.02,0.65,0.02,1,18,30,0,12,0.8,1.0,0.6,1.0,0.75,0.0,0.4,0.3,0.7,60,18,42,0.2
0.85,0.02,0.65,0.025,0,18,30,0,12,0.8,1.0,0.6,1.0,0.75,0.0,0.4,0.3,0.7,60,18,42,0.2
0.85,0.02,0.65,0.025,1,18,30,0,12,0.8,1.0,0.6,1.0,0.75,0.0,0.4,0.3,0.7,60,18,42,0.2
0.85,0.02,0.7,0.015,0,18,30,0,12,0.8,1.0,0.6,1.0,0.75,0.0,0.4,0.3,0.7,60,18,42,0.2
0.85,0.02,0.7,0.015,1,18,30,0,12,0.8,1.0,0.6,1.0,0.75,0.0,0.4,0.3,0.7,60,18,42,0.2
0.85,0.02,0.7,0.02,0,18,30,0,12,0.8,1.0,0.6,1.0,0.75,0.0,0.4,0.3,0.7,60,18,42,0.2
0.85,0.02,0.7,0.02,1,18,30,0,12,0.8,1.0,0.6,1.0,0.75,0.0,0.4,0.3,0.7,60,18,42,0.2
0.85,0.02,0.7,0.025,0,18,30,0,12,0.8,1.0,0.6,1.0,0.75,0.0,0.4,0.3,0.7,60,18,42,0.2
0.85,0.02,0.7,0.025,1,18,30,0,12,0.8,1.0,0.6,1.0,0.75,0.0,0.4,0.3,0.7,60,18,42,0.2
0.85,0.02,0.75,,0,18,30,0,12,0.8,1.0,0.6,1.0,0.75,0.0,0.4,0.3,0.7,60,18,42,0.2
0.85,0.02,0.75,,1,18,30,0,12,0.8,1.0,0.6,1.0,0.75,0.0,0.4,0.3,0.7,60,18,42,0.2
0.85,0.02,0.75,0.015,0,18,30,0,12,0.8,1.0,0.6,1.0,0.75,0.0,0.4,0.3,0.7,60,18,42,0.2
0.85,0.02,0.75,0.015,1,18,30,0,12,0.8,1.0,0.6,1.0,0.75,0.0,0.4,0.3,0.7,60,18,42,0.2
0.85,0.02,0.75,0.02,0,18,30,0,12,0.8,1.0,0.6,1.0,0.75,0.0,0.4,0.3,0.7,60,18,42,0.2
0.85,0.02,0.75,0.02,1,18,30,0,12,0.8,1.0,0.6,1.0,0.75,0.0,0.4,0.3,0.7,60,18,42,0.2
0.85,0.02,0.75,0.025,0,18,30,0,12,0.8,1.0,0.6,1.0,0.75,0.0,0.4,0.3,0.7,60,18,42,0.2
0.85,0.02,0.75,0.025,1,18,30,0,12,0.8,1.0,0.6,1.0,0.75,0.0,0.4,0.3,0.7,60,18,42,0.2
0.85,0.02,0.8,,0,18,30,0,12,0.8,1.0,0.6,1.0,0.75,0.0,0.4,0.3,0.7,60,18,42,0.2
0.85,0.02,0.8,,1,18,30,0,12,0.8,1.0,0.6,1.0,0.75,0.0,0.4,0.3,0.7,60,18,42,0.2
0.85,0.02,0.8,0.015,0,18,30,0,12,0.8,1.0,0.6,1.0,0.75,0.0,0.4,0.3,0.7,60,18,42,0.2
0.85,0.02,0.8,0.015,1,18,30,0,12,0.8,1.0,0.6,1.0,0.75,0.0,0.4,0.3,0.7,60,18,42,0.2
0.85,0.02,0.8,0.02,0,18,30,0,12,0.8,1.0,0.6,1.0,0.75,0.0,0.4,0.3,0.7,60,18,42,0.2
0.85,0.02,0.8,0.02,1,18,30,0,12,0.8,1.0,0.6,1.0,0.75,0.0,0.4,0.3,0.7,60,18,42,0.2
0.85,0.02,0.8,0.025,0,18,30,0,12,0.8,1.0,0.6,1.0,0.75,0.0,0.4,0.3,0.7,60,18,42,0.2
0.85,0.02,0.8,0.025,1,18,30,0,12,0.8,1.0,0.6,1.0,0.75,0.0,0.4,0.3,0.7,60,18,42,0.2
0.9,0.0,,,3,18,30,0,12,0.8,1.0,0.6,1.0,0.75,0.0,0.4,0.3,0.7,60,18,42,0.2
0.9,0.0,,0.015,3,18,30,0,12,0.8,1.0,0.6,1.0,0.75,0.0,0.4,0.3,0.7,60,18,42,0.2
0.9,0.0,,0.02,3,18,30,0,12,0.8,1.0,0.6,1.0,0.75,0.0,0.4,0.3,0.7,60,18,42,0.2
0.9,0.0,,0.025,3,18,30,0,12,0.8,1.0,0.6,1.0,0.75,0.0,0.4,0.3,0.7,60,18,42,0.2
0.9,0.0,0.65,,3,18,30,0,12,0.8,1.0,0.6,1.0,0.75,0.0,0.4,0.3,0.7,60,18,42,0.2
0.9,0.0,0.65,0.015,3,18,30,0,12,0.8,1.0,0.6,1.0,0.75,0.0,0.4,0.3,0.7,60,18,42,0.2
0.9,0.0,0.65,0.02,3,18,30,0,12,0.8,1.0,0.6,1.0,0.75,0.0,0.4,0.3,0.7,60,18,42,0.2
0.9,0.0,0.65,0.025,3,18,30,0,12,0.8,1.0,0.6,1.0,0.75,0.0,0.4,0.3,0.7,60,18,42,0.2
0.9,0.0,0.7,,3,18,30,0,12,0.8,1.0,0.6,1.0,0.75,0.0,0.4,0.3,0.7,60,18,42,0.2
0.9,0.0,0.7,0.015,3,18,30,0,12,0.8,1.0,0.6,1.0,0.75,0.0,0.4,0.3,0.7,60,18,42,0.2
0.9,0.0,0.7,0.02,3,18,30,0,12,0.8,1.0,0.6,1.0,0.75,0.0,0.4,0.3,0.7,60,18,42,0.2
0.9,0.0,0.7,0.025,3,18,30,0,12,0.8,1.0,0.6,1.0,0.75,0.0,0.4,0.3,0.7,60,18,42,0.2
0.9,0.0,0.75,,3,18,30,0,12,0.8,1.0,0.6,1.0,0.75,0.0,0.4,0.3,0.7,60,18,42,0.2
0.9,0.0,0.75,0.015,3,18,30,0,12,0.8,1.0,0.6,1.0,0.75,0.0,0.4,0.3,0.7,60,18,42,0.2
0.9,0.0,0.75,0.02,3,18,30,0,12,0.8,1.0,0.6,1.0,0.75,0.0,0.4,0.3,0.7,60,18,42,0.2
0.9,0.0,0.75,0.025,3,18,30,0,12,0.8,1.0,0.6,1.0,0.75,0.0,0.4,0.3,0.7,60,18,42,0.2
0.9,0.0,0.8,,3,18,30,0,12,0.8,1.0,0.6,1.0,0.75,0.0,0.4,0.3,0.7,60,18,42,0.2
0.9,0.0,0.8,0.015,3,18,30,0,12,0.8,1.0,0.6,1.0,0.75,0.0,0.4,0.3,0.7,60,18,42,0.2
0.9,0.0,0.8,0.02,3,18,30,0,12,0.8,1.0,0.6,1.0,0.75,0.0,0.4,0.3,0.7,60,18,42,0.2
0.9,0.0,0.8,0.025,3,18,30,0,12,0.8,1.0,0.6,1.0,0.75,0.0,0.4,0.3,0.7,60,18,42,0.2
0.9,0.0,0.85,,2,18,30,0,12,0.8,1.0,0.6,1.0,0.75,0.0,0.4,0.3,0.7,60,18,42,0.2
0.9,0.0,0.85,0.015,2,18,30,0,12,0.8,1.0,0.6,1.0,0.75,0.0,0.4,0.3,0.7,60,18,42,0.2
0.9,0.0,0.85,0.02,2,18,30,0,12,0.8,1.0,0.6,1.0,0.75,0.0,0.4,0.3,0.7,60,18,42,0.2
0.9,0.0,0.85,0.025,2,18,30,0,12,0.8,1.0,0.6,1.0,0.75,0.0,0.4,0.3,0.7,60,18,42,0.2
0.9,0.0,0.85,0.03,2,18,30,0,12,0.8,1.0,0.6,1.0,0.75,0.0,0.4,0.3,0.7,60,18,42,0.2
0.9,0.02,,0.015,0,18,30,0,12,0.8,1.0,0.6,1.0,0.75,0.0,0.4,0.3,0.7,60,18,42,0.2
0.9,0.02,,0.015,1,18,30,0,12,0.8,1.0,0.6,1.0,0.75,0.0,0.4,0.3,0.7,60,18,42,0.2
0.9,0.02,,0.02,0,18,30,0,12,0.8,1.0,0.6,1.0,0.75,0.0,0.4,0.3,0.7,60,18,42,0.2
0.9,0.02,,0.02,1,18,30,0,12,0.8,1.0,0.6,1.0,0.75,0.0,0.4,0.3,0.7,60,18,42,0.2
0.9,0.02,,0.025,0,18,30,0,12,0.8,1.0,0.6,1.0,0.75,0.0,0.4,0.3,0.7,60,18,42,0.2
0.9,0.02,,0.025,1,18,30,0,12,0.8,1.0,0.6,1.0,0.75,0.0,0.4,0.3,0.7,60,18,42,0.2
0.9,0.02,0.65,0.015,0,18,30,0,12,0.8,1.0,0.6,1.0,0.75,0.0,0.4,0.3,0.7,60,18,42,0.2
0.9,0.02,0.65,0.015,1,18,30,0,12,0.8,1.0,0.6,1.0,0.75,0.0,0.4,0.3,0.7,60,18,42,0.2
0.9,0.02,0.65,0.02,0,18,30,0,12,0.8,1.0,0.6,1.0,0.75,0.0,0.4,0.3,0.7,60,18,42,0.2
0.9,0.02,0.65,0.02,1,18,30,0,12,0.8,1.0,0.6,1.0,0.75,0.0,0.4,0.3,0.7,60,18,42,0.2
0.9,0.02,0.65,0.025,0,18,30,0,12,0.8,1.0,0.6,1.0,0.75,0.0,0.4,0.3,0.7,60,18,42,0.2
0.9,0.02,0.65,0.025,1,18,30,0,12,0.8,1.0,0.6,1.0,0.75,0.0,0.4,0.3,0.7,60,18,42,0.2
0.9,0.02,0.7,0.015,0,18,30,0,12,0.8,1.0,0.6,1.0,0.75,0.0,0.4,0.3,0.7,60,18,42,0.2
0.9,0.02,0.7,0.015,1,18,30,0,12,0.8,1.0,0.6,1.0,0.75,0.0,0.4,0.3,0.7,60,18,42,0.2
0.9,0.02,0.7,0.02,0,18,30,0,12,0.8,1.0,0.6,1.0,0.75,0.0,0.4,0.3,0.7,60,18,42,0.2
0.9,0.02,0.7,0.02,1,18,30,0,12,0.8,1.0,0.6,1.0,0.75,0.0,0.4,0.3,0.7,60,18,42,0.2
0.9,0.02,0.7,0.025,0,18,30,0,12,0.8,1.0,0.6,1.0,0.75,0.0,0.4,0.3,0.7,60,18,42,0.2
0.9,0.02,0.7,0.025,1,18,30,0,12,0.8,1.0,0.6,1.0,0.75,0.0,0.4,0.3,0.7,60,18,42,0.2
0.9,0.02,0.75,,0,18,30,0,12,0.8,1.0,0.6,1.0,0.75,0.0,0.4,0.3,0.7,60,18,42,0.2
0.9,0.02,0.75,,1,18,30,0,12,0.8,1.0,0.6,1.0,0.75,0.0,0.4,0.3,0.7,60,18,42,0.2
0.9,0.02,0.75,0.015,0,18,30,0,12,0.8,1.0,0.6,1.0,0.75,0.0,0.4,0.3,0.7,60,18,42,0.2
0.9,0.02,0.75,0.015,1,18,30,0,12,0.8,1.0,0.6,1.0,0.75,0.0,0.4,0.3,0.7,60,18,42,0.2
0.9,0.02,0.75,0.02,0,18,30,0,12,0.8,1.0,0.6,1.0,0.75,0.0,0.4,0.3,0.7,60,18,42,0.2
0.9,0.02,0.75,0.02,1,18,30,0,12,0.8,1.0,0.6,1.0,0.75,0.0,0.4,0.3,0.7,60,18,42,0.2
0.9,0.02,0.75,0.025,0,18,30,0,12,0.8,1.0,0.6,1.0,0.75,0.0,0.4,0.3,0.7,60,18,42,0.2
0.9,0.02,0.75,0.025,1,18,30,0,12,0.8,1.0,0.6,1.0,0.75,0.0,0.4,0.3,0.7,60,18,42,0.2
0.9,0.02,0.8,,0,18,30,0,12,0.8,1.0,0.6,1.0,0.75,0.0,0.4,0.3,0.7,60,18,42,0.2
0.9,0.02,0.8,,1,18,30,0,12,0.8,1.0,0.6,1.0,0.75,0.0,0.4,0.3,0.7,60,18,42,0.2
0.9,0.02,0.8,0.015,0,18,30,0,12,0.8,1.0,0.6,1.0,0.75,0.0,0.4,0.3,0.7,60,18,42,0.2
0.9,0.02,0.8,0.015,1,18,30,0,12,0.8,1.0,0.6,1.0,0.75,0.0,0.4,0.3,0.7,60,18,42,0.2
0.9,0.02,0.8,0.02,0,18,30,0,12,0.8,1.0,0.6,1.0,0.75,0.0,0.4,0.3,0.7,60,18,42,0.2
0.9,0.02,0.8,0.02,1,18,30,0,12,0.8,1.0,0.6,1.0,0.75,0.0,0.4,0.3,0.7,60,18,42,0.2
0.9,0.02,0.8,0.025,0,18,30,0,12,0.8,1.0,0.6,1.0,0.75,0.0,0.4,0.3,0.7,60,18,42,0.2
0.9,0.02,0.8,0.025,1,18,30,0,12,0.8,1.0,0.6,1.0,0.75,0.0,0.4,0.3,0.7,60,18,42,0.2
0.95,0.0,,0.015,2,18,30,0,12,0.8,1.0,0.6,1.0,0.75,0.0,0.4,0.3,0.7,60,18,42,0.2
0.95,0.0,,0.02,2,18,30,0,12,0.8,1.0,0.6,1.0,0.75,0.0,0.4,0.3,0.7,60,18,42,0.2
0.95,0.0,,0.025,2,18,30,0,12,0.8,1.0,0.6,1.0,0.75,0.0,0.4,0.3,0.7,60,18,42,0.2
0.95,0.0,0.65,0.015,2,18,30,0,12,0.8,1.0,0.6,1.0,0.75,0.0,0.4,0.3,0.7,60,18,42,0.2
0.95,0.0,0.65,0.02,2,18,30,0,12,0.8,1.0,0.6,1.0,0.75,0.0,0.4,0.3,0.7,60,18,42,0.2
0.95,0.0,0.65,0.025,2,18,30,0,12,0.8,1.0,0.6,1.0,0.75,0.0,0.4,0.3,0.7,60,18,42,0.2
0.95,0.0,0.7,0.015,2,18,30,0,12,0.8,1.0,0.6,1.0,0.75,0.0,0.4,0.3,0.7,60,18,42,0.2
0.95,0.0,0.7,0.02,2,18,30,0,12,0.8,1.0,0.6,1.0,0.75,0.0,0.4,0.3,0.7,60,18,42,0.2
0.95,0.0,0.7,0.025,2,18,30,0,12,0.8,1.0,0.6,1.0,0.75,0.0,0.4,0.3,0.7,60,18,42,0.2
0.95,0.0,0.75,,2,18,30,0,12,0.8,1.0,0.6,1.0,0.75,0.0,0.4,0.3,0.7,60,18,42,0.2
0.95,0.0,0.75,0.015,2,18,30,0,12,0.8,1.0,0.6,1.0,0.75,0.0,0.4,0.3,0.7,60,18,42,0.2
0.95,0.0,0.75,0.02,2,18,30,0,12,0.8,1.0,0.6,1.0,0.75,0.0,0.4,0.3,0.7,60,18,42,0.2
0.95,0.0,0.75,0.025,2,18,30,0,12,0.8,1.0,0.6,1.0,0.75,0.0,0.4,0.3,0.7,60,18,42,0.2
0.95,0.0,0.8,,2,18,30,0,12,0.8,1.0,0.6,1.0,0.75,0.0,0.4,0.3,0.7,60,18,42,0.2
0.95,0.0,0.8,0.015,2,18,30,0,12,0.8,1.0,0.6,1.0,0.75,0.0,0.4,0.3,0.7,60,18,42,0.2
0.95,0.0,0.8,0.02,2,18,30,0,12,0.8,1.0,0.6,1.0,0.75,0.0,0.4,0.3,0.7,60,18,42,0.2
0.95,0.0,0.8,0.025,2,18,30,0,12,0.8,1.0,0.6,1.0,0.75,0.0,0.4,0.3,0.7,60,18,42,0.2
0.3,0.0,,0.03,3,17,30,0,13,0.783333,1.0,0.566667,1.0,0.723404,0.0,0.433333,0.283333,0.716667,60,17,43,0.216667
0.3,0.0,0.65,0.03,3,17,30,0,13,0.783333,1.0,0.566667,1.0,0.723404,0.0,0.433333,0.283333,0.716667,60,17,43,0.216667
0.3,0.0,0.7,0.03,3,17,30,0,13,0.783333,1.0,0.566667,1.0,0.723404,0.0,0.433333,0.283333,0.716667,60,17,43,0.216667
0.3,0.0,0.75,0.03,3,17,30,0,13,0.783333,1.0,0.566667,1.0,0.723404,0.0,0.433333,0.283333,0.716667,60,17,43,0.216667
0.3,0.0,0.8,0.03,3,17,30,0,13,0.783333,1.0,0.566667,1.0,0.723404,0.0,0.433333,0.283333,0.716667,60,17,43,0.216667
0.3,0.0,0.85,,3,17,30,0,13,0.783333,1.0,0.566667,1.0,0.723404,0.0,0.433333,0.283333,0.716667,60,17,43,0.216667
0.3,0.0,0.85,0.015,3,17,30,0,13,0.783333,1.0,0.566667,1.0,0.723404,0.0,0.433333,0.283333,0.716667,60,17,43,0.216667
0.3,0.0,0.85,0.02,3,17,30,0,13,0.783333,1.0,0.566667,1.0,0.723404,0.0,0.433333,0.283333,0.716667,60,17,43,0.216667
0.3,0.0,0.85,0.025,3,17,30,0,13,0.783333,1.0,0.566667,1.0,0.723404,0.0,0.433333,0.283333,0.716667,60,17,43,0.216667
0.4,0.0,,0.03,3,17,30,0,13,0.783333,1.0,0.566667,1.0,0.723404,0.0,0.433333,0.283333,0.716667,60,17,43,0.216667
0.4,0.0,0.65,0.03,3,17,30,0,13,0.783333,1.0,0.566667,1.0,0.723404,0.0,0.433333,0.283333,0.716667,60,17,43,0.216667
0.4,0.0,0.7,0.03,3,17,30,0,13,0.783333,1.0,0.566667,1.0,0.723404,0.0,0.433333,0.283333,0.716667,60,17,43,0.216667
0.4,0.0,0.75,0.03,3,17,30,0,13,0.783333,1.0,0.566667,1.0,0.723404,0.0,0.433333,0.283333,0.716667,60,17,43,0.216667
0.4,0.0,0.8,0.03,3,17,30,0,13,0.783333,1.0,0.566667,1.0,0.723404,0.0,0.433333,0.283333,0.716667,60,17,43,0.216667
0.4,0.0,0.85,,3,17,30,0,13,0.783333,1.0,0.566667,1.0,0.723404,0.0,0.433333,0.283333,0.716667,60,17,43,0.216667
0.4,0.0,0.85,0.015,3,17,30,0,13,0.783333,1.0,0.566667,1.0,0.723404,0.0,0.433333,0.283333,0.716667,60,17,43,0.216667
0.4,0.0,0.85,0.02,3,17,30,0,13,0.783333,1.0,0.566667,1.0,0.723404,0.0,0.433333,0.283333,0.716667,60,17,43,0.216667
0.4,0.0,0.85,0.025,3,17,30,0,13,0.783333,1.0,0.566667,1.0,0.723404,0.0,0.433333,0.283333,0.716667,60,17,43,0.216667
0.5,0.0,,0.03,3,17,30,0,13,0.783333,1.0,0.566667,1.0,0.723404,0.0,0.433333,0.283333,0.716667,60,17,43,0.216667
0.5,0.0,0.65,0.03,3,17,30,0,13,0.783333,1.0,0.566667,1.0,0.723404,0.0,0.433333,0.283333,0.716667,60,17,43,0.216667
0.5,0.0,0.7,0.03,3,17,30,0,13,0.783333,1.0,0.566667,1.0,0.723404,0.0,0.433333,0.283333,0.716667,60,17,43,0.216667
0.5,0.0,0.75,0.03,3,17,30,0,13,0.783333,1.0,0.566667,1.0,0.723404,0.0,0.433333,0.283333,0.716667,60,17,43,0.216667
0.5,0.0,0.8,0.03,3,17,30,0,13,0.783333,1.0,0.566667,1.0,0.723404,0.0,0.433333,0.283333,0.716667,60,17,43,0.216667
0.5,0.0,0.85,,3,17,30,0,13,0.783333,1.0,0.566667,1.0,0.723404,0.0,0.433333,0.283333,0.716667,60,17,43,0.216667
0.5,0.0,0.85,0.015,3,17,30,0,13,0.783333,1.0,0.566667,1.0,0.723404,0.0,0.433333,0.283333,0.716667,60,17,43,0.216667
0.5,0.0,0.85,0.02,3,17,30,0,13,0.783333,1.0,0.566667,1.0,0.723404,0.0,0.433333,0.283333,0.716667,60,17,43,0.216667
0.5,0.0,0.85,0.025,3,17,30,0,13,0.783333,1.0,0.566667,1.0,0.723404,0.0,0.433333,0.283333,0.716667,60,17,43,0.216667
0.6,0.0,,0.03,3,17,30,0,13,0.783333,1.0,0.566667,1.0,0.723404,0.0,0.433333,0.283333,0.716667,60,17,43,0.216667
0.6,0.0,0.65,0.03,3,17,30,0,13,0.783333,1.0,0.566667,1.0,0.723404,0.0,0.433333,0.283333,0.716667,60,17,43,0.216667
0.6,0.0,0.7,0.03,3,17,30,0,13,0.783333,1.0,0.566667,1.0,0.723404,0.0,0.433333,0.283333,0.716667,60,17,43,0.216667
0.6,0.0,0.75,0.03,3,17,30,0,13,0.783333,1.0,0.566667,1.0,0.723404,0.0,0.433333,0.283333,0.716667,60,17,43,0.216667
0.6,0.0,0.8,0.03,3,17,30,0,13,0.783333,1.0,0.566667,1.0,0.723404,0.0,0.433333,0.283333,0.716667,60,17,43,0.216667
0.6,0.0,0.85,,3,17,30,0,13,0.783333,1.0,0.566667,1.0,0.723404,0.0,0.433333,0.283333,0.716667,60,17,43,0.216667
0.6,0.0,0.85,0.015,3,17,30,0,13,0.783333,1.0,0.566667,1.0,0.723404,0.0,0.433333,0.283333,0.716667,60,17,43,0.216667
0.6,0.0,0.85,0.02,3,17,30,0,13,0.783333,1.0,0.566667,1.0,0.723404,0.0,0.433333,0.283333,0.716667,60,17,43,0.216667
0.6,0.0,0.85,0.025,3,17,30,0,13,0.783333,1.0,0.566667,1.0,0.723404,0.0,0.433333,0.283333,0.716667,60,17,43,0.216667
0.7,0.0,,0.03,3,17,30,0,13,0.783333,1.0,0.566667,1.0,0.723404,0.0,0.433333,0.283333,0.716667,60,17,43,0.216667
0.7,0.0,0.65,0.03,3,17,30,0,13,0.783333,1.0,0.566667,1.0,0.723404,0.0,0.433333,0.283333,0.716667,60,17,43,0.216667
0.7,0.0,0.7,0.03,3,17,30,0,13,0.783333,1.0,0.566667,1.0,0.723404,0.0,0.433333,0.283333,0.716667,60,17,43,0.216667
0.7,0.0,0.75,0.03,3,17,30,0,13,0.783333,1.0,0.566667,1.0,0.723404,0.0,0.433333,0.283333,0.716667,60,17,43,0.216667
0.7,0.0,0.8,0.03,3,17,30,0,13,0.783333,1.0,0.566667,1.0,0.723404,0.0,0.433333,0.283333,0.716667,60,17,43,0.216667
0.7,0.0,0.85,,3,17,30,0,13,0.783333,1.0,0.566667,1.0,0.723404,0.0,0.433333,0.283333,0.716667,60,17,43,0.216667
0.7,0.0,0.85,0.015,3,17,30,0,13,0.783333,1.0,0.566667,1.0,0.723404,0.0,0.433333,0.283333,0.716667,60,17,43,0.216667
0.7,0.0,0.85,0.02,3,17,30,0,13,0.783333,1.0,0.566667,1.0,0.723404,0.0,0.433333,0.283333,0.716667,60,17,43,0.216667
0.7,0.0,0.85,0.025,3,17,30,0,13,0.783333,1.0,0.566667,1.0,0.723404,0.0,0.433333,0.283333,0.716667,60,17,43,0.216667
0.75,0.0,,0.03,3,17,30,0,13,0.783333,1.0,0.566667,1.0,0.723404,0.0,0.433333,0.283333,0.716667,60,17,43,0.216667
0.75,0.0,0.65,0.03,3,17,30,0,13,0.783333,1.0,0.566667,1.0,0.723404,0.0,0.433333,0.283333,0.716667,60,17,43,0.216667
0.75,0.0,0.7,0.03,3,17,30,0,13,0.783333,1.0,0.566667,1.0,0.723404,0.0,0.433333,0.283333,0.716667,60,17,43,0.216667
0.75,0.0,0.75,0.03,3,17,30,0,13,0.783333,1.0,0.566667,1.0,0.723404,0.0,0.433333,0.283333,0.716667,60,17,43,0.216667
0.75,0.0,0.8,0.03,3,17,30,0,13,0.783333,1.0,0.566667,1.0,0.723404,0.0,0.433333,0.283333,0.716667,60,17,43,0.216667
0.75,0.0,0.85,,3,17,30,0,13,0.783333,1.0,0.566667,1.0,0.723404,0.0,0.433333,0.283333,0.716667,60,17,43,0.216667
0.75,0.0,0.85,0.015,3,17,30,0,13,0.783333,1.0,0.566667,1.0,0.723404,0.0,0.433333,0.283333,0.716667,60,17,43,0.216667
0.75,0.0,0.85,0.02,3,17,30,0,13,0.783333,1.0,0.566667,1.0,0.723404,0.0,0.433333,0.283333,0.716667,60,17,43,0.216667
0.75,0.0,0.85,0.025,3,17,30,0,13,0.783333,1.0,0.566667,1.0,0.723404,0.0,0.433333,0.283333,0.716667,60,17,43,0.216667
0.8,0.0,,0.03,3,17,30,0,13,0.783333,1.0,0.566667,1.0,0.723404,0.0,0.433333,0.283333,0.716667,60,17,43,0.216667
0.8,0.0,0.65,0.03,3,17,30,0,13,0.783333,1.0,0.566667,1.0,0.723404,0.0,0.433333,0.283333,0.716667,60,17,43,0.216667
0.8,0.0,0.7,0.03,3,17,30,0,13,0.783333,1.0,0.566667,1.0,0.723404,0.0,0.433333,0.283333,0.716667,60,17,43,0.216667
0.8,0.0,0.75,0.03,3,17,30,0,13,0.783333,1.0,0.566667,1.0,0.723404,0.0,0.433333,0.283333,0.716667,60,17,43,0.216667
0.8,0.0,0.8,0.03,3,17,30,0,13,0.783333,1.0,0.566667,1.0,0.723404,0.0,0.433333,0.283333,0.716667,60,17,43,0.216667
0.8,0.05,,0.015,0,17,30,0,13,0.783333,1.0,0.566667,1.0,0.723404,0.0,0.433333,0.283333,0.716667,60,17,43,0.216667
0.8,0.05,,0.015,1,17,30,0,13,0.783333,1.0,0.566667,1.0,0.723404,0.0,0.433333,0.283333,0.716667,60,17,43,0.216667
0.8,0.05,,0.02,0,17,30,0,13,0.783333,1.0,0.566667,1.0,0.723404,0.0,0.433333,0.283333,0.716667,60,17,43,0.216667
0.8,0.05,,0.02,1,17,30,0,13,0.783333,1.0,0.566667,1.0,0.723404,0.0,0.433333,0.283333,0.716667,60,17,43,0.216667
0.8,0.05,,0.025,0,17,30,0,13,0.783333,1.0,0.566667,1.0,0.723404,0.0,0.433333,0.283333,0.716667,60,17,43,0.216667
0.8,0.05,,0.025,1,17,30,0,13,0.783333,1.0,0.566667,1.0,0.723404,0.0,0.433333,0.283333,0.716667,60,17,43,0.216667
0.8,0.05,0.65,0.015,0,17,30,0,13,0.783333,1.0,0.566667,1.0,0.723404,0.0,0.433333,0.283333,0.716667,60,17,43,0.216667
0.8,0.05,0.65,0.015,1,17,30,0,13,0.783333,1.0,0.566667,1.0,0.723404,0.0,0.433333,0.283333,0.716667,60,17,43,0.216667
0.8,0.05,0.65,0.02,0,17,30,0,13,0.783333,1.0,0.566667,1.0,0.723404,0.0,0.433333,0.283333,0.716667,60,17,43,0.216667
0.8,0.05,0.65,0.02,1,17,30,0,13,0.783333,1.0,0.566667,1.0,0.723404,0.0,0.433333,0.283333,0.716667,60,17,43,0.216667
0.8,0.05,0.65,0.025,0,17,30,0,13,0.783333,1.0,0.566667,1.0,0.723404,0.0,0.433333,0.283333,0.716667,60,17,43,0.216667
0.8,0.05,0.65,0.025,1,17,30,0,13,0.783333,1.0,0.566667,1.0,0.723404,0.0,0.433333,0.283333,0.716667,60,17,43,0.216667
0.8,0.05,0.7,0.015,0,17,30,0,13,0.783333,1.0,0.566667,1.0,0.723404,0.0,0.433333,0.283333,0.716667,60,17,43,0.216667
0.8,0.05,0.7,0.015,1,17,30,0,13,0.783333,1.0,0.566667,1.0,0.723404,0.0,0.433333,0.283333,0.716667,60,17,43,0.216667
0.8,0.05,0.7,0.02,0,17,30,0,13,0.783333,1.0,0.566667,1.0,0.723404,0.0,0.433333,0.283333,0.716667,60,17,43,0.216667
0.8,0.05,0.7,0.02,1,17,30,0,13,0.783333,1.0,0.566667,1.0,0.723404,0.0,0.433333,0.283333,0.716667,60,17,43,0.216667
0.8,0.05,0.7,0.025,0,17,30,0,13,0.783333,1.0,0.566667,1.0,0.723404,0.0,0.433333,0.283333,0.716667,60,17,43,0.216667
0.8,0.05,0.7,0.025,1,17,30,0,13,0.783333,1.0,0.566667,1.0,0.723404,0.0,0.433333,0.283333,0.716667,60,17,43,0.216667
0.8,0.05,0.75,,0,17,30,0,13,0.783333,1.0,0.566667,1.0,0.723404,0.0,0.433333,0.283333,0.716667,60,17,43,0.216667
0.8,0.05,0.75,,1,17,30,0,13,0.783333,1.0,0.566667,1.0,0.723404,0.0,0.433333,0.283333,0.716667,60,17,43,0.216667
0.8,0.05,0.75,0.015,0,17,30,0,13,0.783333,1.0,0.566667,1.0,0.723404,0.0,0.433333,0.283333,0.716667,60,17,43,0.216667
0.8,0.05,0.75,0.015,1,17,30,0,13,0.783333,1.0,0.566667,1.0,0.723404,0.0,0.433333,0.283333,0.716667,60,17,43,0.216667
0.8,0.05,0.75,0.02,0,17,30,0,13,0.783333,1.0,0.566667,1.0,0.723404,0.0,0.433333,0.283333,0.716667,60,17,43,0.216667
0.8,0.05,0.75,0.02,1,17,30,0,13,0.783333,1.0,0.566667,1.0,0.723404,0.0,0.433333,0.283333,0.716667,60,17,43,0.216667
0.8,0.05,0.75,0.025,0,17,30,0,13,0.783333,1.0,0.566667,1.0,0.723404,0.0,0.433333,0.283333,0.716667,60,17,43,0.216667
0.8,0.05,0.75,0.025,1,17,30,0,13,0.783333,1.0,0.566667,1.0,0.723404,0.0,0.433333,0.283333,0.716667,60,17,43,0.216667
0.8,0.05,0.8,,0,17,30,0,13,0.783333,1.0,0.566667,1.0,0.723404,0.0,0.433333,0.283333,0.716667,60,17,43,0.216667
0.8,0.05,0.8,,1,17,30,0,13,0.783333,1.0,0.566667,1.0,0.723404,0.0,0.433333,0.283333,0.716667,60,17,43,0.216667
0.8,0.05,0.8,0.015,0,17,30,0,13,0.783333,1.0,0.566667,1.0,0.723404,0.0,0.433333,0.283333,0.716667,60,17,43,0.216667
0.8,0.05,0.8,0.015,1,17,30,0,13,0.783333,1.0,0.566667,1.0,0.723404,0.0,0.433333,0.283333,0.716667,60,17,43,0.216667
0.8,0.05,0.8,0.02,0,17,30,0,13,0.783333,1.0,0.566667,1.0,0.723404,0.0,0.433333,0.283333,0.716667,60,17,43,0.216667
0.8,0.05,0.8,0.02,1,17,30,0,13,0.783333,1.0,0.566667,1.0,0.723404,0.0,0.433333,0.283333,0.716667,60,17,43,0.216667
0.8,0.05,0.8,0.025,0,17,30,0,13,0.783333,1.0,0.566667,1.0,0.723404,0.0,0.433333,0.283333,0.716667,60,17,43,0.216667
0.8,0.05,0.8,0.025,1,17,30,0,13,0.783333,1.0,0.566667,1.0,0.723404,0.0,0.433333,0.283333,0.716667,60,17,43,0.216667
0.85,0.0,,0.03,3,17,30,0,13,0.783333,1.0,0.566667,1.0,0.723404,0.0,0.433333,0.283333,0.716667,60,17,43,0.216667
0.85,0.0,0.65,0.03,3,17,30,0,13,0.783333,1.0,0.566667,1.0,0.723404,0.0,0.433333,0.283333,0.716667,60,17,43,0.216667
0.85,0.0,0.7,0.03,3,17,30,0,13,0.783333,1.0,0.566667,1.0,0.723404,0.0,0.433333,0.283333,0.716667,60,17,43,0.216667
0.85,0.0,0.75,0.03,3,17,30,0,13,0.783333,1.0,0.566667,1.0,0.723404,0.0,0.433333,0.283333,0.716667,60,17,43,0.216667
0.85,0.0,0.8,0.03,3,17,30,0,13,0.783333,1.0,0.566667,1.0,0.723404,0.0,0.433333,0.283333,0.716667,60,17,43,0.216667
0.85,0.02,,0.03,0,17,30,0,13,0.783333,1.0,0.566667,1.0,0.723404,0.0,0.433333,0.283333,0.716667,60,17,43,0.216667
0.85,0.02,,0.03,1,17,30,0,13,0.783333,1.0,0.566667,1.0,0.723404,0.0,0.433333,0.283333,0.716667,60,17,43,0.216667
0.85,0.02,0.65,0.03,0,17,30,0,13,0.783333,1.0,0.566667,1.0,0.723404,0.0,0.433333,0.283333,0.716667,60,17,43,0.216667
0.85,0.02,0.65,0.03,1,17,30,0,13,0.783333,1.0,0.566667,1.0,0.723404,0.0,0.433333,0.283333,0.716667,60,17,43,0.216667
0.85,0.02,0.7,0.03,0,17,30,0,13,0.783333,1.0,0.566667,1.0,0.723404,0.0,0.433333,0.283333,0.716667,60,17,43,0.216667
0.85,0.02,0.7,0.03,1,17,30,0,13,0.783333,1.0,0.566667,1.0,0.723404,0.0,0.433333,0.283333,0.716667,60,17,43,0.216667
0.85,0.02,0.75,0.03,0,17,30,0,13,0.783333,1.0,0.566667,1.0,0.723404,0.0,0.433333,0.283333,0.716667,60,17,43,0.216667
0.85,0.02,0.75,0.03,1,17,30,0,13,0.783333,1.0,0.566667,1.0,0.723404,0.0,0.433333,0.283333,0.716667,60,17,43,0.216667
0.85,0.02,0.8,0.03,0,17,30,0,13,0.783333,1.0,0.566667,1.0,0.723404,0.0,0.433333,0.283333,0.716667,60,17,43,0.216667
0.85,0.02,0.8,0.03,1,17,30,0,13,0.783333,1.0,0.566667,1.0,0.723404,0.0,0.433333,0.283333,0.716667,60,17,43,0.216667
0.9,0.0,,0.03,3,17,30,0,13,0.783333,1.0,0.566667,1.0,0.723404,0.0,0.433333,0.283333,0.716667,60,17,43,0.216667
0.9,0.0,0.65,0.03,3,17,30,0,13,0.783333,1.0,0.566667,1.0,0.723404,0.0,0.433333,0.283333,0.716667,60,17,43,0.216667
0.9,0.0,0.7,0.03,3,17,30,0,13,0.783333,1.0,0.566667,1.0,0.723404,0.0,0.433333,0.283333,0.716667,60,17,43,0.216667
0.9,0.0,0.75,0.03,3,17,30,0,13,0.783333,1.0,0.566667,1.0,0.723404,0.0,0.433333,0.283333,0.716667,60,17,43,0.216667
0.9,0.0,0.8,0.03,3,17,30,0,13,0.783333,1.0,0.566667,1.0,0.723404,0.0,0.433333,0.283333,0.716667,60,17,43,0.216667
0.9,0.02,,0.03,0,17,30,0,13,0.783333,1.0,0.566667,1.0,0.723404,0.0,0.433333,0.283333,0.716667,60,17,43,0.216667
0.9,0.02,,0.03,1,17,30,0,13,0.783333,1.0,0.566667,1.0,0.723404,0.0,0.433333,0.283333,0.716667,60,17,43,0.216667
0.9,0.02,0.65,0.03,0,17,30,0,13,0.783333,1.0,0.566667,1.0,0.723404,0.0,0.433333,0.283333,0.716667,60,17,43,0.216667
0.9,0.02,0.65,0.03,1,17,30,0,13,0.783333,1.0,0.566667,1.0,0.723404,0.0,0.433333,0.283333,0.716667,60,17,43,0.216667
0.9,0.02,0.7,0.03,0,17,30,0,13,0.783333,1.0,0.566667,1.0,0.723404,0.0,0.433333,0.283333,0.716667,60,17,43,0.216667
0.9,0.02,0.7,0.03,1,17,30,0,13,0.783333,1.0,0.566667,1.0,0.723404,0.0,0.433333,0.283333,0.716667,60,17,43,0.216667
0.9,0.02,0.75,0.03,0,17,30,0,13,0.783333,1.0,0.566667,1.0,0.723404,0.0,0.433333,0.283333,0.716667,60,17,43,0.216667
0.9,0.02,0.75,0.03,1,17,30,0,13,0.783333,1.0,0.566667,1.0,0.723404,0.0,0.433333,0.283333,0.716667,60,17,43,0.216667
0.9,0.02,0.8,0.03,0,17,30,0,13,0.783333,1.0,0.566667,1.0,0.723404,0.0,0.433333,0.283333,0.716667,60,17,43,0.216667
0.9,0.02,0.8,0.03,1,17,30,0,13,0.783333,1.0,0.566667,1.0,0.723404,0.0,0.433333,0.283333,0.716667,60,17,43,0.216667
0.95,0.0,,0.03,2,17,30,0,13,0.783333,1.0,0.566667,1.0,0.723404,0.0,0.433333,0.283333,0.716667,60,17,43,0.216667
0.95,0.0,0.65,0.03,2,17,30,0,13,0.783333,1.0,0.566667,1.0,0.723404,0.0,0.433333,0.283333,0.716667,60,17,43,0.216667
0.95,0.0,0.7,0.03,2,17,30,0,13,0.783333,1.0,0.566667,1.0,0.723404,0.0,0.433333,0.283333,0.716667,60,17,43,0.216667
0.95,0.0,0.75,0.03,2,17,30,0,13,0.783333,1.0,0.566667,1.0,0.723404,0.0,0.433333,0.283333,0.716667,60,17,43,0.216667
0.95,0.0,0.8,0.03,2,17,30,0,13,0.783333,1.0,0.566667,1.0,0.723404,0.0,0.433333,0.283333,0.716667,60,17,43,0.216667
0.3,0.0,0.85,0.03,3,16,30,0,14,0.766667,1.0,0.533333,1.0,0.695652,0.0,0.466667,0.266667,0.733333,60,16,44,0.233333
0.3,0.02,,0.015,2,16,30,0,14,0.766667,1.0,0.533333,1.0,0.695652,0.0,0.466667,0.266667,0.733333,60,16,44,0.233333
0.3,0.02,,0.02,2,16,30,0,14,0.766667,1.0,0.533333,1.0,0.695652,0.0,0.466667,0.266667,0.733333,60,16,44,0.233333
0.3,0.02,,0.025,2,16,30,0,14,0.766667,1.0,0.533333,1.0,0.695652,0.0,0.466667,0.266667,0.733333,60,16,44,0.233333
0.3,0.02,0.65,0.015,2,16,30,0,14,0.766667,1.0,0.533333,1.0,0.695652,0.0,0.466667,0.266667,0.733333,60,16,44,0.233333
0.3,0.02,0.65,0.02,2,16,30,0,14,0.766667,1.0,0.533333,1.0,0.695652,0.0,0.466667,0.266667,0.733333,60,16,44,0.233333
0.3,0.02,0.65,0.025,2,16,30,0,14,0.766667,1.0,0.533333,1.0,0.695652,0.0,0.466667,0.266667,0.733333,60,16,44,0.233333
0.3,0.02,0.7,0.015,2,16,30,0,14,0.766667,1.0,0.533333,1.0,0.695652,0.0,0.466667,0.266667,0.733333,60,16,44,0.233333
0.3,0.02,0.7,0.02,2,16,30,0,14,0.766667,1.0,0.533333,1.0,0.695652,0.0,0.466667,0.266667,0.733333,60,16,44,0.233333
0.3,0.02,0.7,0.025,2,16,30,0,14,0.766667,1.0,0.533333,1.0,0.695652,0.0,0.466667,0.266667,0.733333,60,16,44,0.233333
0.3,0.02,0.75,,2,16,30,0,14,0.766667,1.0,0.533333,1.0,0.695652,0.0,0.466667,0.266667,0.733333,60,16,44,0.233333
0.3,0.02,0.75,0.015,2,16,30,0,14,0.766667,1.0,0.533333,1.0,0.695652,0.0,0.466667,0.266667,0.733333,60,16,44,0.233333
0.3,0.02,0.75,0.02,2,16,30,0,14,0.766667,1.0,0.533333,1.0,0.695652,0.0,0.466667,0.266667,0.733333,60,16,44,0.233333
0.3,0.02,0.75,0.025,2,16,30,0,14,0.766667,1.0,0.533333,1.0,0.695652,0.0,0.466667,0.266667,0.733333,60,16,44,0.233333
0.3,0.02,0.8,,2,16,30,0,14,0.766667,1.0,0.533333,1.0,0.695652,0.0,0.466667,0.266667,0.733333,60,16,44,0.233333
0.3,0.02,0.8,0.015,2,16,30,0,14,0.766667,1.0,0.533333,1.0,0.695652,0.0,0.466667,0.266667,0.733333,60,16,44,0.233333
0.3,0.02,0.8,0.02,2,16,30,0,14,0.766667,1.0,0.533333,1.0,0.695652,0.0,0.466667,0.266667,0.733333,60,16,44,0.233333
0.3,0.02,0.8,0.025,2,16,30,0,14,0.766667,1.0,0.533333,1.0,0.695652,0.0,0.466667,0.266667,0.733333,60,16,44,0.233333
0.3,0.02,0.85,,0,16,30,0,14,0.766667,1.0,0.533333,1.0,0.695652,0.0,0.466667,0.266667,0.733333,60,16,44,0.233333
0.3,0.02,0.85,,1,16,30,0,14,0.766667,1.0,0.533333,1.0,0.695652,0.0,0.466667,0.266667,0.733333,60,16,44,0.233333
0.3,0.02,0.85,0.015,0,16,30,0,14,0.766667,1.0,0.533333,1.0,0.695652,0.0,0.466667,0.266667,0.733333,60,16,44,0.233333
0.3,0.02,0.85,0.015,1,16,30,0,14,0.766667,1.0,0.533333,1.0,0.695652,0.0,0.466667,0.266667,0.733333,60,16,44,0.233333
0.3,0.02,0.85,0.02,0,16,30,0,14,0.766667,1.0,0.533333,1.0,0.695652,0.0,0.466667,0.266667,0.733333,60,16,44,0.233333
0.3,0.02,0.85,0.02,1,16,30,0,14,0.766667,1.0,0.533333,1.0,0.695652,0.0,0.466667,0.266667,0.733333,60,16,44,0.233333
0.3,0.02,0.85,0.025,0,16,30,0,14,0.766667,1.0,0.533333,1.0,0.695652,0.0,0.466667,0.266667,0.733333,60,16,44,0.233333
0.3,0.02,0.85,0.025,1,16,30,0,14,0.766667,1.0,0.533333,1.0,0.695652,0.0,0.466667,0.266667,0.733333,60,16,44,0.233333
0.3,0.05,,0.03,0,16,30,0,14,0.766667,1.0,0.533333,1.0,0.695652,0.0,0.466667,0.266667,0.733333,60,16,44,0.233333
0.3,0.05,,0.03,1,16,30,0,14,0.766667,1.0,0.533333,1.0,0.695652,0.0,0.466667,0.266667,0.733333,60,16,44,0.233333
0.3,0.05,0.65,0.03,0,16,30,0,14,0.766667,1.0,0.533333,1.0,0.695652,0.0,0.466667,0.266667,0.733333,60,16,44,0.233333
0.3,0.05,0.65,0.03,1,16,30,0,14,0.766667,1.0,0.533333,1.0,0.695652,0.0,0.466667,0.266667,0.733333,60,16,44,0.233333
0.3,0.05,0.7,0.03,0,16,30,0,14,0.766667,1.0,0.533333,1.0,0.695652,0.0,0.466667,0.266667,0.733333,60,16,44,0.233333
0.3,0.05,0.7,0.03,1,16,30,0,14,0.766667,1.0,0.533333,1.0,0.695652,0.0,0.466667,0.266667,0.733333,60,16,44,0.233333
0.3,0.05,0.75,0.03,0,16,30,0,14,0.766667,1.0,0.533333,1.0,0.695652,0.0,0.466667,0.266667,0.733333,60,16,44,0.233333
0.3,0.05,0.75,0.03,1,16,30,0,14,0.766667,1.0,0.533333,1.0,0.695652,0.0,0.466667,0.266667,0.733333,60,16,44,0.233333
0.3,0.05,0.8,0.03,0,16,30,0,14,0.766667,1.0,0.533333,1.0,0.695652,0.0,0.466667,0.266667,0.733333,60,16,44,0.233333
0.3,0.05,0.8,0.03,1,16,30,0,14,0.766667,1.0,0.533333,1.0,0.695652,0.0,0.466667,0.266667,0.733333,60,16,44,0.233333
0.4,0.0,0.85,0.03,3,16,30,0,14,0.766667,1.0,0.533333,1.0,0.695652,0.0,0.466667,0.266667,0.733333,60,16,44,0.233333
0.4,0.02,,0.015,2,16,30,0,14,0.766667,1.0,0.533333,1.0,0.695652,0.0,0.466667,0.266667,0.733333,60,16,44,0.233333
0.4,0.02,,0.02,2,16,30,0,14,0.766667,1.0,0.533333,1.0,0.695652,0.0,0.466667,0.266667,0.733333,60,16,44,0.233333
0.4,0.02,,0.025,2,16,30,0,14,0.766667,1.0,0.533333,1.0,0.695652,0.0,0.466667,0.266667,0.733333,60,16,44,0.233333
0.4,0.02,0.65,0.015,2,16,30,0,14,0.766667,1.0,0.533333,1.0,0.695652,0.0,0.466667,0.266667,0.733333,60,16,44,0.233333
0.4,0.02,0.65,0.02,2,16,30,0,14,0.766667,1.0,0.533333,1.0,0.695652,0.0,0.466667,0.266667,0.733333,60,16,44,0.233333
0.4,0.02,0.65,0.025,2,16,30,0,14,0.766667,1.0,0.533333,1.0,0.695652,0.0,0.466667,0.266667,0.733333,60,16,44,0.233333
0.4,0.02,0.7,0.015,2,16,30,0,14,0.766667,1.0,0.533333,1.0,0.695652,0.0,0.466667,0.266667,0.733333,60,16,44,0.233333
0.4,0.02,0.7,0.02,2,16,30,0,14,0.766667,1.0,0.533333,1.0,0.695652,0.0,0.466667,0.266667,0.733333,60,16,44,0.233333
0.4,0.02,0.7,0.025,2,16,30,0,14,0.766667,1.0,0.533333,1.0,0.695652,0.0,0.466667,0.266667,0.733333,60,16,44,0.233333
0.4,0.02,0.75,,2,16,30,0,14,0.766667,1.0,0.533333,1.0,0.695652,0.0,0.466667,0.266667,0.733333,60,16,44,0.233333
0.4,0.02,0.75,0.015,2,16,30,0,14,0.766667,1.0,0.533333,1.0,0.695652,0.0,0.466667,0.266667,0.733333,60,16,44,0.233333
0.4,0.02,0.75,0.02,2,16,30,0,14,0.766667,1.0,0.533333,1.0,0.695652,0.0,0.466667,0.266667,0.733333,60,16,44,0.233333
0.4,0.02,0.75,0.025,2,16,30,0,14,0.766667,1.0,0.533333,1.0,0.695652,0.0,0.466667,0.266667,0.733333,60,16,44,0.233333
0.4,0.02,0.8,,2,16,30,0,14,0.766667,1.0,0.533333,1.0,0.695652,0.0,0.466667,0.266667,0.733333,60,16,44,0.233333
0.4,0.02,0.8,0.015,2,16,30,0,14,0.766667,1.0,0.533333,1.0,0.695652,0.0,0.466667,0.266667,0.733333,60,16,44,0.233333
0.4,0.02,0.8,0.02,2,16,30,0,14,0.766667,1.0,0.533333,1.0,0.695652,0.0,0.466667,0.266667,0.733333,60,16,44,0.233333
0.4,0.02,0.8,0.025,2,16,30,0,14,0.766667,1.0,0.533333,1.0,0.695652,0.0,0.466667,0.266667,0.733333,60,16,44,0.233333
0.4,0.02,0.85,,0,16,30,0,14,0.766667,1.0,0.533333,1.0,0.695652,0.0,0.466667,0.266667,0.733333,60,16,44,0.233333
0.4,0.02,0.85,,1,16,30,0,14,0.766667,1.0,0.533333,1.0,0.695652,0.0,0.466667,0.266667,0.733333,60,16,44,0.233333
0.4,0.02,0.85,0.015,0,16,30,0,14,0.766667,1.0,0.533333,1.0,0.695652,0.0,0.466667,0.266667,0.733333,60,16,44,0.233333
0.4,0.02,0.85,0.015,1,16,30,0,14,0.766667,1.0,0.533333,1.0,0.695652,0.0,0.466667,0.266667,0.733333,60,16,44,0.233333
0.4,0.02,0.85,0.02,0,16,30,0,14,0.766667,1.0,0.533333,1.0,0.695652,0.0,0.466667,0.266667,0.733333,60,16,44,0.233333
0.4,0.02,0.85,0.02,1,16,30,0,14,0.766667,1.0,0.533333,1.0,0.695652,0.0,0.466667,0.266667,0.733333,60,16,44,0.233333
0.4,0.02,0.85,0.025,0,16,30,0,14,0.766667,1.0,0.533333,1.0,0.695652,0.0,0.466667,0.266667,0.733333,60,16,44,0.233333
0.4,0.02,0.85,0.025,1,16,30,0,14,0.766667,1.0,0.533333,1.0,0.695652,0.0,0.466667,0.266667,0.733333,60,16,44,0.233333
0.4,0.05,,0.03,0,16,30,0,14,0.766667,1.0,0.533333,1.0,0.695652,0.0,0.466667,0.266667,0.733333,60,16,44,0.233333
0.4,0.05,,0.03,1,16,30,0,14,0.766667,1.0,0.533333,1.0,0.695652,0.0,0.466667,0.266667,0.733333,60,16,44,0.233333
0.4,0.05,0.65,0.03,0,16,30,0,14,0.766667,1.0,0.533333,1.0,0.695652,0.0,0.466667,0.266667,0.733333,60,16,44,0.233333
0.4,0.05,0.65,0.03,1,16,30,0,14,0.766667,1.0,0.533333,1.0,0.695652,0.0,0.466667,0.266667,0.733333,60,16,44,0.233333
0.4,0.05,0.7,0.03,0,16,30,0,14,0.766667,1.0,0.533333,1.0,0.695652,0.0,0.466667,0.266667,0.733333,60,16,44,0.233333
0.4,0.05,0.7,0.03,1,16,30,0,14,0.766667,1.0,0.533333,1.0,0.695652,0.0,0.466667,0.266667,0.733333,60,16,44,0.233333
0.4,0.05,0.75,0.03,0,16,30,0,14,0.766667,1.0,0.533333,1.0,0.695652,0.0,0.466667,0.266667,0.733333,60,16,44,0.233333
0.4,0.05,0.75,0.03,1,16,30,0,14,0.766667,1.0,0.533333,1.0,0.695652,0.0,0.466667,0.266667,0.733333,60,16,44,0.233333
0.4,0.05,0.8,0.03,0,16,30,0,14,0.766667,1.0,0.533333,1.0,0.695652,0.0,0.466667,0.266667,0.733333,60,16,44,0.233333
0.4,0.05,0.8,0.03,1,16,30,0,14,0.766667,1.0,0.533333,1.0,0.695652,0.0,0.466667,0.266667,0.733333,60,16,44,0.233333
0.5,0.0,0.85,0.03,3,16,30,0,14,0.766667,1.0,0.533333,1.0,0.695652,0.0,0.466667,0.266667,0.733333,60,16,44,0.233333
0.5,0.02,,0.015,2,16,30,0,14,0.766667,1.0,0.533333,1.0,0.695652,0.0,0.466667,0.266667,0.733333,60,16,44,0.233333
0.5,0.02,,0.02,2,16,30,0,14,0.766667,1.0,0.533333,1.0,0.695652,0.0,0.466667,0.266667,0.733333,60,16,44,0.233333
0.5,0.02,,0.025,2,16,30,0,14,0.766667,1.0,0.533333,1.0,0.695652,0.0,0.466667,0.266667,0.733333,60,16,44,0.233333
0.5,0.02,0.65,0.015,2,16,30,0,14,0.766667,1.0,0.533333,1.0,0.695652,0.0,0.466667,0.266667,0.733333,60,16,44,0.233333
0.5,0.02,0.65,0.02,2,16,30,0,14,0.766667,1.0,0.533333,1.0,0.695652,0.0,0.466667,0.266667,0.733333,60,16,44,0.233333
0.5,0.02,0.65,0.025,2,16,30,0,14,0.766667,1.0,0.533333,1.0,0.695652,0.0,0.466667,0.266667,0.733333,60,16,44,0.233333
0.5,0.02,0.7,0.015,2,16,30,0,14,0.766667,1.0,0.533333,1.0,0.695652,0.0,0.466667,0.266667,0.733333,60,16,44,0.233333
0.5,0.02,0.7,0.02,2,16,30,0,14,0.766667,1.0,0.533333,1.0,0.695652,0.0,0.466667,0.266667,0.733333,60,16,44,0.233333
0.5,0.02,0.7,0.025,2,16,30,0,14,0.766667,1.0,0.533333,1.0,0.695652,0.0,0.466667,0.266667,0.733333,60,16,44,0.233333
0.5,0.02,0.75,,2,16,30,0,14,0.766667,1.0,0.533333,1.0,0.695652,0.0,0.466667,0.266667,0.733333,60,16,44,0.233333
0.5,0.02,0.75,0.015,2,16,30,0,14,0.766667,1.0,0.533333,1.0,0.695652,0.0,0.466667,0.266667,0.733333,60,16,44,0.233333
0.5,0.02,0.75,0.02,2,16,30,0,14,0.766667,1.0,0.533333,1.0,0.695652,0.0,0.466667,0.266667,0.733333,60,16,44,0.233333
0.5,0.02,0.75,0.025,2,16,30,0,14,0.766667,1.0,0.533333,1.0,0.695652,0.0,0.466667,0.266667,0.733333,60,16,44,0.233333
0.5,0.02,0.8,,2,16,30,0,14,0.766667,1.0,0.533333,1.0,0.695652,0.0,0.466667,0.266667,0.733333,60,16,44,0.233333
0.5,0.02,0.8,0.015,2,16,30,0,14,0.766667,1.0,0.533333,1.0,0.695652,0.0,0.466667,0.266667,0.733333,60,16,44,0.233333
0.5,0.02,0.8,0.02,2,16,30,0,14,0.766667,1.0,0.533333,1.0,0.695652,0.0,0.466667,0.266667,0.733333,60,16,44,0.233333
0.5,0.02,0.8,0.025,2,16,30,0,14,0.766667,1.0,0.533333,1.0,0.695652,0.0,0.466667,0.266667,0.733333,60,16,44,0.233333
0.5,0.02,0.85,,0,16,30,0,14,0.766667,1.0,0.533333,1.0,0.695652,0.0,0.466667,0.266667,0.733333,60,16,44,0.233333
0.5,0.02,0.85,,1,16,30,0,14,0.766667,1.0,0.533333,1.0,0.695652,0.0,0.466667,0.266667,0.733333,60,16,44,0.233333
0.5,0.02,0.85,0.015,0,16,30,0,14,0.766667,1.0,0.533333,1.0,0.695652,0.0,0.466667,0.266667,0.733333,60,16,44,0.233333
0.5,0.02,0.85,0.015,1,16,30,0,14,0.766667,1.0,0.533333,1.0,0.695652,0.0,0.466667,0.266667,0.733333,60,16,44,0.233333
0.5,0.02,0.85,0.02,0,16,30,0,14,0.766667,1.0,0.533333,1.0,0.695652,0.0,0.466667,0.266667,0.733333,60,16,44,0.233333
0.5,0.02,0.85,0.02,1,16,30,0,14,0.766667,1.0,0.533333,1.0,0.695652,0.0,0.466667,0.266667,0.733333,60,16,44,0.233333
0.5,0.02,0.85,0.025,0,16,30,0,14,0.766667,1.0,0.533333,1.0,0.695652,0.0,0.466667,0.266667,0.733333,60,16,44,0.233333
0.5,0.02,0.85,0.025,1,16,30,0,14,0.766667,1.0,0.533333,1.0,0.695652,0.0,0.466667,0.266667,0.733333,60,16,44,0.233333
0.5,0.05,,0.03,0,16,30,0,14,0.766667,1.0,0.533333,1.0,0.695652,0.0,0.466667,0.266667,0.733333,60,16,44,0.233333
0.5,0.05,,0.03,1,16,30,0,14,0.766667,1.0,0.533333,1.0,0.695652,0.0,0.466667,0.266667,0.733333,60,16,44,0.233333
0.5,0.05,0.65,0.03,0,16,30,0,14,0.766667,1.0,0.533333,1.0,0.695652,0.0,0.466667,0.266667,0.733333,60,16,44,0.233333
0.5,0.05,0.65,0.03,1,16,30,0,14,0.766667,1.0,0.533333,1.0,0.695652,0.0,0.466667,0.266667,0.733333,60,16,44,0.233333
0.5,0.05,0.7,0.03,0,16,30,0,14,0.766667,1.0,0.533333,1.0,0.695652,0.0,0.466667,0.266667,0.733333,60,16,44,0.233333
0.5,0.05,0.7,0.03,1,16,30,0,14,0.766667,1.0,0.533333,1.0,0.695652,0.0,0.466667,0.266667,0.733333,60,16,44,0.233333
0.5,0.05,0.75,0.03,0,16,30,0,14,0.766667,1.0,0.533333,1.0,0.695652,0.0,0.466667,0.266667,0.733333,60,16,44,0.233333
0.5,0.05,0.75,0.03,1,16,30,0,14,0.766667,1.0,0.533333,1.0,0.695652,0.0,0.466667,0.266667,0.733333,60,16,44,0.233333
0.5,0.05,0.8,0.03,0,16,30,0,14,0.766667,1.0,0.533333,1.0,0.695652,0.0,0.466667,0.266667,0.733333,60,16,44,0.233333
0.5,0.05,0.8,0.03,1,16,30,0,14,0.766667,1.0,0.533333,1.0,0.695652,0.0,0.466667,0.266667,0.733333,60,16,44,0.233333
0.6,0.0,0.85,0.03,3,16,30,0,14,0.766667,1.0,0.533333,1.0,0.695652,0.0,0.466667,0.266667,0.733333,60,16,44,0.233333
0.6,0.02,,0.015,2,16,30,0,14,0.766667,1.0,0.533333,1.0,0.695652,0.0,0.466667,0.266667,0.733333,60,16,44,0.233333
0.6,0.02,,0.02,2,16,30,0,14,0.766667,1.0,0.533333,1.0,0.695652,0.0,0.466667,0.266667,0.733333,60,16,44,0.233333
0.6,0.02,,0.025,2,16,30,0,14,0.766667,1.0,0.533333,1.0,0.695652,0.0,0.466667,0.266667,0.733333,60,16,44,0.233333
0.6,0.02,0.65,0.015,2,16,30,0,14,0.766667,1.0,0.533333,1.0,0.695652,0.0,0.466667,0.266667,0.733333,60,16,44,0.233333
0.6,0.02,0.65,0.02,2,16,30,0,14,0.766667,1.0,0.533333,1.0,0.695652,0.0,0.466667,0.266667,0.733333,60,16,44,0.233333
0.6,0.02,0.65,0.025,2,16,30,0,14,0.766667,1.0,0.533333,1.0,0.695652,0.0,0.466667,0.266667,0.733333,60,16,44,0.233333
0.6,0.02,0.7,0.015,2,16,30,0,14,0.766667,1.0,0.533333,1.0,0.695652,0.0,0.466667,0.266667,0.733333,60,16,44,0.233333
0.6,0.02,0.7,0.02,2,16,30,0,14,0.766667,1.0,0.533333,1.0,0.695652,0.0,0.466667,0.266667,0.733333,60,16,44,0.233333
0.6,0.02,0.7,0.025,2,16,30,0,14,0.766667,1.0,0.533333,1.0,0.695652,0.0,0.466667,0.266667,0.733333,60,16,44,0.233333
0.6,0.02,0.75,,2,16,30,0,14,0.766667,1.0,0.533333,1.0,0.695652,0.0,0.466667,0.266667,0.733333,60,16,44,0.233333
0.6,0.02,0.75,0.015,2,16,30,0,14,0.766667,1.0,0.533333,1.0,0.695652,0.0,0.466667,0.266667,0.733333,60,16,44,0.233333
0.6,0.02,0.75,0.02,2,16,30,0,14,0.766667,1.0,0.533333,1.0,0.695652,0.0,0.466667,0.266667,0.733333,60,16,44,0.233333
0.6,0.02,0.75,0.025,2,16,30,0,14,0.766667,1.0,0.533333,1.0,0.695652,0.0,0.466667,0.266667,0.733333,60,16,44,0.233333
0.6,0.02,0.8,,2,16,30,0,14,0.766667,1.0,0.533333,1.0,0.695652,0.0,0.466667,0.266667,0.733333,60,16,44,0.233333
0.6,0.02,0.8,0.015,2,16,30,0,14,0.766667,1.0,0.533333,1.0,0.695652,0.0,0.466667,0.266667,0.733333,60,16,44,0.233333
0.6,0.02,0.8,0.02,2,16,30,0,14,0.766667,1.0,0.533333,1.0,0.695652,0.0,0.466667,0.266667,0.733333,60,16,44,0.233333
0.6,0.02,0.8,0.025,2,16,30,0,14,0.766667,1.0,0.533333,1.0,0.695652,0.0,0.466667,0.266667,0.733333,60,16,44,0.233333
0.6,0.02,0.85,,0,16,30,0,14,0.766667,1.0,0.533333,1.0,0.695652,0.0,0.466667,0.266667,0.733333,60,16,44,0.233333
0.6,0.02,0.85,,1,16,30,0,14,0.766667,1.0,0.533333,1.0,0.695652,0.0,0.466667,0.266667,0.733333,60,16,44,0.233333
0.6,0.02,0.85,0.015,0,16,30,0,14,0.766667,1.0,0.533333,1.0,0.695652,0.0,0.466667,0.266667,0.733333,60,16,44,0.233333
0.6,0.02,0.85,0.015,1,16,30,0,14,0.766667,1.0,0.533333,1.0,0.695652,0.0,0.466667,0.266667,0.733333,60,16,44,0.233333
0.6,0.02,0.85,0.02,0,16,30,0,14,0.766667,1.0,0.533333,1.0,0.695652,0.0,0.466667,0.266667,0.733333,60,16,44,0.233333
0.6,0.02,0.85,0.02,1,16,30,0,14,0.766667,1.0,0.533333,1.0,0.695652,0.0,0.466667,0.266667,0.733333,60,16,44,0.233333
0.6,0.02,0.85,0.025,0,16,30,0,14,0.766667,1.0,0.533333,1.0,0.695652,0.0,0.466667,0.266667,0.733333,60,16,44,0.233333
0.6,0.02,0.85,0.025,1,16,30,0,14,0.766667,1.0,0.533333,1.0,0.695652,0.0,0.466667,0.266667,0.733333,60,16,44,0.233333
0.6,0.05,,0.03,0,16,30,0,14,0.766667,1.0,0.533333,1.0,0.695652,0.0,0.466667,0.266667,0.733333,60,16,44,0.233333
0.6,0.05,,0.03,1,16,30,0,14,0.766667,1.0,0.533333,1.0,0.695652,0.0,0.466667,0.266667,0.733333,60,16,44,0.233333
0.6,0.05,0.65,0.03,0,16,30,0,14,0.766667,1.0,0.533333,1.0,0.695652,0.0,0.466667,0.266667,0.733333,60,16,44,0.233333
0.6,0.05,0.65,0.03,1,16,30,0,14,0.766667,1.0,0.533333,1.0,0.695652,0.0,0.466667,0.266667,0.733333,60,16,44,0.233333
0.6,0.05,0.7,0.03,0,16,30,0,14,0.766667,1.0,0.533333,1.0,0.695652,0.0,0.466667,0.266667,0.733333,60,16,44,0.233333
0.6,0.05,0.7,0.03,1,16,30,0,14,0.766667,1.0,0.533333,1.0,0.695652,0.0,0.466667,0.266667,0.733333,60,16,44,0.233333
0.6,0.05,0.75,0.03,0,16,30,0,14,0.766667,1.0,0.533333,1.0,0.695652,0.0,0.466667,0.266667,0.733333,60,16,44,0.233333
0.6,0.05,0.75,0.03,1,16,30,0,14,0.766667,1.0,0.533333,1.0,0.695652,0.0,0.466667,0.266667,0.733333,60,16,44,0.233333
0.6,0.05,0.8,0.03,0,16,30,0,14,0.766667,1.0,0.533333,1.0,0.695652,0.0,0.466667,0.266667,0.733333,60,16,44,0.233333
0.6,0.05,0.8,0.03,1,16,30,0,14,0.766667,1.0,0.533333,1.0,0.695652,0.0,0.466667,0.266667,0.733333,60,16,44,0.233333
0.7,0.0,0.85,0.03,3,16,30,0,14,0.766667,1.0,0.533333,1.0,0.695652,0.0,0.466667,0.266667,0.733333,60,16,44,0.233333
0.7,0.02,,0.015,2,16,30,0,14,0.766667,1.0,0.533333,1.0,0.695652,0.0,0.466667,0.266667,0.733333,60,16,44,0.233333
0.7,0.02,,0.02,2,16,30,0,14,0.766667,1.0,0.533333,1.0,0.695652,0.0,0.466667,0.266667,0.733333,60,16,44,0.233333
0.7,0.02,,0.025,2,16,30,0,14,0.766667,1.0,0.533333,1.0,0.695652,0.0,0.466667,0.266667,0.733333,60,16,44,0.233333
0.7,0.02,0.65,0.015,2,16,30,0,14,0.766667,1.0,0.533333,1.0,0.695652,0.0,0.466667,0.266667,0.733333,60,16,44,0.233333
0.7,0.02,0.65,0.02,2,16,30,0,14,0.766667,1.0,0.533333,1.0,0.695652,0.0,0.466667,0.266667,0.733333,60,16,44,0.233333
0.7,0.02,0.65,0.025,2,16,30,0,14,0.766667,1.0,0.533333,1.0,0.695652,0.0,0.466667,0.266667,0.733333,60,16,44,0.233333
0.7,0.02,0.7,0.015,2,16,30,0,14,0.766667,1.0,0.533333,1.0,0.695652,0.0,0.466667,0.266667,0.733333,60,16,44,0.233333
0.7,0.02,0.7,0.02,2,16,30,0,14,0.766667,1.0,0.533333,1.0,0.695652,0.0,0.466667,0.266667,0.733333,60,16,44,0.233333
0.7,0.02,0.7,0.025,2,16,30,0,14,0.766667,1.0,0.533333,1.0,0.695652,0.0,0.466667,0.266667,0.733333,60,16,44,0.233333
0.7,0.02,0.75,,2,16,30,0,14,0.766667,1.0,0.533333,1.0,0.695652,0.0,0.466667,0.266667,0.733333,60,16,44,0.233333
0.7,0.02,0.75,0.015,2,16,30,0,14,0.766667,1.0,0.533333,1.0,0.695652,0.0,0.466667,0.266667,0.733333,60,16,44,0.233333
0.7,0.02,0.75,0.02,2,16,30,0,14,0.766667,1.0,0.533333,1.0,0.695652,0.0,0.466667,0.266667,0.733333,60,16,44,0.233333
0.7,0.02,0.75,0.025,2,16,30,0,14,0.766667,1.0,0.533333,1.0,0.695652,0.0,0.466667,0.266667,0.733333,60,16,44,0.233333
0.7,0.02,0.8,,2,16,30,0,14,0.766667,1.0,0.533333,1.0,0.695652,0.0,0.466667,0.266667,0.733333,60,16,44,0.233333
0.7,0.02,0.8,0.015,2,16,30,0,14,0.766667,1.0,0.533333,1.0,0.695652,0.0,0.466667,0.266667,0.733333,60,16,44,0.233333
0.7,0.02,0.8,0.02,2,16,30,0,14,0.766667,1.0,0.533333,1.0,0.695652,0.0,0.466667,0.266667,0.733333,60,16,44,0.233333
0.7,0.02,0.8,0.025,2,16,30,0,14,0.766667,1.0,0.533333,1.0,0.695652,0.0,0.466667,0.266667,0.733333,60,16,44,0.233333
0.7,0.02,0.85,,0,16,30,0,14,0.766667,1.0,0.533333,1.0,0.695652,0.0,0.466667,0.266667,0.733333,60,16,44,0.233333
0.7,0.02,0.85,,1,16,30,0,14,0.766667,1.0,0.533333,1.0,0.695652,0.0,0.466667,0.266667,0.733333,60,16,44,0.233333
0.7,0.02,0.85,0.015,0,16,30,0,14,0.766667,1.0,0.533333,1.0,0.695652,0.0,0.466667,0.266667,0.733333,60,16,44,0.233333
0.7,0.02,0.85,0.015,1,16,30,0,14,0.766667,1.0,0.533333,1.0,0.695652,0.0,0.466667,0.266667,0.733333,60,16,44,0.233333
0.7,0.02,0.85,0.02,0,16,30,0,14,0.766667,1.0,0.533333,1.0,0.695652,0.0,0.466667,0.266667,0.733333,60,16,44,0.233333
0.7,0.02,0.85,0.02,1,16,30,0,14,0.766667,1.0,0.533333,1.0,0.695652,0.0,0.466667,0.266667,0.733333,60,16,44,0.233333
0.7,0.02,0.85,0.025,0,16,30,0,14,0.766667,1.0,0.533333,1.0,0.695652,0.0,0.466667,0.266667,0.733333,60,16,44,0.233333
0.7,0.02,0.85,0.025,1,16,30,0,14,0.766667,1.0,0.533333,1.0,0.695652,0.0,0.466667,0.266667,0.733333,60,16,44,0.233333
0.7,0.05,,0.03,0,16,30,0,14,0.766667,1.0,0.533333,1.0,0.695652,0.0,0.466667,0.266667,0.733333,60,16,44,0.233333
0.7,0.05,,0.03,1,16,30,0,14,0.766667,1.0,0.533333,1.0,0.695652,0.0,0.466667,0.266667,0.733333,60,16,44,0.233333
0.7,0.05,0.65,0.03,0,16,30,0,14,0.766667,1.0,0.533333,1.0,0.695652,0.0,0.466667,0.266667,0.733333,60,16,44,0.233333
0.7,0.05,0.65,0.03,1,16,30,0,14,0.766667,1.0,0.533333,1.0,0.695652,0.0,0.466667,0.266667,0.733333,60,16,44,0.233333
0.7,0.05,0.7,0.03,0,16,30,0,14,0.766667,1.0,0.533333,1.0,0.695652,0.0,0.466667,0.266667,0.733333,60,16,44,0.233333
0.7,0.05,0.7,0.03,1,16,30,0,14,0.766667,1.0,0.533333,1.0,0.695652,0.0,0.466667,0.266667,0.733333,60,16,44,0.233333
0.7,0.05,0.75,0.03,0,16,30,0,14,0.766667,1.0,0.533333,1.0,0.695652,0.0,0.466667,0.266667,0.733333,60,16,44,0.233333
0.7,0.05,0.75,0.03,1,16,30,0,14,0.766667,1.0,0.533333,1.0,0.695652,0.0,0.466667,0.266667,0.733333,60,16,44,0.233333
0.7,0.05,0.8,0.03,0,16,30,0,14,0.766667,1.0,0.533333,1.0,0.695652,0.0,0.466667,0.266667,0.733333,60,16,44,0.233333
0.7,0.05,0.8,0.03,1,16,30,0,14,0.766667,1.0,0.533333,1.0,0.695652,0.0,0.466667,0.266667,0.733333,60,16,44,0.233333
0.75,0.0,0.85,0.03,3,16,30,0,14,0.766667,1.0,0.533333,1.0,0.695652,0.0,0.466667,0.266667,0.733333,60,16,44,0.233333
0.75,0.02,0.85,,0,16,30,0,14,0.766667,1.0,0.533333,1.0,0.695652,0.0,0.466667,0.266667,0.733333,60,16,44,0.233333
0.75,0.02,0.85,,1,16,30,0,14,0.766667,1.0,0.533333,1.0,0.695652,0.0,0.466667,0.266667,0.733333,60,16,44,0.233333
0.75,0.02,0.85,0.015,0,16,30,0,14,0.766667,1.0,0.533333,1.0,0.695652,0.0,0.466667,0.266667,0.733333,60,16,44,0.233333
0.75,0.02,0.85,0.015,1,16,30,0,14,0.766667,1.0,0.533333,1.0,0.695652,0.0,0.466667,0.266667,0.733333,60,16,44,0.233333
0.75,0.02,0.85,0.02,0,16,30,0,14,0.766667,1.0,0.533333,1.0,0.695652,0.0,0.466667,0.266667,0.733333,60,16,44,0.233333
0.75,0.02,0.85,0.02,1,16,30,0,14,0.766667,1.0,0.533333,1.0,0.695652,0.0,0.466667,0.266667,0.733333,60,16,44,0.233333
0.75,0.02,0.85,0.025,0,16,30,0,14,0.766667,1.0,0.533333,1.0,0.695652,0.0,0.466667,0.266667,0.733333,60,16,44,0.233333
0.75,0.02,0.85,0.025,1,16,30,0,14,0.766667,1.0,0.533333,1.0,0.695652,0.0,0.466667,0.266667,0.733333,60,16,44,0.233333
0.75,0.05,,0.03,0,16,30,0,14,0.766667,1.0,0.533333,1.0,0.695652,0.0,0.466667,0.266667,0.733333,60,16,44,0.233333
0.75,0.05,,0.03,1,16,30,0,14,0.766667,1.0,0.533333,1.0,0.695652,0.0,0.466667,0.266667,0.733333,60,16,44,0.233333
0.75,0.05,0.65,0.03,0,16,30,0,14,0.766667,1.0,0.533333,1.0,0.695652,0.0,0.466667,0.266667,0.733333,60,16,44,0.233333
0.75,0.05,0.65,0.03,1,16,30,0,14,0.766667,1.0,0.533333,1.0,0.695652,0.0,0.466667,0.266667,0.733333,60,16,44,0.233333
0.75,0.05,0.7,0.03,0,16,30,0,14,0.766667,1.0,0.533333,1.0,0.695652,0.0,0.466667,0.266667,0.733333,60,16,44,0.233333
0.75,0.05,0.7,0.03,1,16,30,0,14,0.766667,1.0,0.533333,1.0,0.695652,0.0,0.466667,0.266667,0.733333,60,16,44,0.233333
0.75,0.05,0.75,0.03,0,16,30,0,14,0.766667,1.0,0.533333,1.0,0.695652,0.0,0.466667,0.266667,0.733333,60,16,44,0.233333
0.75,0.05,0.75,0.03,1,16,30,0,14,0.766667,1.0,0.533333,1.0,0.695652,0.0,0.466667,0.266667,0.733333,60,16,44,0.233333
0.75,0.05,0.8,0.03,0,16,30,0,14,0.766667,1.0,0.533333,1.0,0.695652,0.0,0.466667,0.266667,0.733333,60,16,44,0.233333
0.75,0.05,0.8,0.03,1,16,30,0,14,0.766667,1.0,0.533333,1.0,0.695652,0.0,0.466667,0.266667,0.733333,60,16,44,0.233333
0.8,0.0,0.85,,3,16,30,0,14,0.766667,1.0,0.533333,1.0,0.695652,0.0,0.466667,0.266667,0.733333,60,16,44,0.233333
0.8,0.0,0.85,0.015,3,16,30,0,14,0.766667,1.0,0.533333,1.0,0.695652,0.0,0.466667,0.266667,0.733333,60,16,44,0.233333
0.8,0.0,0.85,0.02,3,16,30,0,14,0.766667,1.0,0.533333,1.0,0.695652,0.0,0.466667,0.266667,0.733333,60,16,44,0.233333
0.8,0.0,0.85,0.025,3,16,30,0,14,0.766667,1.0,0.533333,1.0,0.695652,0.0,0.466667,0.266667,0.733333,60,16,44,0.233333
0.8,0.0,0.85,0.03,3,16,30,0,14,0.766667,1.0,0.533333,1.0,0.695652,0.0,0.466667,0.266667,0.733333,60,16,44,0.233333
0.8,0.05,,0.03,0,16,30,0,14,0.766667,1.0,0.533333,1.0,0.695652,0.0,0.466667,0.266667,0.733333,60,16,44,0.233333
0.8,0.05,,0.03,1,16,30,0,14,0.766667,1.0,0.533333,1.0,0.695652,0.0,0.466667,0.266667,0.733333,60,16,44,0.233333
0.8,0.05,0.65,0.03,0,16,30,0,14,0.766667,1.0,0.533333,1.0,0.695652,0.0,0.466667,0.266667,0.733333,60,16,44,0.233333
0.8,0.05,0.65,0.03,1,16,30,0,14,0.766667,1.0,0.533333,1.0,0.695652,0.0,0.466667,0.266667,0.733333,60,16,44,0.233333
0.8,0.05,0.7,0.03,0,16,30,0,14,0.766667,1.0,0.533333,1.0,0.695652,0.0,0.466667,0.266667,0.733333,60,16,44,0.233333
0.8,0.05,0.7,0.03,1,16,30,0,14,0.766667,1.0,0.533333,1.0,0.695652,0.0,0.466667,0.266667,0.733333,60,16,44,0.233333
0.8,0.05,0.75,0.03,0,16,30,0,14,0.766667,1.0,0.533333,1.0,0.695652,0.0,0.466667,0.266667,0.733333,60,16,44,0.233333
0.8,0.05,0.75,0.03,1,16,30,0,14,0.766667,1.0,0.533333,1.0,0.695652,0.0,0.466667,0.266667,0.733333,60,16,44,0.233333
0.8,0.05,0.8,0.03,0,16,30,0,14,0.766667,1.0,0.533333,1.0,0.695652,0.0,0.466667,0.266667,0.733333,60,16,44,0.233333
0.8,0.05,0.8,0.03,1,16,30,0,14,0.766667,1.0,0.533333,1.0,0.695652,0.0,0.466667,0.266667,0.733333,60,16,44,0.233333
0.85,0.0,0.85,,3,16,30,0,14,0.766667,1.0,0.533333,1.0,0.695652,0.0,0.466667,0.266667,0.733333,60,16,44,0.233333
0.85,0.0,0.85,0.015,3,16,30,0,14,0.766667,1.0,0.533333,1.0,0.695652,0.0,0.466667,0.266667,0.733333,60,16,44,0.233333
0.85,0.0,0.85,0.02,3,16,30,0,14,0.766667,1.0,0.533333,1.0,0.695652,0.0,0.466667,0.266667,0.733333,60,16,44,0.233333
0.85,0.0,0.85,0.025,3,16,30,0,14,0.766667,1.0,0.533333,1.0,0.695652,0.0,0.466667,0.266667,0.733333,60,16,44,0.233333
0.85,0.0,0.85,0.03,3,16,30,0,14,0.766667,1.0,0.533333,1.0,0.695652,0.0,0.466667,0.266667,0.733333,60,16,44,0.233333
0.9,0.0,0.85,,3,16,30,0,14,0.766667,1.0,0.533333,1.0,0.695652,0.0,0.466667,0.266667,0.733333,60,16,44,0.233333
0.9,0.0,0.85,0.015,3,16,30,0,14,0.766667,1.0,0.533333,1.0,0.695652,0.0,0.466667,0.266667,0.733333,60,16,44,0.233333
0.9,0.0,0.85,0.02,3,16,30,0,14,0.766667,1.0,0.533333,1.0,0.695652,0.0,0.466667,0.266667,0.733333,60,16,44,0.233333
0.9,0.0,0.85,0.025,3,16,30,0,14,0.766667,1.0,0.533333,1.0,0.695652,0.0,0.466667,0.266667,0.733333,60,16,44,0.233333
0.9,0.0,0.85,0.03,3,16,30,0,14,0.766667,1.0,0.533333,1.0,0.695652,0.0,0.466667,0.266667,0.733333,60,16,44,0.233333
0.95,0.0,,,3,16,30,0,14,0.766667,1.0,0.533333,1.0,0.695652,0.0,0.466667,0.266667,0.733333,60,16,44,0.233333
0.95,0.0,,0.015,3,16,30,0,14,0.766667,1.0,0.533333,1.0,0.695652,0.0,0.466667,0.266667,0.733333,60,16,44,0.233333
0.95,0.0,,0.02,3,16,30,0,14,0.766667,1.0,0.533333,1.0,0.695652,0.0,0.466667,0.266667,0.733333,60,16,44,0.233333
0.95,0.0,,0.025,3,16,30,0,14,0.766667,1.0,0.533333,1.0,0.695652,0.0,0.466667,0.266667,0.733333,60,16,44,0.233333
0.95,0.0,0.65,,3,16,30,0,14,0.766667,1.0,0.533333,1.0,0.695652,0.0,0.466667,0.266667,0.733333,60,16,44,0.233333
0.95,0.0,0.65,0.015,3,16,30,0,14,0.766667,1.0,0.533333,1.0,0.695652,0.0,0.466667,0.266667,0.733333,60,16,44,0.233333
0.95,0.0,0.65,0.02,3,16,30,0,14,0.766667,1.0,0.533333,1.0,0.695652,0.0,0.466667,0.266667,0.733333,60,16,44,0.233333
0.95,0.0,0.65,0.025,3,16,30,0,14,0.766667,1.0,0.533333,1.0,0.695652,0.0,0.466667,0.266667,0.733333,60,16,44,0.233333
0.95,0.0,0.7,,3,16,30,0,14,0.766667,1.0,0.533333,1.0,0.695652,0.0,0.466667,0.266667,0.733333,60,16,44,0.233333
0.95,0.0,0.7,0.015,3,16,30,0,14,0.766667,1.0,0.533333,1.0,0.695652,0.0,0.466667,0.266667,0.733333,60,16,44,0.233333
0.95,0.0,0.7,0.02,3,16,30,0,14,0.766667,1.0,0.533333,1.0,0.695652,0.0,0.466667,0.266667,0.733333,60,16,44,0.233333
0.95,0.0,0.7,0.025,3,16,30,0,14,0.766667,1.0,0.533333,1.0,0.695652,0.0,0.466667,0.266667,0.733333,60,16,44,0.233333
0.95,0.0,0.75,,3,16,30,0,14,0.766667,1.0,0.533333,1.0,0.695652,0.0,0.466667,0.266667,0.733333,60,16,44,0.233333
0.95,0.0,0.75,0.015,3,16,30,0,14,0.766667,1.0,0.533333,1.0,0.695652,0.0,0.466667,0.266667,0.733333,60,16,44,0.233333
0.95,0.0,0.75,0.02,3,16,30,0,14,0.766667,1.0,0.533333,1.0,0.695652,0.0,0.466667,0.266667,0.733333,60,16,44,0.233333
0.95,0.0,0.75,0.025,3,16,30,0,14,0.766667,1.0,0.533333,1.0,0.695652,0.0,0.466667,0.266667,0.733333,60,16,44,0.233333
0.95,0.0,0.8,,3,16,30,0,14,0.766667,1.0,0.533333,1.0,0.695652,0.0,0.466667,0.266667,0.733333,60,16,44,0.233333
0.95,0.0,0.8,0.015,3,16,30,0,14,0.766667,1.0,0.533333,1.0,0.695652,0.0,0.466667,0.266667,0.733333,60,16,44,0.233333
0.95,0.0,0.8,0.02,3,16,30,0,14,0.766667,1.0,0.533333,1.0,0.695652,0.0,0.466667,0.266667,0.733333,60,16,44,0.233333
0.95,0.0,0.8,0.025,3,16,30,0,14,0.766667,1.0,0.533333,1.0,0.695652,0.0,0.466667,0.266667,0.733333,60,16,44,0.233333
0.95,0.0,0.85,,2,16,30,0,14,0.766667,1.0,0.533333,1.0,0.695652,0.0,0.466667,0.266667,0.733333,60,16,44,0.233333
0.95,0.0,0.85,0.015,2,16,30,0,14,0.766667,1.0,0.533333,1.0,0.695652,0.0,0.466667,0.266667,0.733333,60,16,44,0.233333
0.95,0.0,0.85,0.02,2,16,30,0,14,0.766667,1.0,0.533333,1.0,0.695652,0.0,0.466667,0.266667,0.733333,60,16,44,0.233333
0.95,0.0,0.85,0.025,2,16,30,0,14,0.766667,1.0,0.533333,1.0,0.695652,0.0,0.466667,0.266667,0.733333,60,16,44,0.233333
0.95,0.0,0.85,0.03,2,16,30,0,14,0.766667,1.0,0.533333,1.0,0.695652,0.0,0.466667,0.266667,0.733333,60,16,44,0.233333
0.3,0.02,0.85,0.03,0,15,30,0,15,0.75,1.0,0.5,1.0,0.666667,0.0,0.5,0.25,0.75,60,15,45,0.25
0.3,0.02,0.85,0.03,1,15,30,0,15,0.75,1.0,0.5,1.0,0.666667,0.0,0.5,0.25,0.75,60,15,45,0.25
0.4,0.02,0.85,0.03,0,15,30,0,15,0.75,1.0,0.5,1.0,0.666667,0.0,0.5,0.25,0.75,60,15,45,0.25
0.4,0.02,0.85,0.03,1,15,30,0,15,0.75,1.0,0.5,1.0,0.666667,0.0,0.5,0.25,0.75,60,15,45,0.25
0.5,0.02,0.85,0.03,0,15,30,0,15,0.75,1.0,0.5,1.0,0.666667,0.0,0.5,0.25,0.75,60,15,45,0.25
0.5,0.02,0.85,0.03,1,15,30,0,15,0.75,1.0,0.5,1.0,0.666667,0.0,0.5,0.25,0.75,60,15,45,0.25
0.6,0.02,0.85,0.03,0,15,30,0,15,0.75,1.0,0.5,1.0,0.666667,0.0,0.5,0.25,0.75,60,15,45,0.25
0.6,0.02,0.85,0.03,1,15,30,0,15,0.75,1.0,0.5,1.0,0.666667,0.0,0.5,0.25,0.75,60,15,45,0.25
0.7,0.02,0.85,0.03,0,15,30,0,15,0.75,1.0,0.5,1.0,0.666667,0.0,0.5,0.25,0.75,60,15,45,0.25
0.7,0.02,0.85,0.03,1,15,30,0,15,0.75,1.0,0.5,1.0,0.666667,0.0,0.5,0.25,0.75,60,15,45,0.25
0.75,0.02,,0.015,2,15,30,0,15,0.75,1.0,0.5,1.0,0.666667,0.0,0.5,0.25,0.75,60,15,45,0.25
0.75,0.02,,0.02,2,15,30,0,15,0.75,1.0,0.5,1.0,0.666667,0.0,0.5,0.25,0.75,60,15,45,0.25
0.75,0.02,,0.025,2,15,30,0,15,0.75,1.0,0.5,1.0,0.666667,0.0,0.5,0.25,0.75,60,15,45,0.25
0.75,0.02,0.65,0.015,2,15,30,0,15,0.75,1.0,0.5,1.0,0.666667,0.0,0.5,0.25,0.75,60,15,45,0.25
0.75,0.02,0.65,0.02,2,15,30,0,15,0.75,1.0,0.5,1.0,0.666667,0.0,0.5,0.25,0.75,60,15,45,0.25
0.75,0.02,0.65,0.025,2,15,30,0,15,0.75,1.0,0.5,1.0,0.666667,0.0,0.5,0.25,0.75,60,15,45,0.25
0.75,0.02,0.7,0.015,2,15,30,0,15,0.75,1.0,0.5,1.0,0.666667,0.0,0.5,0.25,0.75,60,15,45,0.25
0.75,0.02,0.7,0.02,2,15,30,0,15,0.75,1.0,0.5,1.0,0.666667,0.0,0.5,0.25,0.75,60,15,45,0.25
0.75,0.02,0.7,0.025,2,15,30,0,15,0.75,1.0,0.5,1.0,0.666667,0.0,0.5,0.25,0.75,60,15,45,0.25
0.75,0.02,0.75,,2,15,30,0,15,0.75,1.0,0.5,1.0,0.666667,0.0,0.5,0.25,0.75,60,15,45,0.25
0.75,0.02,0.75,0.015,2,15,30,0,15,0.75,1.0,0.5,1.0,0.666667,0.0,0.5,0.25,0.75,60,15,45,0.25
0.75,0.02,0.75,0.02,2,15,30,0,15,0.75,1.0,0.5,1.0,0.666667,0.0,0.5,0.25,0.75,60,15,45,0.25
0.75,0.02,0.75,0.025,2,15,30,0,15,0.75,1.0,0.5,1.0,0.666667,0.0,0.5,0.25,0.75,60,15,45,0.25
0.75,0.02,0.8,,2,15,30,0,15,0.75,1.0,0.5,1.0,0.666667,0.0,0.5,0.25,0.75,60,15,45,0.25
0.75,0.02,0.8,0.015,2,15,30,0,15,0.75,1.0,0.5,1.0,0.666667,0.0,0.5,0.25,0.75,60,15,45,0.25
0.75,0.02,0.8,0.02,2,15,30,0,15,0.75,1.0,0.5,1.0,0.666667,0.0,0.5,0.25,0.75,60,15,45,0.25
0.75,0.02,0.8,0.025,2,15,30,0,15,0.75,1.0,0.5,1.0,0.666667,0.0,0.5,0.25,0.75,60,15,45,0.25
0.75,0.02,0.85,0.03,0,15,30,0,15,0.75,1.0,0.5,1.0,0.666667,0.0,0.5,0.25,0.75,60,15,45,0.25
0.75,0.02,0.85,0.03,1,15,30,0,15,0.75,1.0,0.5,1.0,0.666667,0.0,0.5,0.25,0.75,60,15,45,0.25
0.8,0.02,0.85,,0,15,30,0,15,0.75,1.0,0.5,1.0,0.666667,0.0,0.5,0.25,0.75,60,15,45,0.25
0.8,0.02,0.85,,1,15,30,0,15,0.75,1.0,0.5,1.0,0.666667,0.0,0.5,0.25,0.75,60,15,45,0.25
0.8,0.02,0.85,0.015,0,15,30,0,15,0.75,1.0,0.5,1.0,0.666667,0.0,0.5,0.25,0.75,60,15,45,0.25
0.8,0.02,0.85,0.015,1,15,30,0,15,0.75,1.0,0.5,1.0,0.666667,0.0,0.5,0.25,0.75,60,15,45,0.25
0.8,0.02,0.85,0.02,0,15,30,0,15,0.75,1.0,0.5,1.0,0.666667,0.0,0.5,0.25,0.75,60,15,45,0.25
0.8,0.02,0.85,0.02,1,15,30,0,15,0.75,1.0,0.5,1.0,0.666667,0.0,0.5,0.25,0.75,60,15,45,0.25
0.8,0.02,0.85,0.025,0,15,30,0,15,0.75,1.0,0.5,1.0,0.666667,0.0,0.5,0.25,0.75,60,15,45,0.25
0.8,0.02,0.85,0.025,1,15,30,0,15,0.75,1.0,0.5,1.0,0.666667,0.0,0.5,0.25,0.75,60,15,45,0.25
0.8,0.02,0.85,0.03,0,15,30,0,15,0.75,1.0,0.5,1.0,0.666667,0.0,0.5,0.25,0.75,60,15,45,0.25
0.8,0.02,0.85,0.03,1,15,30,0,15,0.75,1.0,0.5,1.0,0.666667,0.0,0.5,0.25,0.75,60,15,45,0.25
0.85,0.05,,0.015,0,15,30,0,15,0.75,1.0,0.5,1.0,0.666667,0.0,0.5,0.25,0.75,60,15,45,0.25
0.85,0.05,,0.015,1,15,30,0,15,0.75,1.0,0.5,1.0,0.666667,0.0,0.5,0.25,0.75,60,15,45,0.25
0.85,0.05,,0.02,0,15,30,0,15,0.75,1.0,0.5,1.0,0.666667,0.0,0.5,0.25,0.75,60,15,45,0.25
0.85,0.05,,0.02,1,15,30,0,15,0.75,1.0,0.5,1.0,0.666667,0.0,0.5,0.25,0.75,60,15,45,0.25
0.85,0.05,,0.025,0,15,30,0,15,0.75,1.0,0.5,1.0,0.666667,0.0,0.5,0.25,0.75,60,15,45,0.25
0.85,0.05,,0.025,1,15,30,0,15,0.75,1.0,0.5,1.0,0.666667,0.0,0.5,0.25,0.75,60,15,45,0.25
0.85,0.05,0.65,0.015,0,15,30,0,15,0.75,1.0,0.5,1.0,0.666667,0.0,0.5,0.25,0.75,60,15,45,0.25
0.85,0.05,0.65,0.015,1,15,30,0,15,0.75,1.0,0.5,1.0,0.666667,0.0,0.5,0.25,0.75,60,15,45,0.25
0.85,0.05,0.65,0.02,0,15,30,0,15,0.75,1.0,0.5,1.0,0.666667,0.0,0.5,0.25,0.75,60,15,45,0.25
0.85,0.05,0.65,0.02,1,15,30,0,15,0.75,1.0,0.5,1.0,0.666667,0.0,0.5,0.25,0.75,60,15,45,0.25
0.85,0.05,0.65,0.025,0,15,30,0,15,0.75,1.0,0.5,1.0,0.666667,0.0,0.5,0.25,0.75,60,15,45,0.25
0.85,0.05,0.65,0.025,1,15,30,0,15,0.75,1.0,0.5,1.0,0.666667,0.0,0.5,0.25,0.75,60,15,45,0.25
0.85,0.05,0.7,0.015,0,15,30,0,15,0.75,1.0,0.5,1.0,0.666667,0.0,0.5,0.25,0.75,60,15,45,0.25
0.85,0.05,0.7,0.015,1,15,30,0,15,0.75,1.0,0.5,1.0,0.666667,0.0,0.5,0.25,0.75,60,15,45,0.25
0.85,0.05,0.7,0.02,0,15,30,0,15,0.75,1.0,0.5,1.0,0.666667,0.0,0.5,0.25,0.75,60,15,45,0.25
0.85,0.05,0.7,0.02,1,15,30,0,15,0.75,1.0,0.5,1.0,0.666667,0.0,0.5,0.25,0.75,60,15,45,0.25
0.85,0.05,0.7,0.025,0,15,30,0,15,0.75,1.0,0.5,1.0,0.666667,0.0,0.5,0.25,0.75,60,15,45,0.25
0.85,0.05,0.7,0.025,1,15,30,0,15,0.75,1.0,0.5,1.0,0.666667,0.0,0.5,0.25,0.75,60,15,45,0.25
0.85,0.05,0.75,,0,15,30,0,15,0.75,1.0,0.5,1.0,0.666667,0.0,0.5,0.25,0.75,60,15,45,0.25
0.85,0.05,0.75,,1,15,30,0,15,0.75,1.0,0.5,1.0,0.666667,0.0,0.5,0.25,0.75,60,15,45,0.25
0.85,0.05,0.75,0.015,0,15,30,0,15,0.75,1.0,0.5,1.0,0.666667,0.0,0.5,0.25,0.75,60,15,45,0.25
0.85,0.05,0.75,0.015,1,15,30,0,15,0.75,1.0,0.5,1.0,0.666667,0.0,0.5,0.25,0.75,60,15,45,0.25
0.85,0.05,0.75,0.02,0,15,30,0,15,0.75,1.0,0.5,1.0,0.666667,0.0,0.5,0.25,0.75,60,15,45,0.25
0.85,0.05,0.75,0.02,1,15,30,0,15,0.75,1.0,0.5,1.0,0.666667,0.0,0.5,0.25,0.75,60,15,45,0.25
0.85,0.05,0.75,0.025,0,15,30,0,15,0.75,1.0,0.5,1.0,0.666667,0.0,0.5,0.25,0.75,60,15,45,0.25
0.85,0.05,0.75,0.025,1,15,30,0,15,0.75,1.0,0.5,1.0,0.666667,0.0,0.5,0.25,0.75,60,15,45,0.25
0.85,0.05,0.8,,0,15,30,0,15,0.75,1.0,0.5,1.0,0.666667,0.0,0.5,0.25,0.75,60,15,45,0.25
0.85,0.05,0.8,,1,15,30,0,15,0.75,1.0,0.5,1.0,0.666667,0.0,0.5,0.25,0.75,60,15,45,0.25
0.85,0.05,0.8,0.015,0,15,30,0,15,0.75,1.0,0.5,1.0,0.666667,0.0,0.5,0.25,0.75,60,15,45,0.25
0.85,0.05,0.8,0.015,1,15,30,0,15,0.75,1.0,0.5,1.0,0.666667,0.0,0.5,0.25,0.75,60,15,45,0.25
0.85,0.05,0.8,0.02,0,15,30,0,15,0.75,1.0,0.5,1.0,0.666667,0.0,0.5,0.25,0.75,60,15,45,0.25
0.85,0.05,0.8,0.02,1,15,30,0,15,0.75,1.0,0.5,1.0,0.666667,0.0,0.5,0.25,0.75,60,15,45,0.25
0.85,0.05,0.8,0.025,0,15,30,0,15,0.75,1.0,0.5,1.0,0.666667,0.0,0.5,0.25,0.75,60,15,45,0.25
0.85,0.05,0.8,0.025,1,15,30,0,15,0.75,1.0,0.5,1.0,0.666667,0.0,0.5,0.25,0.75,60,15,45,0.25
0.9,0.05,,0.015,0,15,30,0,15,0.75,1.0,0.5,1.0,0.666667,0.0,0.5,0.25,0.75,60,15,45,0.25
0.9,0.05,,0.015,1,15,30,0,15,0.75,1.0,0.5,1.0,0.666667,0.0,0.5,0.25,0.75,60,15,45,0.25
0.9,0.05,,0.02,0,15,30,0,15,0.75,1.0,0.5,1.0,0.666667,0.0,0.5,0.25,0.75,60,15,45,0.25
0.9,0.05,,0.02,1,15,30,0,15,0.75,1.0,0.5,1.0,0.666667,0.0,0.5,0.25,0.75,60,15,45,0.25
0.9,0.05,,0.025,0,15,30,0,15,0.75,1.0,0.5,1.0,0.666667,0.0,0.5,0.25,0.75,60,15,45,0.25
0.9,0.05,,0.025,1,15,30,0,15,0.75,1.0,0.5,1.0,0.666667,0.0,0.5,0.25,0.75,60,15,45,0.25
0.9,0.05,0.65,0.015,0,15,30,0,15,0.75,1.0,0.5,1.0,0.666667,0.0,0.5,0.25,0.75,60,15,45,0.25
0.9,0.05,0.65,0.015,1,15,30,0,15,0.75,1.0,0.5,1.0,0.666667,0.0,0.5,0.25,0.75,60,15,45,0.25
0.9,0.05,0.65,0.02,0,15,30,0,15,0.75,1.0,0.5,1.0,0.666667,0.0,0.5,0.25,0.75,60,15,45,0.25
0.9,0.05,0.65,0.02,1,15,30,0,15,0.75,1.0,0.5,1.0,0.666667,0.0,0.5,0.25,0.75,60,15,45,0.25
0.9,0.05,0.65,0.025,0,15,30,0,15,0.75,1.0,0.5,1.0,0.666667,0.0,0.5,0.25,0.75,60,15,45,0.25
0.9,0.05,0.65,0.025,1,15,30,0,15,0.75,1.0,0.5,1.0,0.666667,0.0,0.5,0.25,0.75,60,15,45,0.25
0.9,0.05,0.7,0.015,0,15,30,0,15,0.75,1.0,0.5,1.0,0.666667,0.0,0.5,0.25,0.75,60,15,45,0.25
0.9,0.05,0.7,0.015,1,15,30,0,15,0.75,1.0,0.5,1.0,0.666667,0.0,0.5,0.25,0.75,60,15,45,0.25
0.9,0.05,0.7,0.02,0,15,30,0,15,0.75,1.0,0.5,1.0,0.666667,0.0,0.5,0.25,0.75,60,15,45,0.25
0.9,0.05,0.7,0.02,1,15,30,0,15,0.75,1.0,0.5,1.0,0.666667,0.0,0.5,0.25,0.75,60,15,45,0.25
0.9,0.05,0.7,0.025,0,15,30,0,15,0.75,1.0,0.5,1.0,0.666667,0.0,0.5,0.25,0.75,60,15,45,0.25
0.9,0.05,0.7,0.025,1,15,30,0,15,0.75,1.0,0.5,1.0,0.666667,0.0,0.5,0.25,0.75,60,15,45,0.25
0.9,0.05,0.75,,0,15,30,0,15,0.75,1.0,0.5,1.0,0.666667,0.0,0.5,0.25,0.75,60,15,45,0.25
0.9,0.05,0.75,,1,15,30,0,15,0.75,1.0,0.5,1.0,0.666667,0.0,0.5,0.25,0.75,60,15,45,0.25
0.9,0.05,0.75,0.015,0,15,30,0,15,0.75,1.0,0.5,1.0,0.666667,0.0,0.5,0.25,0.75,60,15,45,0.25
0.9,0.05,0.75,0.015,1,15,30,0,15,0.75,1.0,0.5,1.0,0.666667,0.0,0.5,0.25,0.75,60,15,45,0.25
0.9,0.05,0.75,0.02,0,15,30,0,15,0.75,1.0,0.5,1.0,0.666667,0.0,0.5,0.25,0.75,60,15,45,0.25
0.9,0.05,0.75,0.02,1,15,30,0,15,0.75,1.0,0.5,1.0,0.666667,0.0,0.5,0.25,0.75,60,15,45,0.25
0.9,0.05,0.75,0.025,0,15,30,0,15,0.75,1.0,0.5,1.0,0.666667,0.0,0.5,0.25,0.75,60,15,45,0.25
0.9,0.05,0.75,0.025,1,15,30,0,15,0.75,1.0,0.5,1.0,0.666667,0.0,0.5,0.25,0.75,60,15,45,0.25
0.9,0.05,0.8,,0,15,30,0,15,0.75,1.0,0.5,1.0,0.666667,0.0,0.5,0.25,0.75,60,15,45,0.25
0.9,0.05,0.8,,1,15,30,0,15,0.75,1.0,0.5,1.0,0.666667,0.0,0.5,0.25,0.75,60,15,45,0.25
0.9,0.05,0.8,0.015,0,15,30,0,15,0.75,1.0,0.5,1.0,0.666667,0.0,0.5,0.25,0.75,60,15,45,0.25
0.9,0.05,0.8,0.015,1,15,30,0,15,0.75,1.0,0.5,1.0,0.666667,0.0,0.5,0.25,0.75,60,15,45,0.25
0.9,0.05,0.8,0.02,0,15,30,0,15,0.75,1.0,0.5,1.0,0.666667,0.0,0.5,0.25,0.75,60,15,45,0.25
0.9,0.05,0.8,0.02,1,15,30,0,15,0.75,1.0,0.5,1.0,0.666667,0.0,0.5,0.25,0.75,60,15,45,0.25
0.9,0.05,0.8,0.025,0,15,30,0,15,0.75,1.0,0.5,1.0,0.666667,0.0,0.5,0.25,0.75,60,15,45,0.25
0.9,0.05,0.8,0.025,1,15,30,0,15,0.75,1.0,0.5,1.0,0.666667,0.0,0.5,0.25,0.75,60,15,45,0.25
0.95,0.0,,0.03,3,15,30,0,15,0.75,1.0,0.5,1.0,0.666667,0.0,0.5,0.25,0.75,60,15,45,0.25
0.95,0.0,0.65,0.03,3,15,30,0,15,0.75,1.0,0.5,1.0,0.666667,0.0,0.5,0.25,0.75,60,15,45,0.25
0.95,0.0,0.7,0.03,3,15,30,0,15,0.75,1.0,0.5,1.0,0.666667,0.0,0.5,0.25,0.75,60,15,45,0.25
0.95,0.0,0.75,0.03,3,15,30,0,15,0.75,1.0,0.5,1.0,0.666667,0.0,0.5,0.25,0.75,60,15,45,0.25
0.95,0.0,0.8,0.03,3,15,30,0,15,0.75,1.0,0.5,1.0,0.666667,0.0,0.5,0.25,0.75,60,15,45,0.25
0.3,0.02,,,3,14,30,0,16,0.733333,1.0,0.466667,1.0,0.636364,0.0,0.533333,0.233333,0.766667,60,14,46,0.266666
0.3,0.02,,0.015,3,14,30,0,16,0.733333,1.0,0.466667,1.0,0.636364,0.0,0.533333,0.233333,0.766667,60,14,46,0.266666
0.3,0.02,,0.02,3,14,30,0,16,0.733333,1.0,0.466667,1.0,0.636364,0.0,0.533333,0.233333,0.766667,60,14,46,0.266666
0.3,0.02,,0.025,3,14,30,0,16,0.733333,1.0,0.466667,1.0,0.636364,0.0,0.533333,0.233333,0.766667,60,14,46,0.266666
0.3,0.02,0.65,,3,14,30,0,16,0.733333,1.0,0.466667,1.0,0.636364,0.0,0.533333,0.233333,0.766667,60,14,46,0.266666
0.3,0.02,0.65,0.015,3,14,30,0,16,0.733333,1.0,0.466667,1.0,0.636364,0.0,0.533333,0.233333,0.766667,60,14,46,0.266666
0.3,0.02,0.65,0.02,3,14,30,0,16,0.733333,1.0,0.466667,1.0,0.636364,0.0,0.533333,0.233333,0.766667,60,14,46,0.266666
0.3,0.02,0.65,0.025,3,14,30,0,16,0.733333,1.0,0.466667,1.0,0.636364,0.0,0.533333,0.233333,0.766667,60,14,46,0.266666
0.3,0.02,0.7,,3,14,30,0,16,0.733333,1.0,0.466667,1.0,0.636364,0.0,0.533333,0.233333,0.766667,60,14,46,0.266666
0.3,0.02,0.7,0.015,3,14,30,0,16,0.733333,1.0,0.466667,1.0,0.636364,0.0,0.533333,0.233333,0.766667,60,14,46,0.266666
0.3,0.02,0.7,0.02,3,14,30,0,16,0.733333,1.0,0.466667,1.0,0.636364,0.0,0.533333,0.233333,0.766667,60,14,46,0.266666
0.3,0.02,0.7,0.025,3,14,30,0,16,0.733333,1.0,0.466667,1.0,0.636364,0.0,0.533333,0.233333,0.766667,60,14,46,0.266666
0.3,0.02,0.75,,3,14,30,0,16,0.733333,1.0,0.466667,1.0,0.636364,0.0,0.533333,0.233333,0.766667,60,14,46,0.266666
0.3,0.02,0.75,0.015,3,14,30,0,16,0.733333,1.0,0.466667,1.0,0.636364,0.0,0.533333,0.233333,0.766667,60,14,46,0.266666
0.3,0.02,0.75,0.02,3,14,30,0,16,0.733333,1.0,0.466667,1.0,0.636364,0.0,0.533333,0.233333,0.766667,60,14,46,0.266666
0.3,0.02,0.75,0.025,3,14,30,0,16,0.733333,1.0,0.466667,1.0,0.636364,0.0,0.533333,0.233333,0.766667,60,14,46,0.266666
0.3,0.02,0.8,,3,14,30,0,16,0.733333,1.0,0.466667,1.0,0.636364,0.0,0.533333,0.233333,0.766667,60,14,46,0.266666
0.3,0.02,0.8,0.015,3,14,30,0,16,0.733333,1.0,0.466667,1.0,0.636364,0.0,0.533333,0.233333,0.766667,60,14,46,0.266666
0.3,0.02,0.8,0.02,3,14,30,0,16,0.733333,1.0,0.466667,1.0,0.636364,0.0,0.533333,0.233333,0.766667,60,14,46,0.266666
0.3,0.02,0.8,0.025,3,14,30,0,16,0.733333,1.0,0.466667,1.0,0.636364,0.0,0.533333,0.233333,0.766667,60,14,46,0.266666
0.3,0.1,,0.015,0,14,30,0,16,0.733333,1.0,0.466667,1.0,0.636364,0.0,0.533333,0.233333,0.766667,60,14,46,0.266666
0.3,0.1,,0.015,1,14,30,0,16,0.733333,1.0,0.466667,1.0,0.636364,0.0,0.533333,0.233333,0.766667,60,14,46,0.266666
0.3,0.1,,0.02,0,14,30,0,16,0.733333,1.0,0.466667,1.0,0.636364,0.0,0.533333,0.233333,0.766667,60,14,46,0.266666
0.3,0.1,,0.02,1,14,30,0,16,0.733333,1.0,0.466667,1.0,0.636364,0.0,0.533333,0.233333,0.766667,60,14,46,0.266666
0.3,0.1,,0.025,0,14,30,0,16,0.733333,1.0,0.466667,1.0,0.636364,0.0,0.533333,0.233333,0.766667,60,14,46,0.266666
0.3,0.1,,0.025,1,14,30,0,16,0.733333,1.0,0.466667,1.0,0.636364,0.0,0.533333,0.233333,0.766667,60,14,46,0.266666
0.3,0.1,0.65,0.015,0,14,30,0,16,0.733333,1.0,0.466667,1.0,0.636364,0.0,0.533333,0.233333,0.766667,60,14,46,0.266666
0.3,0.1,0.65,0.015,1,14,30,0,16,0.733333,1.0,0.466667,1.0,0.636364,0.0,0.533333,0.233333,0.766667,60,14,46,0.266666
0.3,0.1,0.65,0.02,0,14,30,0,16,0.733333,1.0,0.466667,1.0,0.636364,0.0,0.533333,0.233333,0.766667,60,14,46,0.266666
0.3,0.1,0.65,0.02,1,14,30,0,16,0.733333,1.0,0.466667,1.0,0.636364,0.0,0.533333,0.233333,0.766667,60,14,46,0.266666
0.3,0.1,0.65,0.025,0,14,30,0,16,0.733333,1.0,0.466667,1.0,0.636364,0.0,0.533333,0.233333,0.766667,60,14,46,0.266666
0.3,0.1,0.65,0.025,1,14,30,0,16,0.733333,1.0,0.466667,1.0,0.636364,0.0,0.533333,0.233333,0.766667,60,14,46,0.266666
0.3,0.1,0.7,0.015,0,14,30,0,16,0.733333,1.0,0.466667,1.0,0.636364,0.0,0.533333,0.233333,0.766667,60,14,46,0.266666
0.3,0.1,0.7,0.015,1,14,30,0,16,0.733333,1.0,0.466667,1.0,0.636364,0.0,0.533333,0.233333,0.766667,60,14,46,0.266666
0.3,0.1,0.7,0.02,0,14,30,0,16,0.733333,1.0,0.466667,1.0,0.636364,0.0,0.533333,0.233333,0.766667,60,14,46,0.266666
0.3,0.1,0.7,0.02,1,14,30,0,16,0.733333,1.0,0.466667,1.0,0.636364,0.0,0.533333,0.233333,0.766667,60,14,46,0.266666
0.3,0.1,0.7,0.025,0,14,30,0,16,0.733333,1.0,0.466667,1.0,0.636364,0.0,0.533333,0.233333,0.766667,60,14,46,0.266666
0.3,0.1,0.7,0.025,1,14,30,0,16,0.733333,1.0,0.466667,1.0,0.636364,0.0,0.533333,0.233333,0.766667,60,14,46,0.266666
0.3,0.1,0.75,,0,14,30,0,16,0.733333,1.0,0.466667,1.0,0.636364,0.0,0.533333,0.233333,0.766667,60,14,46,0.266666
0.3,0.1,0.75,,1,14,30,0,16,0.733333,1.0,0.466667,1.0,0.636364,0.0,0.533333,0.233333,0.766667,60,14,46,0.266666
0.3,0.1,0.75,0.015,0,14,30,0,16,0.733333,1.0,0.466667,1.0,0.636364,0.0,0.533333,0.233333,0.766667,60,14,46,0.266666
0.3,0.1,0.75,0.015,1,14,30,0,16,0.733333,1.0,0.466667,1.0,0.636364,0.0,0.533333,0.233333,0.766667,60,14,46,0.266666
0.3,0.1,0.75,0.02,0,14,30,0,16,0.733333,1.0,0.466667,1.0,0.636364,0.0,0.533333,0.233333,0.766667,60,14,46,0.266666
0.3,0.1,0.75,0.02,1,14,30,0,16,0.733333,1.0,0.466667,1.0,0.636364,0.0,0.533333,0.233333,0.766667,60,14,46,0.266666
0.3,0.1,0.75,0.025,0,14,30,0,16,0.733333,1.0,0.466667,1.0,0.636364,0.0,0.533333,0.233333,0.766667,60,14,46,0.266666
0.3,0.1,0.75,0.025,1,14,30,0,16,0.733333,1.0,0.466667,1.0,0.636364,0.0,0.533333,0.233333,0.766667,60,14,46,0.266666
0.3,0.1,0.8,,0,14,30,0,16,0.733333,1.0,0.466667,1.0,0.636364,0.0,0.533333,0.233333,0.766667,60,14,46,0.266666
0.3,0.1,0.8,,1,14,30,0,16,0.733333,1.0,0.466667,1.0,0.636364,0.0,0.533333,0.233333,0.766667,60,14,46,0.266666
0.3,0.1,0.8,0.015,0,14,30,0,16,0.733333,1.0,0.466667,1.0,0.636364,0.0,0.533333,0.233333,0.766667,60,14,46,0.266666
0.3,0.1,0.8,0.015,1,14,30,0,16,0.733333,1.0,0.466667,1.0,0.636364,0.0,0.533333,0.233333,0.766667,60,14,46,0.266666
0.3,0.1,0.8,0.02,0,14,30,0,16,0.733333,1.0,0.466667,1.0,0.636364,0.0,0.533333,0.233333,0.766667,60,14,46,0.266666
0.3,0.1,0.8,0.02,1,14,30,0,16,0.733333,1.0,0.466667,1.0,0.636364,0.0,0.533333,0.233333,0.766667,60,14,46,0.266666
0.3,0.1,0.8,0.025,0,14,30,0,16,0.733333,1.0,0.466667,1.0,0.636364,0.0,0.533333,0.233333,0.766667,60,14,46,0.266666
0.3,0.1,0.8,0.025,1,14,30,0,16,0.733333,1.0,0.466667,1.0,0.636364,0.0,0.533333,0.233333,0.766667,60,14,46,0.266666
0.4,0.02,,,3,14,30,0,16,0.733333,1.0,0.466667,1.0,0.636364,0.0,0.533333,0.233333,0.766667,60,14,46,0.266666
0.4,0.02,,0.015,3,14,30,0,16,0.733333,1.0,0.466667,1.0,0.636364,0.0,0.533333,0.233333,0.766667,60,14,46,0.266666
0.4,0.02,,0.02,3,14,30,0,16,0.733333,1.0,0.466667,1.0,0.636364,0.0,0.533333,0.233333,0.766667,60,14,46,0.266666
0.4,0.02,,0.025,3,14,30,0,16,0.733333,1.0,0.466667,1.0,0.636364,0.0,0.533333,0.233333,0.766667,60,14,46,0.266666
0.4,0.02,0.65,,3,14,30,0,16,0.733333,1.0,0.466667,1.0,0.636364,0.0,0.533333,0.233333,0.766667,60,14,46,0.266666
0.4,0.02,0.65,0.015,3,14,30,0,16,0.733333,1.0,0.466667,1.0,0.636364,0.0,0.533333,0.233333,0.766667,60,14,46,0.266666
0.4,0.02,0.65,0.02,3,14,30,0,16,0.733333,1.0,0.466667,1.0,0.636364,0.0,0.533333,0.233333,0.766667,60,14,46,0.266666
0.4,0.02,0.65,0.025,3,14,30,0,16,0.733333,1.0,0.466667,1.0,0.636364,0.0,0.533333,0.233333,0.766667,60,14,46,0.266666
0.4,0.02,0.7,,3,14,30,0,16,0.733333,1.0,0.466667,1.0,0.636364,0.0,0.533333,0.233333,0.766667,60,14,46,0.266666
0.4,0.02,0.7,0.015,3,14,30,0,16,0.733333,1.0,0.466667,1.0,0.636364,0.0,0.533333,0.233333,0.766667,60,14,46,0.266666
0.4,0.02,0.7,0.02,3,14,30,0,16,0.733333,1.0,0.466667,1.0,0.636364,0.0,0.533333,0.233333,0.766667,60,14,46,0.266666
0.4,0.02,0.7,0.025,3,14,30,0,16,0.733333,1.0,0.466667,1.0,0.636364,0.0,0.533333,0.233333,0.766667,60,14,46,0.266666
0.4,0.02,0.75,,3,14,30,0,16,0.733333,1.0,0.466667,1.0,0.636364,0.0,0.533333,0.233333,0.766667,60,14,46,0.266666
0.4,0.02,0.75,0.015,3,14,30,0,16,0.733333,1.0,0.466667,1.0,0.636364,0.0,0.533333,0.233333,0.766667,60,14,46,0.266666
0.4,0.02,0.75,0.02,3,14,30,0,16,0.733333,1.0,0.466667,1.0,0.636364,0.0,0.533333,0.233333,0.766667,60,14,46,0.266666
0.4,0.02,0.75,0.025,3,14,30,0,16,0.733333,1.0,0.466667,1.0,0.636364,0.0,0.533333,0.233333,0.766667,60,14,46,0.266666
0.4,0.02,0.8,,3,14,30,0,16,0.733333,1.0,0.466667,1.0,0.636364,0.0,0.533333,0.233333,0.766667,60,14,46,0.266666
0.4,0.02,0.8,0.015,3,14,30,0,16,0.733333,1.0,0.466667,1.0,0.636364,0.0,0.533333,0.233333,0.766667,60,14,46,0.266666
0.4,0.02,0.8,0.02,3,14,30,0,16,0.733333,1.0,0.466667,1.0,0.636364,0.0,0.533333,0.233333,0.766667,60,14,46,0.266666
0.4,0.02,0.8,0.025,3,14,30,0,16,0.733333,1.0,0.466667,1.0,0.636364,0.0,0.533333,0.233333,0.766667,60,14,46,0.266666
0.4,0.1,,0.015,0,14,30,0,16,0.733333,1.0,0.466667,1.0,0.636364,0.0,0.533333,0.233333,0.766667,60,14,46,0.266666
0.4,0.1,,0.015,1,14,30,0,16,0.733333,1.0,0.466667,1.0,0.636364,0.0,0.533333,0.233333,0.766667,60,14,46,0.266666
0.4,0.1,,0.02,0,14,30,0,16,0.733333,1.0,0.466667,1.0,0.636364,0.0,0.533333,0.233333,0.766667,60,14,46,0.266666
0.4,0.1,,0.02,1,14,30,0,16,0.733333,1.0,0.466667,1.0,0.636364,0.0,0.533333,0.233333,0.766667,60,14,46,0.266666
0.4,0.1,,0.025,0,14,30,0,16,0.733333,1.0,0.466667,1.0,0.636364,0.0,0.533333,0.233333,0.766667,60,14,46,0.266666
0.4,0.1,,0.025,1,14,30,0,16,0.733333,1.0,0.466667,1.0,0.636364,0.0,0.533333,0.233333,0.766667,60,14,46,0.266666
0.4,0.1,0.65,0.015,0,14,30,0,16,0.733333,1.0,0.466667,1.0,0.636364,0.0,0.533333,0.233333,0.766667,60,14,46,0.266666
0.4,0.1,0.65,0.015,1,14,30,0,16,0.733333,1.0,0.466667,1.0,0.636364,0.0,0.533333,0.233333,0.766667,60,14,46,0.266666
0.4,0.1,0.65,0.02,0,14,30,0,16,0.733333,1.0,0.466667,1.0,0.636364,0.0,0.533333,0.233333,0.766667,60,14,46,0.266666
0.4,0.1,0.65,0.02,1,14,30,0,16,0.733333,1.0,0.466667,1.0,0.636364,0.0,0.533333,0.233333,0.766667,60,14,46,0.266666
0.4,0.1,0.65,0.025,0,14,30,0,16,0.733333,1.0,0.466667,1.0,0.636364,0.0,0.533333,0.233333,0.766667,60,14,46,0.266666
0.4,0.1,0.65,0.025,1,14,30,0,16,0.733333,1.0,0.466667,1.0,0.636364,0.0,0.533333,0.233333,0.766667,60,14,46,0.266666
0.4,0.1,0.7,0.015,0,14,30,0,16,0.733333,1.0,0.466667,1.0,0.636364,0.0,0.533333,0.233333,0.766667,60,14,46,0.266666
0.4,0.1,0.7,0.015,1,14,30,0,16,0.733333,1.0,0.466667,1.0,0.636364,0.0,0.533333,0.233333,0.766667,60,14,46,0.266666
0.4,0.1,0.7,0.02,0,14,30,0,16,0.733333,1.0,0.466667,1.0,0.636364,0.0,0.533333,0.233333,0.766667,60,14,46,0.266666
0.4,0.1,0.7,0.02,1,14,30,0,16,0.733333,1.0,0.466667,1.0,0.636364,0.0,0.533333,0.233333,0.766667,60,14,46,0.266666
0.4,0.1,0.7,0.025,0,14,30,0,16,0.733333,1.0,0.466667,1.0,0.636364,0.0,0.533333,0.233333,0.766667,60,14,46,0.266666
0.4,0.1,0.7,0.025,1,14,30,0,16,0.733333,1.0,0.466667,1.0,0.636364,0.0,0.533333,0.233333,0.766667,60,14,46,0.266666
0.4,0.1,0.75,,0,14,30,0,16,0.733333,1.0,0.466667,1.0,0.636364,0.0,0.533333,0.233333,0.766667,60,14,46,0.266666
0.4,0.1,0.75,,1,14,30,0,16,0.733333,1.0,0.466667,1.0,0.636364,0.0,0.533333,0.233333,0.766667,60,14,46,0.266666
0.4,0.1,0.75,0.015,0,14,30,0,16,0.733333,1.0,0.466667,1.0,0.636364,0.0,0.533333,0.233333,0.766667,60,14,46,0.266666
0.4,0.1,0.75,0.015,1,14,30,0,16,0.733333,1.0,0.466667,1.0,0.636364,0.0,0.533333,0.233333,0.766667,60,14,46,0.266666
0.4,0.1,0.75,0.02,0,14,30,0,16,0.733333,1.0,0.466667,1.0,0.636364,0.0,0.533333,0.233333,0.766667,60,14,46,0.266666
0.4,0.1,0.75,0.02,1,14,30,0,16,0.733333,1.0,0.466667,1.0,0.636364,0.0,0.533333,0.233333,0.766667,60,14,46,0.266666
0.4,0.1,0.75,0.025,0,14,30,0,16,0.733333,1.0,0.466667,1.0,0.636364,0.0,0.533333,0.233333,0.766667,60,14,46,0.266666
0.4,0.1,0.75,0.025,1,14,30,0,16,0.733333,1.0,0.466667,1.0,0.636364,0.0,0.533333,0.233333,0.766667,60,14,46,0.266666
0.4,0.1,0.8,,0,14,30,0,16,0.733333,1.0,0.466667,1.0,0.636364,0.0,0.533333,0.233333,0.766667,60,14,46,0.266666
0.4,0.1,0.8,,1,14,30,0,16,0.733333,1.0,0.466667,1.0,0.636364,0.0,0.533333,0.233333,0.766667,60,14,46,0.266666
0.4,0.1,0.8,0.015,0,14,30,0,16,0.733333,1.0,0.466667,1.0,0.636364,0.0,0.533333,0.233333,0.766667,60,14,46,0.266666
0.4,0.1,0.8,0.015,1,14,30,0,16,0.733333,1.0,0.466667,1.0,0.636364,0.0,0.533333,0.233333,0.766667,60,14,46,0.266666
0.4,0.1,0.8,0.02,0,14,30,0,16,0.733333,1.0,0.466667,1.0,0.636364,0.0,0.533333,0.233333,0.766667,60,14,46,0.266666
0.4,0.1,0.8,0.02,1,14,30,0,16,0.733333,1.0,0.466667,1.0,0.636364,0.0,0.533333,0.233333,0.766667,60,14,46,0.266666
0.4,0.1,0.8,0.025,0,14,30,0,16,0.733333,1.0,0.466667,1.0,0.636364,0.0,0.533333,0.233333,0.766667,60,14,46,0.266666
0.4,0.1,0.8,0.025,1,14,30,0,16,0.733333,1.0,0.466667,1.0,0.636364,0.0,0.533333,0.233333,0.766667,60,14,46,0.266666
0.5,0.02,,,3,14,30,0,16,0.733333,1.0,0.466667,1.0,0.636364,0.0,0.533333,0.233333,0.766667,60,14,46,0.266666
0.5,0.02,,0.015,3,14,30,0,16,0.733333,1.0,0.466667,1.0,0.636364,0.0,0.533333,0.233333,0.766667,60,14,46,0.266666
0.5,0.02,,0.02,3,14,30,0,16,0.733333,1.0,0.466667,1.0,0.636364,0.0,0.533333,0.233333,0.766667,60,14,46,0.266666
0.5,0.02,,0.025,3,14,30,0,16,0.733333,1.0,0.466667,1.0,0.636364,0.0,0.533333,0.233333,0.766667,60,14,46,0.266666
0.5,0.02,0.65,,3,14,30,0,16,0.733333,1.0,0.466667,1.0,0.636364,0.0,0.533333,0.233333,0.766667,60,14,46,0.266666
0.5,0.02,0.65,0.015,3,14,30,0,16,0.733333,1.0,0.466667,1.0,0.636364,0.0,0.533333,0.233333,0.766667,60,14,46,0.266666
0.5,0.02,0.65,0.02,3,14,30,0,16,0.733333,1.0,0.466667,1.0,0.636364,0.0,0.533333,0.233333,0.766667,60,14,46,0.266666
0.5,0.02,0.65,0.025,3,14,30,0,16,0.733333,1.0,0.466667,1.0,0.636364,0.0,0.533333,0.233333,0.766667,60,14,46,0.266666
0.5,0.02,0.7,,3,14,30,0,16,0.733333,1.0,0.466667,1.0,0.636364,0.0,0.533333,0.233333,0.766667,60,14,46,0.266666
0.5,0.02,0.7,0.015,3,14,30,0,16,0.733333,1.0,0.466667,1.0,0.636364,0.0,0.533333,0.233333,0.766667,60,14,46,0.266666
0.5,0.02,0.7,0.02,3,14,30,0,16,0.733333,1.0,0.466667,1.0,0.636364,0.0,0.533333,0.233333,0.766667,60,14,46,0.266666
0.5,0.02,0.7,0.025,3,14,30,0,16,0.733333,1.0,0.466667,1.0,0.636364,0.0,0.533333,0.233333,0.766667,60,14,46,0.266666
0.5,0.02,0.75,,3,14,30,0,16,0.733333,1.0,0.466667,1.0,0.636364,0.0,0.533333,0.233333,0.766667,60,14,46,0.266666
0.5,0.02,0.75,0.015,3,14,30,0,16,0.733333,1.0,0.466667,1.0,0.636364,0.0,0.533333,0.233333,0.766667,60,14,46,0.266666
0.5,0.02,0.75,0.02,3,14,30,0,16,0.733333,1.0,0.466667,1.0,0.636364,0.0,0.533333,0.233333,0.766667,60,14,46,0.266666
0.5,0.02,0.75,0.025,3,14,30,0,16,0.733333,1.0,0.466667,1.0,0.636364,0.0,0.533333,0.233333,0.766667,60,14,46,0.266666
0.5,0.02,0.8,,3,14,30,0,16,0.733333,1.0,0.466667,1.0,0.636364,0.0,0.533333,0.233333,0.766667,60,14,46,0.266666
0.5,0.02,0.8,0.015,3,14,30,0,16,0.733333,1.0,0.466667,1.0,0.636364,0.0,0.533333,0.233333,0.766667,60,14,46,0.266666
0.5,0.02,0.8,0.02,3,14,30,0,16,0.733333,1.0,0.466667,1.0,0.636364,0.0,0.533333,0.233333,0.766667,60,14,46,0.266666
0.5,0.02,0.8,0.025,3,14,30,0,16,0.733333,1.0,0.466667,1.0,0.636364,0.0,0.533333,0.233333,0.766667,60,14,46,0.266666
0.5,0.1,,0.015,0,14,30,0,16,0.733333,1.0,0.466667,1.0,0.636364,0.0,0.533333,0.233333,0.766667,60,14,46,0.266666
0.5,0.1,,0.015,1,14,30,0,16,0.733333,1.0,0.466667,1.0,0.636364,0.0,0.533333,0.233333,0.766667,60,14,46,0.266666
0.5,0.1,,0.02,0,14,30,0,16,0.733333,1.0,0.466667,1.0,0.636364,0.0,0.533333,0.233333,0.766667,60,14,46,0.266666
0.5,0.1,,0.02,1,14,30,0,16,0.733333,1.0,0.466667,1.0,0.636364,0.0,0.533333,0.233333,0.766667,60,14,46,0.266666
0.5,0.1,,0.025,0,14,30,0,16,0.733333,1.0,0.466667,1.0,0.636364,0.0,0.533333,0.233333,0.766667,60,14,46,0.266666
0.5,0.1,,0.025,1,14,30,0,16,0.733333,1.0,0.466667,1.0,0.636364,0.0,0.533333,0.233333,0.766667,60,14,46,0.266666
0.5,0.1,0.65,0.015,0,14,30,0,16,0.733333,1.0,0.466667,1.0,0.636364,0.0,0.533333,0.233333,0.766667,60,14,46,0.266666
0.5,0.1,0.65,0.015,1,14,30,0,16,0.733333,1.0,0.466667,1.0,0.636364,0.0,0.533333,0.233333,0.766667,60,14,46,0.266666
0.5,0.1,0.65,0.02,0,14,30,0,16,0.733333,1.0,0.466667,1.0,0.636364,0.0,0.533333,0.233333,0.766667,60,14,46,0.266666
0.5,0.1,0.65,0.02,1,14,30,0,16,0.733333,1.0,0.466667,1.0,0.636364,0.0,0.533333,0.233333,0.766667,60,14,46,0.266666
0.5,0.1,0.65,0.025,0,14,30,0,16,0.733333,1.0,0.466667,1.0,0.636364,0.0,0.533333,0.233333,0.766667,60,14,46,0.266666
0.5,0.1,0.65,0.025,1,14,30,0,16,0.733333,1.0,0.466667,1.0,0.636364,0.0,0.533333,0.233333,0.766667,60,14,46,0.266666
0.5,0.1,0.7,0.015,0,14,30,0,16,0.733333,1.0,0.466667,1.0,0.636364,0.0,0.533333,0.233333,0.766667,60,14,46,0.266666
0.5,0.1,0.7,0.015,1,14,30,0,16,0.733333,1.0,0.466667,1.0,0.636364,0.0,0.533333,0.233333,0.766667,60,14,46,0.266666
0.5,0.1,0.7,0.02,0,14,30,0,16,0.733333,1.0,0.466667,1.0,0.636364,0.0,0.533333,0.233333,0.766667,60,14,46,0.266666
0.5,0.1,0.7,0.02,1,14,30,0,16,0.733333,1.0,0.466667,1.0,0.636364,0.0,0.533333,0.233333,0.766667,60,14,46,0.266666
0.5,0.1,0.7,0.025,0,14,30,0,16,0.733333,1.0,0.466667,1.0,0.636364,0.0,0.533333,0.233333,0.766667,60,14,46,0.266666
0.5,0.1,0.7,0.025,1,14,30,0,16,0.733333,1.0,0.466667,1.0,0.636364,0.0,0.533333,0.233333,0.766667,60,14,46,0.266666
0.5,0.1,0.75,,0,14,30,0,16,0.733333,1.0,0.466667,1.0,0.636364,0.0,0.533333,0.233333,0.766667,60,14,46,0.266666
0.5,0.1,0.75,,1,14,30,0,16,0.733333,1.0,0.466667,1.0,0.636364,0.0,0.533333,0.233333,0.766667,60,14,46,0.266666
0.5,0.1,0.75,0.015,0,14,30,0,16,0.733333,1.0,0.466667,1.0,0.636364,0.0,0.533333,0.233333,0.766667,60,14,46,0.266666
0.5,0.1,0.75,0.015,1,14,30,0,16,0.733333,1.0,0.466667,1.0,0.636364,0.0,0.533333,0.233333,0.766667,60,14,46,0.266666
0.5,0.1,0.75,0.02,0,14,30,0,16,0.733333,1.0,0.466667,1.0,0.636364,0.0,0.533333,0.233333,0.766667,60,14,46,0.266666
0.5,0.1,0.75,0.02,1,14,30,0,16,0.733333,1.0,0.466667,1.0,0.636364,0.0,0.533333,0.233333,0.766667,60,14,46,0.266666
0.5,0.1,0.75,0.025,0,14,30,0,16,0.733333,1.0,0.466667,1.0,0.636364,0.0,0.533333,0.233333,0.766667,60,14,46,0.266666
0.5,0.1,0.75,0.025,1,14,30,0,16,0.733333,1.0,0.466667,1.0,0.636364,0.0,0.533333,0.233333,0.766667,60,14,46,0.266666
0.5,0.1,0.8,,0,14,30,0,16,0.733333,1.0,0.466667,1.0,0.636364,0.0,0.533333,0.233333,0.766667,60,14,46,0.266666
0.5,0.1,0.8,,1,14,30,0,16,0.733333,1.0,0.466667,1.0,0.636364,0.0,0.533333,0.233333,0.766667,60,14,46,0.266666
0.5,0.1,0.8,0.015,0,14,30,0,16,0.733333,1.0,0.466667,1.0,0.636364,0.0,0.533333,0.233333,0.766667,60,14,46,0.266666
0.5,0.1,0.8,0.015,1,14,30,0,16,0.733333,1.0,0.466667,1.0,0.636364,0.0,0.533333,0.233333,0.766667,60,14,46,0.266666
0.5,0.1,0.8,0.02,0,14,30,0,16,0.733333,1.0,0.466667,1.0,0.636364,0.0,0.533333,0.233333,0.766667,60,14,46,0.266666
0.5,0.1,0.8,0.02,1,14,30,0,16,0.733333,1.0,0.466667,1.0,0.636364,0.0,0.533333,0.233333,0.766667,60,14,46,0.266666
0.5,0.1,0.8,0.025,0,14,30,0,16,0.733333,1.0,0.466667,1.0,0.636364,0.0,0.533333,0.233333,0.766667,60,14,46,0.266666
0.5,0.1,0.8,0.025,1,14,30,0,16,0.733333,1.0,0.466667,1.0,0.636364,0.0,0.533333,0.233333,0.766667,60,14,46,0.266666
0.6,0.02,,,3,14,30,0,16,0.733333,1.0,0.466667,1.0,0.636364,0.0,0.533333,0.233333,0.766667,60,14,46,0.266666
0.6,0.02,,0.015,3,14,30,0,16,0.733333,1.0,0.466667,1.0,0.636364,0.0,0.533333,0.233333,0.766667,60,14,46,0.266666
0.6,0.02,,0.02,3,14,30,0,16,0.733333,1.0,0.466667,1.0,0.636364,0.0,0.533333,0.233333,0.766667,60,14,46,0.266666
0.6,0.02,,0.025,3,14,30,0,16,0.733333,1.0,0.466667,1.0,0.636364,0.0,0.533333,0.233333,0.766667,60,14,46,0.266666
0.6,0.02,0.65,,3,14,30,0,16,0.733333,1.0,0.466667,1.0,0.636364,0.0,0.533333,0.233333,0.766667,60,14,46,0.266666
0.6,0.02,0.65,0.015,3,14,30,0,16,0.733333,1.0,0.466667,1.0,0.636364,0.0,0.533333,0.233333,0.766667,60,14,46,0.266666
0.6,0.02,0.65,0.02,3,14,30,0,16,0.733333,1.0,0.466667,1.0,0.636364,0.0,0.533333,0.233333,0.766667,60,14,46,0.266666
0.6,0.02,0.65,0.025,3,14,30,0,16,0.733333,1.0,0.466667,1.0,0.636364,0.0,0.533333,0.233333,0.766667,60,14,46,0.266666
0.6,0.02,0.7,,3,14,30,0,16,0.733333,1.0,0.466667,1.0,0.636364,0.0,0.533333,0.233333,0.766667,60,14,46,0.266666
0.6,0.02,0.7,0.015,3,14,30,0,16,0.733333,1.0,0.466667,1.0,0.636364,0.0,0.533333,0.233333,0.766667,60,14,46,0.266666
0.6,0.02,0.7,0.02,3,14,30,0,16,0.733333,1.0,0.466667,1.0,0.636364,0.0,0.533333,0.233333,0.766667,60,14,46,0.266666
0.6,0.02,0.7,0.025,3,14,30,0,16,0.733333,1.0,0.466667,1.0,0.636364,0.0,0.533333,0.233333,0.766667,60,14,46,0.266666
0.6,0.02,0.75,,3,14,30,0,16,0.733333,1.0,0.466667,1.0,0.636364,0.0,0.533333,0.233333,0.766667,60,14,46,0.266666
0.6,0.02,0.75,0.015,3,14,30,0,16,0.733333,1.0,0.466667,1.0,0.636364,0.0,0.533333,0.233333,0.766667,60,14,46,0.266666
0.6,0.02,0.75,0.02,3,14,30,0,16,0.733333,1.0,0.466667,1.0,0.636364,0.0,0.533333,0.233333,0.766667,60,14,46,0.266666
0.6,0.02,0.75,0.025,3,14,30,0,16,0.733333,1.0,0.466667,1.0,0.636364,0.0,0.533333,0.233333,0.766667,60,14,46,0.266666
0.6,0.02,0.8,,3,14,30,0,16,0.733333,1.0,0.466667,1.0,0.636364,0.0,0.533333,0.233333,0.766667,60,14,46,0.266666
0.6,0.02,0.8,0.015,3,14,30,0,16,0.733333,1.0,0.466667,1.0,0.636364,0.0,0.533333,0.233333,0.766667,60,14,46,0.266666
0.6,0.02,0.8,0.02,3,14,30,0,16,0.733333,1.0,0.466667,1.0,0.636364,0.0,0.533333,0.233333,0.766667,60,14,46,0.266666
0.6,0.02,0.8,0.025,3,14,30,0,16,0.733333,1.0,0.466667,1.0,0.636364,0.0,0.533333,0.233333,0.766667,60,14,46,0.266666
0.6,0.1,,0.015,0,14,30,0,16,0.733333,1.0,0.466667,1.0,0.636364,0.0,0.533333,0.233333,0.766667,60,14,46,0.266666
0.6,0.1,,0.015,1,14,30,0,16,0.733333,1.0,0.466667,1.0,0.636364,0.0,0.533333,0.233333,0.766667,60,14,46,0.266666
0.6,0.1,,0.02,0,14,30,0,16,0.733333,1.0,0.466667,1.0,0.636364,0.0,0.533333,0.233333,0.766667,60,14,46,0.266666
0.6,0.1,,0.02,1,14,30,0,16,0.733333,1.0,0.466667,1.0,0.636364,0.0,0.533333,0.233333,0.766667,60,14,46,0.266666
0.6,0.1,,0.025,0,14,30,0,16,0.733333,1.0,0.466667,1.0,0.636364,0.0,0.533333,0.233333,0.766667,60,14,46,0.266666
0.6,0.1,,0.025,1,14,30,0,16,0.733333,1.0,0.466667,1.0,0.636364,0.0,0.533333,0.233333,0.766667,60,14,46,0.266666
0.6,0.1,0.65,0.015,0,14,30,0,16,0.733333,1.0,0.466667,1.0,0.636364,0.0,0.533333,0.233333,0.766667,60,14,46,0.266666
0.6,0.1,0.65,0.015,1,14,30,0,16,0.733333,1.0,0.466667,1.0,0.636364,0.0,0.533333,0.233333,0.766667,60,14,46,0.266666
0.6,0.1,0.65,0.02,0,14,30,0,16,0.733333,1.0,0.466667,1.0,0.636364,0.0,0.533333,0.233333,0.766667,60,14,46,0.266666
0.6,0.1,0.65,0.02,1,14,30,0,16,0.733333,1.0,0.466667,1.0,0.636364,0.0,0.533333,0.233333,0.766667,60,14,46,0.266666
0.6,0.1,0.65,0.025,0,14,30,0,16,0.733333,1.0,0.466667,1.0,0.636364,0.0,0.533333,0.233333,0.766667,60,14,46,0.266666
0.6,0.1,0.65,0.025,1,14,30,0,16,0.733333,1.0,0.466667,1.0,0.636364,0.0,0.533333,0.233333,0.766667,60,14,46,0.266666
0.6,0.1,0.7,0.015,0,14,30,0,16,0.733333,1.0,0.466667,1.0,0.636364,0.0,0.533333,0.233333,0.766667,60,14,46,0.266666
0.6,0.1,0.7,0.015,1,14,30,0,16,0.733333,1.0,0.466667,1.0,0.636364,0.0,0.533333,0.233333,0.766667,60,14,46,0.266666
0.6,0.1,0.7,0.02,0,14,30,0,16,0.733333,1.0,0.466667,1.0,0.636364,0.0,0.533333,0.233333,0.766667,60,14,46,0.266666
0.6,0.1,0.7,0.02,1,14,30,0,16,0.733333,1.0,0.466667,1.0,0.636364,0.0,0.533333,0.233333,0.766667,60,14,46,0.266666
0.6,0.1,0.7,0.025,0,14,30,0,16,0.733333,1.0,0.466667,1.0,0.636364,0.0,0.533333,0.233333,0.766667,60,14,46,0.266666
0.6,0.1,0.7,0.025,1,14,30,0,16,0.733333,1.0,0.466667,1.0,0.636364,0.0,0.533333,0.233333,0.766667,60,14,46,0.266666
0.6,0.1,0.75,,0,14,30,0,16,0.733333,1.0,0.466667,1.0,0.636364,0.0,0.533333,0.233333,0.766667,60,14,46,0.266666
0.6,0.1,0.75,,1,14,30,0,16,0.733333,1.0,0.466667,1.0,0.636364,0.0,0.533333,0.233333,0.766667,60,14,46,0.266666
0.6,0.1,0.75,0.015,0,14,30,0,16,0.733333,1.0,0.466667,1.0,0.636364,0.0,0.533333,0.233333,0.766667,60,14,46,0.266666
0.6,0.1,0.75,0.015,1,14,30,0,16,0.733333,1.0,0.466667,1.0,0.636364,0.0,0.533333,0.233333,0.766667,60,14,46,0.266666
0.6,0.1,0.75,0.02,0,14,30,0,16,0.733333,1.0,0.466667,1.0,0.636364,0.0,0.533333,0.233333,0.766667,60,14,46,0.266666
0.6,0.1,0.75,0.02,1,14,30,0,16,0.733333,1.0,0.466667,1.0,0.636364,0.0,0.533333,0.233333,0.766667,60,14,46,0.266666
0.6,0.1,0.75,0.025,0,14,30,0,16,0.733333,1.0,0.466667,1.0,0.636364,0.0,0.533333,0.233333,0.766667,60,14,46,0.266666
0.6,0.1,0.75,0.025,1,14,30,0,16,0.733333,1.0,0.466667,1.0,0.636364,0.0,0.533333,0.233333,0.766667,60,14,46,0.266666
0.6,0.1,0.8,,0,14,30,0,16,0.733333,1.0,0.466667,1.0,0.636364,0.0,0.533333,0.233333,0.766667,60,14,46,0.266666
0.6,0.1,0.8,,1,14,30,0,16,0.733333,1.0,0.466667,1.0,0.636364,0.0,0.533333,0.233333,0.766667,60,14,46,0.266666
0.6,0.1,0.8,0.015,0,14,30,0,16,0.733333,1.0,0.466667,1.0,0.636364,0.0,0.533333,0.233333,0.766667,60,14,46,0.266666
0.6,0.1,0.8,0.015,1,14,30,0,16,0.733333,1.0,0.466667,1.0,0.636364,0.0,0.533333,0.233333,0.766667,60,14,46,0.266666
0.6,0.1,0.8,0.02,0,14,30,0,16,0.733333,1.0,0.466667,1.0,0.636364,0.0,0.533333,0.233333,0.766667,60,14,46,0.266666
0.6,0.1,0.8,0.02,1,14,30,0,16,0.733333,1.0,0.466667,1.0,0.636364,0.0,0.533333,0.233333,0.766667,60,14,46,0.266666
0.6,0.1,0.8,0.025,0,14,30,0,16,0.733333,1.0,0.466667,1.0,0.636364,0.0,0.533333,0.233333,0.766667,60,14,46,0.266666
0.6,0.1,0.8,0.025,1,14,30,0,16,0.733333,1.0,0.466667,1.0,0.636364,0.0,0.533333,0.233333,0.766667,60,14,46,0.266666
0.7,0.02,,,3,14,30,0,16,0.733333,1.0,0.466667,1.0,0.636364,0.0,0.533333,0.233333,0.766667,60,14,46,0.266666
0.7,0.02,,0.015,3,14,30,0,16,0.733333,1.0,0.466667,1.0,0.636364,0.0,0.533333,0.233333,0.766667,60,14,46,0.266666
0.7,0.02,,0.02,3,14,30,0,16,0.733333,1.0,0.466667,1.0,0.636364,0.0,0.533333,0.233333,0.766667,60,14,46,0.266666
0.7,0.02,,0.025,3,14,30,0,16,0.733333,1.0,0.466667,1.0,0.636364,0.0,0.533333,0.233333,0.766667,60,14,46,0.266666
0.7,0.02,0.65,,3,14,30,0,16,0.733333,1.0,0.466667,1.0,0.636364,0.0,0.533333,0.233333,0.766667,60,14,46,0.266666
0.7,0.02,0.65,0.015,3,14,30,0,16,0.733333,1.0,0.466667,1.0,0.636364,0.0,0.533333,0.233333,0.766667,60,14,46,0.266666
0.7,0.02,0.65,0.02,3,14,30,0,16,0.733333,1.0,0.466667,1.0,0.636364,0.0,0.533333,0.233333,0.766667,60,14,46,0.266666
0.7,0.02,0.65,0.025,3,14,30,0,16,0.733333,1.0,0.466667,1.0,0.636364,0.0,0.533333,0.233333,0.766667,60,14,46,0.266666
0.7,0.02,0.7,,3,14,30,0,16,0.733333,1.0,0.466667,1.0,0.636364,0.0,0.533333,0.233333,0.766667,60,14,46,0.266666
0.7,0.02,0.7,0.015,3,14,30,0,16,0.733333,1.0,0.466667,1.0,0.636364,0.0,0.533333,0.233333,0.766667,60,14,46,0.266666
0.7,0.02,0.7,0.02,3,14,30,0,16,0.733333,1.0,0.466667,1.0,0.636364,0.0,0.533333,0.233333,0.766667,60,14,46,0.266666
0.7,0.02,0.7,0.025,3,14,30,0,16,0.733333,1.0,0.466667,1.0,0.636364,0.0,0.533333,0.233333,0.766667,60,14,46,0.266666
0.7,0.02,0.75,,3,14,30,0,16,0.733333,1.0,0.466667,1.0,0.636364,0.0,0.533333,0.233333,0.766667,60,14,46,0.266666
0.7,0.02,0.75,0.015,3,14,30,0,16,0.733333,1.0,0.466667,1.0,0.636364,0.0,0.533333,0.233333,0.766667,60,14,46,0.266666
0.7,0.02,0.75,0.02,3,14,30,0,16,0.733333,1.0,0.466667,1.0,0.636364,0.0,0.533333,0.233333,0.766667,60,14,46,0.266666
0.7,0.02,0.75,0.025,3,14,30,0,16,0.733333,1.0,0.466667,1.0,0.636364,0.0,0.533333,0.233333,0.766667,60,14,46,0.266666
0.7,0.02,0.8,,3,14,30,0,16,0.733333,1.0,0.466667,1.0,0.636364,0.0,0.533333,0.233333,0.766667,60,14,46,0.266666
0.7,0.02,0.8,0.015,3,14,30,0,16,0.733333,1.0,0.466667,1.0,0.636364,0.0,0.533333,0.233333,0.766667,60,14,46,0.266666
0.7,0.02,0.8,0.02,3,14,30,0,16,0.733333,1.0,0.466667,1.0,0.636364,0.0,0.533333,0.233333,0.766667,60,14,46,0.266666
0.7,0.02,0.8,0.025,3,14,30,0,16,0.733333,1.0,0.466667,1.0,0.636364,0.0,0.533333,0.233333,0.766667,60,14,46,0.266666
0.7,0.1,,0.015,0,14,30,0,16,0.733333,1.0,0.466667,1.0,0.636364,0.0,0.533333,0.233333,0.766667,60,14,46,0.266666
0.7,0.1,,0.015,1,14,30,0,16,0.733333,1.0,0.466667,1.0,0.636364,0.0,0.533333,0.233333,0.766667,60,14,46,0.266666
0.7,0.1,,0.02,0,14,30,0,16,0.733333,1.0,0.466667,1.0,0.636364,0.0,0.533333,0.233333,0.766667,60,14,46,0.266666
0.7,0.1,,0.02,1,14,30,0,16,0.733333,1.0,0.466667,1.0,0.636364,0.0,0.533333,0.233333,0.766667,60,14,46,0.266666
0.7,0.1,,0.025,0,14,30,0,16,0.733333,1.0,0.466667,1.0,0.636364,0.0,0.533333,0.233333,0.766667,60,14,46,0.266666
0.7,0.1,,0.025,1,14,30,0,16,0.733333,1.0,0.466667,1.0,0.636364,0.0,0.533333,0.233333,0.766667,60,14,46,0.266666
0.7,0.1,0.65,0.015,0,14,30,0,16,0.733333,1.0,0.466667,1.0,0.636364,0.0,0.533333,0.233333,0.766667,60,14,46,0.266666
0.7,0.1,0.65,0.015,1,14,30,0,16,0.733333,1.0,0.466667,1.0,0.636364,0.0,0.533333,0.233333,0.766667,60,14,46,0.266666
0.7,0.1,0.65,0.02,0,14,30,0,16,0.733333,1.0,0.466667,1.0,0.636364,0.0,0.533333,0.233333,0.766667,60,14,46,0.266666
0.7,0.1,0.65,0.02,1,14,30,0,16,0.733333,1.0,0.466667,1.0,0.636364,0.0,0.533333,0.233333,0.766667,60,14,46,0.266666
0.7,0.1,0.65,0.025,0,14,30,0,16,0.733333,1.0,0.466667,1.0,0.636364,0.0,0.533333,0.233333,0.766667,60,14,46,0.266666
0.7,0.1,0.65,0.025,1,14,30,0,16,0.733333,1.0,0.466667,1.0,0.636364,0.0,0.533333,0.233333,0.766667,60,14,46,0.266666
0.7,0.1,0.7,0.015,0,14,30,0,16,0.733333,1.0,0.466667,1.0,0.636364,0.0,0.533333,0.233333,0.766667,60,14,46,0.266666
0.7,0.1,0.7,0.015,1,14,30,0,16,0.733333,1.0,0.466667,1.0,0.636364,0.0,0.533333,0.233333,0.766667,60,14,46,0.266666
0.7,0.1,0.7,0.02,0,14,30,0,16,0.733333,1.0,0.466667,1.0,0.636364,0.0,0.533333,0.233333,0.766667,60,14,46,0.266666
0.7,0.1,0.7,0.02,1,14,30,0,16,0.733333,1.0,0.466667,1.0,0.636364,0.0,0.533333,0.233333,0.766667,60,14,46,0.266666
0.7,0.1,0.7,0.025,0,14,30,0,16,0.733333,1.0,0.466667,1.0,0.636364,0.0,0.533333,0.233333,0.766667,60,14,46,0.266666
0.7,0.1,0.7,0.025,1,14,30,0,16,0.733333,1.0,0.466667,1.0,0.636364,0.0,0.533333,0.233333,0.766667,60,14,46,0.266666
0.7,0.1,0.75,,0,14,30,0,16,0.733333,1.0,0.466667,1.0,0.636364,0.0,0.533333,0.233333,0.766667,60,14,46,0.266666
0.7,0.1,0.75,,1,14,30,0,16,0.733333,1.0,0.466667,1.0,0.636364,0.0,0.533333,0.233333,0.766667,60,14,46,0.266666
0.7,0.1,0.75,0.015,0,14,30,0,16,0.733333,1.0,0.466667,1.0,0.636364,0.0,0.533333,0.233333,0.766667,60,14,46,0.266666
0.7,0.1,0.75,0.015,1,14,30,0,16,0.733333,1.0,0.466667,1.0,0.636364,0.0,0.533333,0.233333,0.766667,60,14,46,0.266666
0.7,0.1,0.75,0.02,0,14,30,0,16,0.733333,1.0,0.466667,1.0,0.636364,0.0,0.533333,0.233333,0.766667,60,14,46,0.266666
0.7,0.1,0.75,0.02,1,14,30,0,16,0.733333,1.0,0.466667,1.0,0.636364,0.0,0.533333,0.233333,0.766667,60,14,46,0.266666
0.7,0.1,0.75,0.025,0,14,30,0,16,0.733333,1.0,0.466667,1.0,0.636364,0.0,0.533333,0.233333,0.766667,60,14,46,0.266666
0.7,0.1,0.75,0.025,1,14,30,0,16,0.733333,1.0,0.466667,1.0,0.636364,0.0,0.533333,0.233333,0.766667,60,14,46,0.266666
0.7,0.1,0.8,,0,14,30,0,16,0.733333,1.0,0.466667,1.0,0.636364,0.0,0.533333,0.233333,0.766667,60,14,46,0.266666
0.7,0.1,0.8,,1,14,30,0,16,0.733333,1.0,0.466667,1.0,0.636364,0.0,0.533333,0.233333,0.766667,60,14,46,0.266666
0.7,0.1,0.8,0.015,0,14,30,0,16,0.733333,1.0,0.466667,1.0,0.636364,0.0,0.533333,0.233333,0.766667,60,14,46,0.266666
0.7,0.1,0.8,0.015,1,14,30,0,16,0.733333,1.0,0.466667,1.0,0.636364,0.0,0.533333,0.233333,0.766667,60,14,46,0.266666
0.7,0.1,0.8,0.02,0,14,30,0,16,0.733333,1.0,0.466667,1.0,0.636364,0.0,0.533333,0.233333,0.766667,60,14,46,0.266666
0.7,0.1,0.8,0.02,1,14,30,0,16,0.733333,1.0,0.466667,1.0,0.636364,0.0,0.533333,0.233333,0.766667,60,14,46,0.266666
0.7,0.1,0.8,0.025,0,14,30,0,16,0.733333,1.0,0.466667,1.0,0.636364,0.0,0.533333,0.233333,0.766667,60,14,46,0.266666
0.7,0.1,0.8,0.025,1,14,30,0,16,0.733333,1.0,0.466667,1.0,0.636364,0.0,0.533333,0.233333,0.766667,60,14,46,0.266666
0.8,0.02,,0.015,2,14,30,0,16,0.733333,1.0,0.466667,1.0,0.636364,0.0,0.533333,0.233333,0.766667,60,14,46,0.266666
0.8,0.02,,0.02,2,14,30,0,16,0.733333,1.0,0.466667,1.0,0.636364,0.0,0.533333,0.233333,0.766667,60,14,46,0.266666
0.8,0.02,,0.025,2,14,30,0,16,0.733333,1.0,0.466667,1.0,0.636364,0.0,0.533333,0.233333,0.766667,60,14,46,0.266666
0.8,0.02,0.65,0.015,2,14,30,0,16,0.733333,1.0,0.466667,1.0,0.636364,0.0,0.533333,0.233333,0.766667,60,14,46,0.266666
0.8,0.02,0.65,0.02,2,14,30,0,16,0.733333,1.0,0.466667,1.0,0.636364,0.0,0.533333,0.233333,0.766667,60,14,46,0.266666
0.8,0.02,0.65,0.025,2,14,30,0,16,0.733333,1.0,0.466667,1.0,0.636364,0.0,0.533333,0.233333,0.766667,60,14,46,0.266666
0.8,0.02,0.7,0.015,2,14,30,0,16,0.733333,1.0,0.466667,1.0,0.636364,0.0,0.533333,0.233333,0.766667,60,14,46,0.266666
0.8,0.02,0.7,0.02,2,14,30,0,16,0.733333,1.0,0.466667,1.0,0.636364,0.0,0.533333,0.233333,0.766667,60,14,46,0.266666
0.8,0.02,0.7,0.025,2,14,30,0,16,0.733333,1.0,0.466667,1.0,0.636364,0.0,0.533333,0.233333,0.766667,60,14,46,0.266666
0.8,0.02,0.75,,2,14,30,0,16,0.733333,1.0,0.466667,1.0,0.636364,0.0,0.533333,0.233333,0.766667,60,14,46,0.266666
0.8,0.02,0.75,0.015,2,14,30,0,16,0.733333,1.0,0.466667,1.0,0.636364,0.0,0.533333,0.233333,0.766667,60,14,46,0.266666
0.8,0.02,0.75,0.02,2,14,30,0,16,0.733333,1.0,0.466667,1.0,0.636364,0.0,0.533333,0.233333,0.766667,60,14,46,0.266666
0.8,0.02,0.75,0.025,2,14,30,0,16,0.733333,1.0,0.466667,1.0,0.636364,0.0,0.533333,0.233333,0.766667,60,14,46,0.266666
0.8,0.02,0.8,,2,14,30,0,16,0.733333,1.0,0.466667,1.0,0.636364,0.0,0.533333,0.233333,0.766667,60,14,46,0.266666
0.8,0.02,0.8,0.015,2,14,30,0,16,0.733333,1.0,0.466667,1.0,0.636364,0.0,0.533333,0.233333,0.766667,60,14,46,0.266666
0.8,0.02,0.8,0.02,2,14,30,0,16,0.733333,1.0,0.466667,1.0,0.636364,0.0,0.533333,0.233333,0.766667,60,14,46,0.266666
0.8,0.02,0.8,0.025,2,14,30,0,16,0.733333,1.0,0.466667,1.0,0.636364,0.0,0.533333,0.233333,0.766667,60,14,46,0.266666
0.85,0.02,0.85,,0,14,30,0,16,0.733333,1.0,0.466667,1.0,0.636364,0.0,0.533333,0.233333,0.766667,60,14,46,0.266666
0.85,0.02,0.85,,1,14,30,0,16,0.733333,1.0,0.466667,1.0,0.636364,0.0,0.533333,0.233333,0.766667,60,14,46,0.266666
0.85,0.02,0.85,0.015,0,14,30,0,16,0.733333,1.0,0.466667,1.0,0.636364,0.0,0.533333,0.233333,0.766667,60,14,46,0.266666
0.85,0.02,0.85,0.015,1,14,30,0,16,0.733333,1.0,0.466667,1.0,0.636364,0.0,0.533333,0.233333,0.766667,60,14,46,0.266666
0.85,0.02,0.85,0.02,0,14,30,0,16,0.733333,1.0,0.466667,1.0,0.636364,0.0,0.533333,0.233333,0.766667,60,14,46,0.266666
0.85,0.02,0.85,0.02,1,14,30,0,16,0.733333,1.0,0.466667,1.0,0.636364,0.0,0.533333,0.233333,0.766667,60,14,46,0.266666
0.85,0.02,0.85,0.025,0,14,30,0,16,0.733333,1.0,0.466667,1.0,0.636364,0.0,0.533333,0.233333,0.766667,60,14,46,0.266666
0.85,0.02,0.85,0.025,1,14,30,0,16,0.733333,1.0,0.466667,1.0,0.636364,0.0,0.533333,0.233333,0.766667,60,14,46,0.266666
0.85,0.02,0.85,0.03,0,14,30,0,16,0.733333,1.0,0.466667,1.0,0.636364,0.0,0.533333,0.233333,0.766667,60,14,46,0.266666
0.85,0.02,0.85,0.03,1,14,30,0,16,0.733333,1.0,0.466667,1.0,0.636364,0.0,0.533333,0.233333,0.766667,60,14,46,0.266666
0.85,0.05,,0.03,0,14,30,0,16,0.733333,1.0,0.466667,1.0,0.636364,0.0,0.533333,0.233333,0.766667,60,14,46,0.266666
0.85,0.05,,0.03,1,14,30,0,16,0.733333,1.0,0.466667,1.0,0.636364,0.0,0.533333,0.233333,0.766667,60,14,46,0.266666
0.85,0.05,0.65,0.03,0,14,30,0,16,0.733333,1.0,0.466667,1.0,0.636364,0.0,0.533333,0.233333,0.766667,60,14,46,0.266666
0.85,0.05,0.65,0.03,1,14,30,0,16,0.733333,1.0,0.466667,1.0,0.636364,0.0,0.533333,0.233333,0.766667,60,14,46,0.266666
0.85,0.05,0.7,0.03,0,14,30,0,16,0.733333,1.0,0.466667,1.0,0.636364,0.0,0.533333,0.233333,0.766667,60,14,46,0.266666
0.85,0.05,0.7,0.03,1,14,30,0,16,0.733333,1.0,0.466667,1.0,0.636364,0.0,0.533333,0.233333,0.766667,60,14,46,0.266666
0.85,0.05,0.75,0.03,0,14,30,0,16,0.733333,1.0,0.466667,1.0,0.636364,0.0,0.533333,0.233333,0.766667,60,14,46,0.266666
0.85,0.05,0.75,0.03,1,14,30,0,16,0.733333,1.0,0.466667,1.0,0.636364,0.0,0.533333,0.233333,0.766667,60,14,46,0.266666
0.85,0.05,0.8,0.03,0,14,30,0,16,0.733333,1.0,0.466667,1.0,0.636364,0.0,0.533333,0.233333,0.766667,60,14,46,0.266666
0.85,0.05,0.8,0.03,1,14,30,0,16,0.733333,1.0,0.466667,1.0,0.636364,0.0,0.533333,0.233333,0.766667,60,14,46,0.266666
0.9,0.02,0.85,,0,14,30,0,16,0.733333,1.0,0.466667,1.0,0.636364,0.0,0.533333,0.233333,0.766667,60,14,46,0.266666
0.9,0.02,0.85,,1,14,30,0,16,0.733333,1.0,0.466667,1.0,0.636364,0.0,0.533333,0.233333,0.766667,60,14,46,0.266666
0.9,0.02,0.85,0.015,0,14,30,0,16,0.733333,1.0,0.466667,1.0,0.636364,0.0,0.533333,0.233333,0.766667,60,14,46,0.266666
0.9,0.02,0.85,0.015,1,14,30,0,16,0.733333,1.0,0.466667,1.0,0.636364,0.0,0.533333,0.233333,0.766667,60,14,46,0.266666
0.9,0.02,0.85,0.02,0,14,30,0,16,0.733333,1.0,0.466667,1.0,0.636364,0.0,0.533333,0.233333,0.766667,60,14,46,0.266666
0.9,0.02,0.85,0.02,1,14,30,0,16,0.733333,1.0,0.466667,1.0,0.636364,0.0,0.533333,0.233333,0.766667,60,14,46,0.266666
0.9,0.02,0.85,0.025,0,14,30,0,16,0.733333,1.0,0.466667,1.0,0.636364,0.0,0.533333,0.233333,0.766667,60,14,46,0.266666
0.9,0.02,0.85,0.025,1,14,30,0,16,0.733333,1.0,0.466667,1.0,0.636364,0.0,0.533333,0.233333,0.766667,60,14,46,0.266666
0.9,0.02,0.85,0.03,0,14,30,0,16,0.733333,1.0,0.466667,1.0,0.636364,0.0,0.533333,0.233333,0.766667,60,14,46,0.266666
0.9,0.02,0.85,0.03,1,14,30,0,16,0.733333,1.0,0.466667,1.0,0.636364,0.0,0.533333,0.233333,0.766667,60,14,46,0.266666
0.9,0.05,,0.03,0,14,30,0,16,0.733333,1.0,0.466667,1.0,0.636364,0.0,0.533333,0.233333,0.766667,60,14,46,0.266666
0.9,0.05,,0.03,1,14,30,0,16,0.733333,1.0,0.466667,1.0,0.636364,0.0,0.533333,0.233333,0.766667,60,14,46,0.266666
0.9,0.05,0.65,0.03,0,14,30,0,16,0.733333,1.0,0.466667,1.0,0.636364,0.0,0.533333,0.233333,0.766667,60,14,46,0.266666
0.9,0.05,0.65,0.03,1,14,30,0,16,0.733333,1.0,0.466667,1.0,0.636364,0.0,0.533333,0.233333,0.766667,60,14,46,0.266666
0.9,0.05,0.7,0.03,0,14,30,0,16,0.733333,1.0,0.466667,1.0,0.636364,0.0,0.533333,0.233333,0.766667,60,14,46,0.266666
0.9,0.05,0.7,0.03,1,14,30,0,16,0.733333,1.0,0.466667,1.0,0.636364,0.0,0.533333,0.233333,0.766667,60,14,46,0.266666
0.9,0.05,0.75,0.03,0,14,30,0,16,0.733333,1.0,0.466667,1.0,0.636364,0.0,0.533333,0.233333,0.766667,60,14,46,0.266666
0.9,0.05,0.75,0.03,1,14,30,0,16,0.733333,1.0,0.466667,1.0,0.636364,0.0,0.533333,0.233333,0.766667,60,14,46,0.266666
0.9,0.05,0.8,0.03,0,14,30,0,16,0.733333,1.0,0.466667,1.0,0.636364,0.0,0.533333,0.233333,0.766667,60,14,46,0.266666
0.9,0.05,0.8,0.03,1,14,30,0,16,0.733333,1.0,0.466667,1.0,0.636364,0.0,0.533333,0.233333,0.766667,60,14,46,0.266666
0.95,0.0,0.85,,3,14,30,0,16,0.733333,1.0,0.466667,1.0,0.636364,0.0,0.533333,0.233333,0.766667,60,14,46,0.266666
0.95,0.0,0.85,0.015,3,14,30,0,16,0.733333,1.0,0.466667,1.0,0.636364,0.0,0.533333,0.233333,0.766667,60,14,46,0.266666
0.95,0.0,0.85,0.02,3,14,30,0,16,0.733333,1.0,0.466667,1.0,0.636364,0.0,0.533333,0.233333,0.766667,60,14,46,0.266666
0.95,0.0,0.85,0.025,3,14,30,0,16,0.733333,1.0,0.466667,1.0,0.636364,0.0,0.533333,0.233333,0.766667,60,14,46,0.266666
0.95,0.0,0.85,0.03,3,14,30,0,16,0.733333,1.0,0.466667,1.0,0.636364,0.0,0.533333,0.233333,0.766667,60,14,46,0.266666
0.95,0.02,,0.015,0,14,30,0,16,0.733333,1.0,0.466667,1.0,0.636364,0.0,0.533333,0.233333,0.766667,60,14,46,0.266666
0.95,0.02,,0.015,1,14,30,0,16,0.733333,1.0,0.466667,1.0,0.636364,0.0,0.533333,0.233333,0.766667,60,14,46,0.266666
0.95,0.02,,0.02,0,14,30,0,16,0.733333,1.0,0.466667,1.0,0.636364,0.0,0.533333,0.233333,0.766667,60,14,46,0.266666
0.95,0.02,,0.02,1,14,30,0,16,0.733333,1.0,0.466667,1.0,0.636364,0.0,0.533333,0.233333,0.766667,60,14,46,0.266666
0.95,0.02,,0.025,0,14,30,0,16,0.733333,1.0,0.466667,1.0,0.636364,0.0,0.533333,0.233333,0.766667,60,14,46,0.266666
0.95,0.02,,0.025,1,14,30,0,16,0.733333,1.0,0.466667,1.0,0.636364,0.0,0.533333,0.233333,0.766667,60,14,46,0.266666
0.95,0.02,0.65,0.015,0,14,30,0,16,0.733333,1.0,0.466667,1.0,0.636364,0.0,0.533333,0.233333,0.766667,60,14,46,0.266666
0.95,0.02,0.65,0.015,1,14,30,0,16,0.733333,1.0,0.466667,1.0,0.636364,0.0,0.533333,0.233333,0.766667,60,14,46,0.266666
0.95,0.02,0.65,0.02,0,14,30,0,16,0.733333,1.0,0.466667,1.0,0.636364,0.0,0.533333,0.233333,0.766667,60,14,46,0.266666
0.95,0.02,0.65,0.02,1,14,30,0,16,0.733333,1.0,0.466667,1.0,0.636364,0.0,0.533333,0.233333,0.766667,60,14,46,0.266666
0.95,0.02,0.65,0.025,0,14,30,0,16,0.733333,1.0,0.466667,1.0,0.636364,0.0,0.533333,0.233333,0.766667,60,14,46,0.266666
0.95,0.02,0.65,0.025,1,14,30,0,16,0.733333,1.0,0.466667,1.0,0.636364,0.0,0.533333,0.233333,0.766667,60,14,46,0.266666
0.95,0.02,0.7,0.015,0,14,30,0,16,0.733333,1.0,0.466667,1.0,0.636364,0.0,0.533333,0.233333,0.766667,60,14,46,0.266666
0.95,0.02,0.7,0.015,1,14,30,0,16,0.733333,1.0,0.466667,1.0,0.636364,0.0,0.533333,0.233333,0.766667,60,14,46,0.266666
0.95,0.02,0.7,0.02,0,14,30,0,16,0.733333,1.0,0.466667,1.0,0.636364,0.0,0.533333,0.233333,0.766667,60,14,46,0.266666
0.95,0.02,0.7,0.02,1,14,30,0,16,0.733333,1.0,0.466667,1.0,0.636364,0.0,0.533333,0.233333,0.766667,60,14,46,0.266666
0.95,0.02,0.7,0.025,0,14,30,0,16,0.733333,1.0,0.466667,1.0,0.636364,0.0,0.533333,0.233333,0.766667,60,14,46,0.266666
0.95,0.02,0.7,0.025,1,14,30,0,16,0.733333,1.0,0.466667,1.0,0.636364,0.0,0.533333,0.233333,0.766667,60,14,46,0.266666
0.95,0.02,0.75,,0,14,30,0,16,0.733333,1.0,0.466667,1.0,0.636364,0.0,0.533333,0.233333,0.766667,60,14,46,0.266666
0.95,0.02,0.75,,1,14,30,0,16,0.733333,1.0,0.466667,1.0,0.636364,0.0,0.533333,0.233333,0.766667,60,14,46,0.266666
0.95,0.02,0.75,0.015,0,14,30,0,16,0.733333,1.0,0.466667,1.0,0.636364,0.0,0.533333,0.233333,0.766667,60,14,46,0.266666
0.95,0.02,0.75,0.015,1,14,30,0,16,0.733333,1.0,0.466667,1.0,0.636364,0.0,0.533333,0.233333,0.766667,60,14,46,0.266666
0.95,0.02,0.75,0.02,0,14,30,0,16,0.733333,1.0,0.466667,1.0,0.636364,0.0,0.533333,0.233333,0.766667,60,14,46,0.266666
0.95,0.02,0.75,0.02,1,14,30,0,16,0.733333,1.0,0.466667,1.0,0.636364,0.0,0.533333,0.233333,0.766667,60,14,46,0.266666
0.95,0.02,0.75,0.025,0,14,30,0,16,0.733333,1.0,0.466667,1.0,0.636364,0.0,0.533333,0.233333,0.766667,60,14,46,0.266666
0.95,0.02,0.75,0.025,1,14,30,0,16,0.733333,1.0,0.466667,1.0,0.636364,0.0,0.533333,0.233333,0.766667,60,14,46,0.266666
0.95,0.02,0.8,,0,14,30,0,16,0.733333,1.0,0.466667,1.0,0.636364,0.0,0.533333,0.233333,0.766667,60,14,46,0.266666
0.95,0.02,0.8,,1,14,30,0,16,0.733333,1.0,0.466667,1.0,0.636364,0.0,0.533333,0.233333,0.766667,60,14,46,0.266666
0.95,0.02,0.8,0.015,0,14,30,0,16,0.733333,1.0,0.466667,1.0,0.636364,0.0,0.533333,0.233333,0.766667,60,14,46,0.266666
0.95,0.02,0.8,0.015,1,14,30,0,16,0.733333,1.0,0.466667,1.0,0.636364,0.0,0.533333,0.233333,0.766667,60,14,46,0.266666
0.95,0.02,0.8,0.02,0,14,30,0,16,0.733333,1.0,0.466667,1.0,0.636364,0.0,0.533333,0.233333,0.766667,60,14,46,0.266666
0.95,0.02,0.8,0.02,1,14,30,0,16,0.733333,1.0,0.466667,1.0,0.636364,0.0,0.533333,0.233333,0.766667,60,14,46,0.266666
0.95,0.02,0.8,0.025,0,14,30,0,16,0.733333,1.0,0.466667,1.0,0.636364,0.0,0.533333,0.233333,0.766667,60,14,46,0.266666
0.95,0.02,0.8,0.025,1,14,30,0,16,0.733333,1.0,0.466667,1.0,0.636364,0.0,0.533333,0.233333,0.766667,60,14,46,0.266666
0.3,0.02,,0.03,2,13,30,0,17,0.716667,1.0,0.433333,1.0,0.604651,0.0,0.566667,0.216667,0.783333,60,13,47,0.283334
0.3,0.02,0.65,0.03,2,13,30,0,17,0.716667,1.0,0.433333,1.0,0.604651,0.0,0.566667,0.216667,0.783333,60,13,47,0.283334
0.3,0.02,0.7,0.03,2,13,30,0,17,0.716667,1.0,0.433333,1.0,0.604651,0.0,0.566667,0.216667,0.783333,60,13,47,0.283334
0.3,0.02,0.75,0.03,2,13,30,0,17,0.716667,1.0,0.433333,1.0,0.604651,0.0,0.566667,0.216667,0.783333,60,13,47,0.283334
0.3,0.02,0.8,0.03,2,13,30,0,17,0.716667,1.0,0.433333,1.0,0.604651,0.0,0.566667,0.216667,0.783333,60,13,47,0.283334
0.3,0.02,0.85,,2,13,30,0,17,0.716667,1.0,0.433333,1.0,0.604651,0.0,0.566667,0.216667,0.783333,60,13,47,0.283334
0.3,0.02,0.85,0.015,2,13,30,0,17,0.716667,1.0,0.433333,1.0,0.604651,0.0,0.566667,0.216667,0.783333,60,13,47,0.283334
0.3,0.02,0.85,0.02,2,13,30,0,17,0.716667,1.0,0.433333,1.0,0.604651,0.0,0.566667,0.216667,0.783333,60,13,47,0.283334
0.3,0.02,0.85,0.025,2,13,30,0,17,0.716667,1.0,0.433333,1.0,0.604651,0.0,0.566667,0.216667,0.783333,60,13,47,0.283334
0.3,0.05,,0.015,2,13,30,0,17,0.716667,1.0,0.433333,1.0,0.604651,0.0,0.566667,0.216667,0.783333,60,13,47,0.283334
0.3,0.05,,0.02,2,13,30,0,17,0.716667,1.0,0.433333,1.0,0.604651,0.0,0.566667,0.216667,0.783333,60,13,47,0.283334
0.3,0.05,,0.025,2,13,30,0,17,0.716667,1.0,0.433333,1.0,0.604651,0.0,0.566667,0.216667,0.783333,60,13,47,0.283334
0.3,0.05,0.65,0.015,2,13,30,0,17,0.716667,1.0,0.433333,1.0,0.604651,0.0,0.566667,0.216667,0.783333,60,13,47,0.283334
0.3,0.05,0.65,0.02,2,13,30,0,17,0.716667,1.0,0.433333,1.0,0.604651,0.0,0.566667,0.216667,0.783333,60,13,47,0.283334
0.3,0.05,0.65,0.025,2,13,30,0,17,0.716667,1.0,0.433333,1.0,0.604651,0.0,0.566667,0.216667,0.783333,60,13,47,0.283334
0.3,0.05,0.7,0.015,2,13,30,0,17,0.716667,1.0,0.433333,1.0,0.604651,0.0,0.566667,0.216667,0.783333,60,13,47,0.283334
0.3,0.05,0.7,0.02,2,13,30,0,17,0.716667,1.0,0.433333,1.0,0.604651,0.0,0.566667,0.216667,0.783333,60,13,47,0.283334
0.3,0.05,0.7,0.025,2,13,30,0,17,0.716667,1.0,0.433333,1.0,0.604651,0.0,0.566667,0.216667,0.783333,60,13,47,0.283334
0.3,0.05,0.75,,2,13,30,0,17,0.716667,1.0,0.433333,1.0,0.604651,0.0,0.566667,0.216667,0.783333,60,13,47,0.283334
0.3,0.05,0.75,0.015,2,13,30,0,17,0.716667,1.0,0.433333,1.0,0.604651,0.0,0.566667,0.216667,0.783333,60,13,47,0.283334
0.3,0.05,0.75,0.02,2,13,30,0,17,0.716667,1.0,0.433333,1.0,0.604651,0.0,0.566667,0.216667,0.783333,60,13,47,0.283334
0.3,0.05,0.75,0.025,2,13,30,0,17,0.716667,1.0,0.433333,1.0,0.604651,0.0,0.566667,0.216667,0.783333,60,13,47,0.283334
0.3,0.05,0.8,,2,13,30,0,17,0.716667,1.0,0.433333,1.0,0.604651,0.0,0.566667,0.216667,0.783333,60,13,47,0.283334
0.3,0.05,0.8,0.015,2,13,30,0,17,0.716667,1.0,0.433333,1.0,0.604651,0.0,0.566667,0.216667,0.783333,60,13,47,0.283334
0.3,0.05,0.8,0.02,2,13,30,0,17,0.716667,1.0,0.433333,1.0,0.604651,0.0,0.566667,0.216667,0.783333,60,13,47,0.283334
0.3,0.05,0.8,0.025,2,13,30,0,17,0.716667,1.0,0.433333,1.0,0.604651,0.0,0.566667,0.216667,0.783333,60,13,47,0.283334
0.3,0.05,0.85,,0,13,30,0,17,0.716667,1.0,0.433333,1.0,0.604651,0.0,0.566667,0.216667,0.783333,60,13,47,0.283334
0.3,0.05,0.85,,1,13,30,0,17,0.716667,1.0,0.433333,1.0,0.604651,0.0,0.566667,0.216667,0.783333,60,13,47,0.283334
0.3,0.05,0.85,0.015,0,13,30,0,17,0.716667,1.0,0.433333,1.0,0.604651,0.0,0.566667,0.216667,0.783333,60,13,47,0.283334
0.3,0.05,0.85,0.015,1,13,30,0,17,0.716667,1.0,0.433333,1.0,0.604651,0.0,0.566667,0.216667,0.783333,60,13,47,0.283334
0.3,0.05,0.85,0.02,0,13,30,0,17,0.716667,1.0,0.433333,1.0,0.604651,0.0,0.566667,0.216667,0.783333,60,13,47,0.283334
0.3,0.05,0.85,0.02,1,13,30,0,17,0.716667,1.0,0.433333,1.0,0.604651,0.0,0.566667,0.216667,0.783333,60,13,47,0.283334
0.3,0.05,0.85,0.025,0,13,30,0,17,0.716667,1.0,0.433333,1.0,0.604651,0.0,0.566667,0.216667,0.783333,60,13,47,0.283334
0.3,0.05,0.85,0.025,1,13,30,0,17,0.716667,1.0,0.433333,1.0,0.604651,0.0,0.566667,0.216667,0.783333,60,13,47,0.283334
0.4,0.02,,0.03,2,13,30,0,17,0.716667,1.0,0.433333,1.0,0.604651,0.0,0.566667,0.216667,0.783333,60,13,47,0.283334
0.4,0.02,0.65,0.03,2,13,30,0,17,0.716667,1.0,0.433333,1.0,0.604651,0.0,0.566667,0.216667,0.783333,60,13,47,0.283334
0.4,0.02,0.7,0.03,2,13,30,0,17,0.716667,1.0,0.433333,1.0,0.604651,0.0,0.566667,0.216667,0.783333,60,13,47,0.283334
0.4,0.02,0.75,0.03,2,13,30,0,17,0.716667,1.0,0.433333,1.0,0.604651,0.0,0.566667,0.216667,0.783333,60,13,47,0.283334
0.4,0.02,0.8,0.03,2,13,30,0,17,0.716667,1.0,0.433333,1.0,0.604651,0.0,0.566667,0.216667,0.783333,60,13,47,0.283334
0.4,0.02,0.85,,2,13,30,0,17,0.716667,1.0,0.433333,1.0,0.604651,0.0,0.566667,0.216667,0.783333,60,13,47,0.283334
0.4,0.02,0.85,0.015,2,13,30,0,17,0.716667,1.0,0.433333,1.0,0.604651,0.0,0.566667,0.216667,0.783333,60,13,47,0.283334
0.4,0.02,0.85,0.02,2,13,30,0,17,0.716667,1.0,0.433333,1.0,0.604651,0.0,0.566667,0.216667,0.783333,60,13,47,0.283334
0.4,0.02,0.85,0.025,2,13,30,0,17,0.716667,1.0,0.433333,1.0,0.604651,0.0,0.566667,0.216667,0.783333,60,13,47,0.283334
0.4,0.05,,0.015,2,13,30,0,17,0.716667,1.0,0.433333,1.0,0.604651,0.0,0.566667,0.216667,0.783333,60,13,47,0.283334
0.4,0.05,,0.02,2,13,30,0,17,0.716667,1.0,0.433333,1.0,0.604651,0.0,0.566667,0.216667,0.783333,60,13,47,0.283334
0.4,0.05,,0.025,2,13,30,0,17,0.716667,1.0,0.433333,1.0,0.604651,0.0,0.566667,0.216667,0.783333,60,13,47,0.283334
0.4,0.05,0.65,0.015,2,13,30,0,17,0.716667,1.0,0.433333,1.0,0.604651,0.0,0.566667,0.216667,0.783333,60,13,47,0.283334
0.4,0.05,0.65,0.02,2,13,30,0,17,0.716667,1.0,0.433333,1.0,0.604651,0.0,0.566667,0.216667,0.783333,60,13,47,0.283334
0.4,0.05,0.65,0.025,2,13,30,0,17,0.716667,1.0,0.433333,1.0,0.604651,0.0,0.566667,0.216667,0.783333,60,13,47,0.283334
0.4,0.05,0.7,0.015,2,13,30,0,17,0.716667,1.0,0.433333,1.0,0.604651,0.0,0.566667,0.216667,0.783333,60,13,47,0.283334
0.4,0.05,0.7,0.02,2,13,30,0,17,0.716667,1.0,0.433333,1.0,0.604651,0.0,0.566667,0.216667,0.783333,60,13,47,0.283334
0.4,0.05,0.7,0.025,2,13,30,0,17,0.716667,1.0,0.433333,1.0,0.604651,0.0,0.566667,0.216667,0.783333,60,13,47,0.283334
0.4,0.05,0.75,,2,13,30,0,17,0.716667,1.0,0.433333,1.0,0.604651,0.0,0.566667,0.216667,0.783333,60,13,47,0.283334
0.4,0.05,0.75,0.015,2,13,30,0,17,0.716667,1.0,0.433333,1.0,0.604651,0.0,0.566667,0.216667,0.783333,60,13,47,0.283334
0.4,0.05,0.75,0.02,2,13,30,0,17,0.716667,1.0,0.433333,1.0,0.604651,0.0,0.566667,0.216667,0.783333,60,13,47,0.283334
0.4,0.05,0.75,0.025,2,13,30,0,17,0.716667,1.0,0.433333,1.0,0.604651,0.0,0.566667,0.216667,0.783333,60,13,47,0.283334
0.4,0.05,0.8,,2,13,30,0,17,0.716667,1.0,0.433333,1.0,0.604651,0.0,0.566667,0.216667,0.783333,60,13,47,0.283334
0.4,0.05,0.8,0.015,2,13,30,0,17,0.716667,1.0,0.433333,1.0,0.604651,0.0,0.566667,0.216667,0.783333,60,13,47,0.283334
0.4,0.05,0.8,0.02,2,13,30,0,17,0.716667,1.0,0.433333,1.0,0.604651,0.0,0.566667,0.216667,0.783333,60,13,47,0.283334
0.4,0.05,0.8,0.025,2,13,30,0,17,0.716667,1.0,0.433333,1.0,0.604651,0.0,0.566667,0.216667,0.783333,60,13,47,0.283334
0.4,0.05,0.85,,0,13,30,0,17,0.716667,1.0,0.433333,1.0,0.604651,0.0,0.566667,0.216667,0.783333,60,13,47,0.283334
0.4,0.05,0.85,,1,13,30,0,17,0.716667,1.0,0.433333,1.0,0.604651,0.0,0.566667,0.216667,0.783333,60,13,47,0.283334
0.4,0.05,0.85,0.015,0,13,30,0,17,0.716667,1.0,0.433333,1.0,0.604651,0.0,0.566667,0.216667,0.783333,60,13,47,0.283334
0.4,0.05,0.85,0.015,1,13,30,0,17,0.716667,1.0,0.433333,1.0,0.604651,0.0,0.566667,0.216667,0.783333,60,13,47,0.283334
0.4,0.05,0.85,0.02,0,13,30,0,17,0.716667,1.0,0.433333,1.0,0.604651,0.0,0.566667,0.216667,0.783333,60,13,47,0.283334
0.4,0.05,0.85,0.02,1,13,30,0,17,0.716667,1.0,0.433333,1.0,0.604651,0.0,0.566667,0.216667,0.783333,60,13,47,0.283334
0.4,0.05,0.85,0.025,0,13,30,0,17,0.716667,1.0,0.433333,1.0,0.604651,0.0,0.566667,0.216667,0.783333,60,13,47,0.283334
0.4,0.05,0.85,0.025,1,13,30,0,17,0.716667,1.0,0.433333,1.0,0.604651,0.0,0.566667,0.216667,0.783333,60,13,47,0.283334
0.5,0.02,,0.03,2,13,30,0,17,0.716667,1.0,0.433333,1.0,0.604651,0.0,0.566667,0.216667,0.783333,60,13,47,0.283334
0.5,0.02,0.65,0.03,2,13,30,0,17,0.716667,1.0,0.433333,1.0,0.604651,0.0,0.566667,0.216667,0.783333,60,13,47,0.283334
0.5,0.02,0.7,0.03,2,13,30,0,17,0.716667,1.0,0.433333,1.0,0.604651,0.0,0.566667,0.216667,0.783333,60,13,47,0.283334
0.5,0.02,0.75,0.03,2,13,30,0,17,0.716667,1.0,0.433333,1.0,0.604651,0.0,0.566667,0.216667,0.783333,60,13,47,0.283334
0.5,0.02,0.8,0.03,2,13,30,0,17,0.716667,1.0,0.433333,1.0,0.604651,0.0,0.566667,0.216667,0.783333,60,13,47,0.283334
0.5,0.02,0.85,,2,13,30,0,17,0.716667,1.0,0.433333,1.0,0.604651,0.0,0.566667,0.216667,0.783333,60,13,47,0.283334
0.5,0.02,0.85,0.015,2,13,30,0,17,0.716667,1.0,0.433333,1.0,0.604651,0.0,0.566667,0.216667,0.783333,60,13,47,0.283334
0.5,0.02,0.85,0.02,2,13,30,0,17,0.716667,1.0,0.433333,1.0,0.604651,0.0,0.566667,0.216667,0.783333,60,13,47,0.283334
0.5,0.02,0.85,0.025,2,13,30,0,17,0.716667,1.0,0.433333,1.0,0.604651,0.0,0.566667,0.216667,0.783333,60,13,47,0.283334
0.5,0.05,,0.015,2,13,30,0,17,0.716667,1.0,0.433333,1.0,0.604651,0.0,0.566667,0.216667,0.783333,60,13,47,0.283334
0.5,0.05,,0.02,2,13,30,0,17,0.716667,1.0,0.433333,1.0,0.604651,0.0,0.566667,0.216667,0.783333,60,13,47,0.283334
0.5,0.05,,0.025,2,13,30,0,17,0.716667,1.0,0.433333,1.0,0.604651,0.0,0.566667,0.216667,0.783333,60,13,47,0.283334
0.5,0.05,0.65,0.015,2,13,30,0,17,0.716667,1.0,0.433333,1.0,0.604651,0.0,0.566667,0.216667,0.783333,60,13,47,0.283334
0.5,0.05,0.65,0.02,2,13,30,0,17,0.716667,1.0,0.433333,1.0,0.604651,0.0,0.566667,0.216667,0.783333,60,13,47,0.283334
0.5,0.05,0.65,0.025,2,13,30,0,17,0.716667,1.0,0.433333,1.0,0.604651,0.0,0.566667,0.216667,0.783333,60,13,47,0.283334
0.5,0.05,0.7,0.015,2,13,30,0,17,0.716667,1.0,0.433333,1.0,0.604651,0.0,0.566667,0.216667,0.783333,60,13,47,0.283334
0.5,0.05,0.7,0.02,2,13,30,0,17,0.716667,1.0,0.433333,1.0,0.604651,0.0,0.566667,0.216667,0.783333,60,13,47,0.283334
0.5,0.05,0.7,0.025,2,13,30,0,17,0.716667,1.0,0.433333,1.0,0.604651,0.0,0.566667,0.216667,0.783333,60,13,47,0.283334
0.5,0.05,0.75,,2,13,30,0,17,0.716667,1.0,0.433333,1.0,0.604651,0.0,0.566667,0.216667,0.783333,60,13,47,0.283334
0.5,0.05,0.75,0.015,2,13,30,0,17,0.716667,1.0,0.433333,1.0,0.604651,0.0,0.566667,0.216667,0.783333,60,13,47,0.283334
0.5,0.05,0.75,0.02,2,13,30,0,17,0.716667,1.0,0.433333,1.0,0.604651,0.0,0.566667,0.216667,0.783333,60,13,47,0.283334
0.5,0.05,0.75,0.025,2,13,30,0,17,0.716667,1.0,0.433333,1.0,0.604651,0.0,0.566667,0.216667,0.783333,60,13,47,0.283334
0.5,0.05,0.8,,2,13,30,0,17,0.716667,1.0,0.433333,1.0,0.604651,0.0,0.566667,0.216667,0.783333,60,13,47,0.283334
0.5,0.05,0.8,0.015,2,13,30,0,17,0.716667,1.0,0.433333,1.0,0.604651,0.0,0.566667,0.216667,0.783333,60,13,47,0.283334
0.5,0.05,0.8,0.02,2,13,30,0,17,0.716667,1.0,0.433333,1.0,0.604651,0.0,0.566667,0.216667,0.783333,60,13,47,0.283334
0.5,0.05,0.8,0.025,2,13,30,0,17,0.716667,1.0,0.433333,1.0,0.604651,0.0,0.566667,0.216667,0.783333,60,13,47,0.283334
0.5,0.05,0.85,,0,13,30,0,17,0.716667,1.0,0.433333,1.0,0.604651,0.0,0.566667,0.216667,0.783333,60,13,47,0.283334
0.5,0.05,0.85,,1,13,30,0,17,0.716667,1.0,0.433333,1.0,0.604651,0.0,0.566667,0.216667,0.783333,60,13,47,0.283334
0.5,0.05,0.85,0.015,0,13,30,0,17,0.716667,1.0,0.433333,1.0,0.604651,0.0,0.566667,0.216667,0.783333,60,13,47,0.283334
0.5,0.05,0.85,0.015,1,13,30,0,17,0.716667,1.0,0.433333,1.0,0.604651,0.0,0.566667,0.216667,0.783333,60,13,47,0.283334
0.5,0.05,0.85,0.02,0,13,30,0,17,0.716667,1.0,0.433333,1.0,0.604651,0.0,0.566667,0.216667,0.783333,60,13,47,0.283334
0.5,0.05,0.85,0.02,1,13,30,0,17,0.716667,1.0,0.433333,1.0,0.604651,0.0,0.566667,0.216667,0.783333,60,13,47,0.283334
0.5,0.05,0.85,0.025,0,13,30,0,17,0.716667,1.0,0.433333,1.0,0.604651,0.0,0.566667,0.216667,0.783333,60,13,47,0.283334
0.5,0.05,0.85,0.025,1,13,30,0,17,0.716667,1.0,0.433333,1.0,0.604651,0.0,0.566667,0.216667,0.783333,60,13,47,0.283334
0.6,0.02,,0.03,2,13,30,0,17,0.716667,1.0,0.433333,1.0,0.604651,0.0,0.566667,0.216667,0.783333,60,13,47,0.283334
0.6,0.02,0.65,0.03,2,13,30,0,17,0.716667,1.0,0.433333,1.0,0.604651,0.0,0.566667,0.216667,0.783333,60,13,47,0.283334
0.6,0.02,0.7,0.03,2,13,30,0,17,0.716667,1.0,0.433333,1.0,0.604651,0.0,0.566667,0.216667,0.783333,60,13,47,0.283334
0.6,0.02,0.75,0.03,2,13,30,0,17,0.716667,1.0,0.433333,1.0,0.604651,0.0,0.566667,0.216667,0.783333,60,13,47,0.283334
0.6,0.02,0.8,0.03,2,13,30,0,17,0.716667,1.0,0.433333,1.0,0.604651,0.0,0.566667,0.216667,0.783333,60,13,47,0.283334
0.6,0.02,0.85,,2,13,30,0,17,0.716667,1.0,0.433333,1.0,0.604651,0.0,0.566667,0.216667,0.783333,60,13,47,0.283334
0.6,0.02,0.85,0.015,2,13,30,0,17,0.716667,1.0,0.433333,1.0,0.604651,0.0,0.566667,0.216667,0.783333,60,13,47,0.283334
0.6,0.02,0.85,0.02,2,13,30,0,17,0.716667,1.0,0.433333,1.0,0.604651,0.0,0.566667,0.216667,0.783333,60,13,47,0.283334
0.6,0.02,0.85,0.025,2,13,30,0,17,0.716667,1.0,0.433333,1.0,0.604651,0.0,0.566667,0.216667,0.783333,60,13,47,0.283334
0.6,0.05,,0.015,2,13,30,0,17,0.716667,1.0,0.433333,1.0,0.604651,0.0,0.566667,0.216667,0.783333,60,13,47,0.283334
0.6,0.05,,0.02,2,13,30,0,17,0.716667,1.0,0.433333,1.0,0.604651,0.0,0.566667,0.216667,0.783333,60,13,47,0.283334
0.6,0.05,,0.025,2,13,30,0,17,0.716667,1.0,0.433333,1.0,0.604651,0.0,0.566667,0.216667,0.783333,60,13,47,0.283334
0.6,0.05,0.65,0.015,2,13,30,0,17,0.716667,1.0,0.433333,1.0,0.604651,0.0,0.566667,0.216667,0.783333,60,13,47,0.283334
0.6,0.05,0.65,0.02,2,13,30,0,17,0.716667,1.0,0.433333,1.0,0.604651,0.0,0.566667,0.216667,0.783333,60,13,47,0.283334
0.6,0.05,0.65,0.025,2,13,30,0,17,0.716667,1.0,0.433333,1.0,0.604651,0.0,0.566667,0.216667,0.783333,60,13,47,0.283334
0.6,0.05,0.7,0.015,2,13,30,0,17,0.716667,1.0,0.433333,1.0,0.604651,0.0,0.566667,0.216667,0.783333,60,13,47,0.283334
0.6,0.05,0.7,0.02,2,13,30,0,17,0.716667,1.0,0.433333,1.0,0.604651,0.0,0.566667,0.216667,0.783333,60,13,47,0.283334
0.6,0.05,0.7,0.025,2,13,30,0,17,0.716667,1.0,0.433333,1.0,0.604651,0.0,0.566667,0.216667,0.783333,60,13,47,0.283334
0.6,0.05,0.75,,2,13,30,0,17,0.716667,1.0,0.433333,1.0,0.604651,0.0,0.566667,0.216667,0.783333,60,13,47,0.283334
0.6,0.05,0.75,0.015,2,13,30,0,17,0.716667,1.0,0.433333,1.0,0.604651,0.0,0.566667,0.216667,0.783333,60,13,47,0.283334
0.6,0.05,0.75,0.02,2,13,30,0,17,0.716667,1.0,0.433333,1.0,0.604651,0.0,0.566667,0.216667,0.783333,60,13,47,0.283334
0.6,0.05,0.75,0.025,2,13,30,0,17,0.716667,1.0,0.433333,1.0,0.604651,0.0,0.566667,0.216667,0.783333,60,13,47,0.283334
0.6,0.05,0.8,,2,13,30,0,17,0.716667,1.0,0.433333,1.0,0.604651,0.0,0.566667,0.216667,0.783333,60,13,47,0.283334
0.6,0.05,0.8,0.015,2,13,30,0,17,0.716667,1.0,0.433333,1.0,0.604651,0.0,0.566667,0.216667,0.783333,60,13,47,0.283334
0.6,0.05,0.8,0.02,2,13,30,0,17,0.716667,1.0,0.433333,1.0,0.604651,0.0,0.566667,0.216667,0.783333,60,13,47,0.283334
0.6,0.05,0.8,0.025,2,13,30,0,17,0.716667,1.0,0.433333,1.0,0.604651,0.0,0.566667,0.216667,0.783333,60,13,47,0.283334
0.6,0.05,0.85,,0,13,30,0,17,0.716667,1.0,0.433333,1.0,0.604651,0.0,0.566667,0.216667,0.783333,60,13,47,0.283334
0.6,0.05,0.85,,1,13,30,0,17,0.716667,1.0,0.433333,1.0,0.604651,0.0,0.566667,0.216667,0.783333,60,13,47,0.283334
0.6,0.05,0.85,0.015,0,13,30,0,17,0.716667,1.0,0.433333,1.0,0.604651,0.0,0.566667,0.216667,0.783333,60,13,47,0.283334
0.6,0.05,0.85,0.015,1,13,30,0,17,0.716667,1.0,0.433333,1.0,0.604651,0.0,0.566667,0.216667,0.783333,60,13,47,0.283334
0.6,0.05,0.85,0.02,0,13,30,0,17,0.716667,1.0,0.433333,1.0,0.604651,0.0,0.566667,0.216667,0.783333,60,13,47,0.283334
0.6,0.05,0.85,0.02,1,13,30,0,17,0.716667,1.0,0.433333,1.0,0.604651,0.0,0.566667,0.216667,0.783333,60,13,47,0.283334
0.6,0.05,0.85,0.025,0,13,30,0,17,0.716667,1.0,0.433333,1.0,0.604651,0.0,0.566667,0.216667,0.783333,60,13,47,0.283334
0.6,0.05,0.85,0.025,1,13,30,0,17,0.716667,1.0,0.433333,1.0,0.604651,0.0,0.566667,0.216667,0.783333,60,13,47,0.283334
0.7,0.02,,0.03,2,13,30,0,17,0.716667,1.0,0.433333,1.0,0.604651,0.0,0.566667,0.216667,0.783333,60,13,47,0.283334
0.7,0.02,0.65,0.03,2,13,30,0,17,0.716667,1.0,0.433333,1.0,0.604651,0.0,0.566667,0.216667,0.783333,60,13,47,0.283334
0.7,0.02,0.7,0.03,2,13,30,0,17,0.716667,1.0,0.433333,1.0,0.604651,0.0,0.566667,0.216667,0.783333,60,13,47,0.283334
0.7,0.02,0.75,0.03,2,13,30,0,17,0.716667,1.0,0.433333,1.0,0.604651,0.0,0.566667,0.216667,0.783333,60,13,47,0.283334
0.7,0.02,0.8,0.03,2,13,30,0,17,0.716667,1.0,0.433333,1.0,0.604651,0.0,0.566667,0.216667,0.783333,60,13,47,0.283334
0.7,0.02,0.85,,2,13,30,0,17,0.716667,1.0,0.433333,1.0,0.604651,0.0,0.566667,0.216667,0.783333,60,13,47,0.283334
0.7,0.02,0.85,0.015,2,13,30,0,17,0.716667,1.0,0.433333,1.0,0.604651,0.0,0.566667,0.216667,0.783333,60,13,47,0.283334
0.7,0.02,0.85,0.02,2,13,30,0,17,0.716667,1.0,0.433333,1.0,0.604651,0.0,0.566667,0.216667,0.783333,60,13,47,0.283334
0.7,0.02,0.85,0.025,2,13,30,0,17,0.716667,1.0,0.433333,1.0,0.604651,0.0,0.566667,0.216667,0.783333,60,13,47,0.283334
0.7,0.05,,0.015,2,13,30,0,17,0.716667,1.0,0.433333,1.0,0.604651,0.0,0.566667,0.216667,0.783333,60,13,47,0.283334
0.7,0.05,,0.02,2,13,30,0,17,0.716667,1.0,0.433333,1.0,0.604651,0.0,0.566667,0.216667,0.783333,60,13,47,0.283334
0.7,0.05,,0.025,2,13,30,0,17,0.716667,1.0,0.433333,1.0,0.604651,0.0,0.566667,0.216667,0.783333,60,13,47,0.283334
0.7,0.05,0.65,0.015,2,13,30,0,17,0.716667,1.0,0.433333,1.0,0.604651,0.0,0.566667,0.216667,0.783333,60,13,47,0.283334
0.7,0.05,0.65,0.02,2,13,30,0,17,0.716667,1.0,0.433333,1.0,0.604651,0.0,0.566667,0.216667,0.783333,60,13,47,0.283334
0.7,0.05,0.65,0.025,2,13,30,0,17,0.716667,1.0,0.433333,1.0,0.604651,0.0,0.566667,0.216667,0.783333,60,13,47,0.283334
0.7,0.05,0.7,0.015,2,13,30,0,17,0.716667,1.0,0.433333,1.0,0.604651,0.0,0.566667,0.216667,0.783333,60,13,47,0.283334
0.7,0.05,0.7,0.02,2,13,30,0,17,0.716667,1.0,0.433333,1.0,0.604651,0.0,0.566667,0.216667,0.783333,60,13,47,0.283334
0.7,0.05,0.7,0.025,2,13,30,0,17,0.716667,1.0,0.433333,1.0,0.604651,0.0,0.566667,0.216667,0.783333,60,13,47,0.283334
0.7,0.05,0.75,,2,13,30,0,17,0.716667,1.0,0.433333,1.0,0.604651,0.0,0.566667,0.216667,0.783333,60,13,47,0.283334
0.7,0.05,0.75,0.015,2,13,30,0,17,0.716667,1.0,0.433333,1.0,0.604651,0.0,0.566667,0.216667,0.783333,60,13,47,0.283334
0.7,0.05,0.75,0.02,2,13,30,0,17,0.716667,1.0,0.433333,1.0,0.604651,0.0,0.566667,0.216667,0.783333,60,13,47,0.283334
0.7,0.05,0.75,0.025,2,13,30,0,17,0.716667,1.0,0.433333,1.0,0.604651,0.0,0.566667,0.216667,0.783333,60,13,47,0.283334
0.7,0.05,0.8,,2,13,30,0,17,0.716667,1.0,0.433333,1.0,0.604651,0.0,0.566667,0.216667,0.783333,60,13,47,0.283334
0.7,0.05,0.8,0.015,2,13,30,0,17,0.716667,1.0,0.433333,1.0,0.604651,0.0,0.566667,0.216667,0.783333,60,13,47,0.283334
0.7,0.05,0.8,0.02,2,13,30,0,17,0.716667,1.0,0.433333,1.0,0.604651,0.0,0.566667,0.216667,0.783333,60,13,47,0.283334
0.7,0.05,0.8,0.025,2,13,30,0,17,0.716667,1.0,0.433333,1.0,0.604651,0.0,0.566667,0.216667,0.783333,60,13,47,0.283334
0.7,0.05,0.85,,0,13,30,0,17,0.716667,1.0,0.433333,1.0,0.604651,0.0,0.566667,0.216667,0.783333,60,13,47,0.283334
0.7,0.05,0.85,,1,13,30,0,17,0.716667,1.0,0.433333,1.0,0.604651,0.0,0.566667,0.216667,0.783333,60,13,47,0.283334
0.7,0.05,0.85,0.015,0,13,30,0,17,0.716667,1.0,0.433333,1.0,0.604651,0.0,0.566667,0.216667,0.783333,60,13,47,0.283334
0.7,0.05,0.85,0.015,1,13,30,0,17,0.716667,1.0,0.433333,1.0,0.604651,0.0,0.566667,0.216667,0.783333,60,13,47,0.283334
0.7,0.05,0.85,0.02,0,13,30,0,17,0.716667,1.0,0.433333,1.0,0.604651,0.0,0.566667,0.216667,0.783333,60,13,47,0.283334
0.7,0.05,0.85,0.02,1,13,30,0,17,0.716667,1.0,0.433333,1.0,0.604651,0.0,0.566667,0.216667,0.783333,60,13,47,0.283334
0.7,0.05,0.85,0.025,0,13,30,0,17,0.716667,1.0,0.433333,1.0,0.604651,0.0,0.566667,0.216667,0.783333,60,13,47,0.283334
0.7,0.05,0.85,0.025,1,13,30,0,17,0.716667,1.0,0.433333,1.0,0.604651,0.0,0.566667,0.216667,0.783333,60,13,47,0.283334
0.75,0.02,,,3,13,30,0,17,0.716667,1.0,0.433333,1.0,0.604651,0.0,0.566667,0.216667,0.783333,60,13,47,0.283334
0.75,0.02,,0.015,3,13,30,0,17,0.716667,1.0,0.433333,1.0,0.604651,0.0,0.566667,0.216667,0.783333,60,13,47,0.283334
0.75,0.02,,0.02,3,13,30,0,17,0.716667,1.0,0.433333,1.0,0.604651,0.0,0.566667,0.216667,0.783333,60,13,47,0.283334
0.75,0.02,,0.025,3,13,30,0,17,0.716667,1.0,0.433333,1.0,0.604651,0.0,0.566667,0.216667,0.783333,60,13,47,0.283334
0.75,0.02,,0.03,2,13,30,0,17,0.716667,1.0,0.433333,1.0,0.604651,0.0,0.566667,0.216667,0.783333,60,13,47,0.283334
0.75,0.02,0.65,,3,13,30,0,17,0.716667,1.0,0.433333,1.0,0.604651,0.0,0.566667,0.216667,0.783333,60,13,47,0.283334
0.75,0.02,0.65,0.015,3,13,30,0,17,0.716667,1.0,0.433333,1.0,0.604651,0.0,0.566667,0.216667,0.783333,60,13,47,0.283334
0.75,0.02,0.65,0.02,3,13,30,0,17,0.716667,1.0,0.433333,1.0,0.604651,0.0,0.566667,0.216667,0.783333,60,13,47,0.283334
0.75,0.02,0.65,0.025,3,13,30,0,17,0.716667,1.0,0.433333,1.0,0.604651,0.0,0.566667,0.216667,0.783333,60,13,47,0.283334
0.75,0.02,0.65,0.03,2,13,30,0,17,0.716667,1.0,0.433333,1.0,0.604651,0.0,0.566667,0.216667,0.783333,60,13,47,0.283334
0.75,0.02,0.7,,3,13,30,0,17,0.716667,1.0,0.433333,1.0,0.604651,0.0,0.566667,0.216667,0.783333,60,13,47,0.283334
0.75,0.02,0.7,0.015,3,13,30,0,17,0.716667,1.0,0.433333,1.0,0.604651,0.0,0.566667,0.216667,0.783333,60,13,47,0.283334
0.75,0.02,0.7,0.02,3,13,30,0,17,0.716667,1.0,0.433333,1.0,0.604651,0.0,0.566667,0.216667,0.783333,60,13,47,0.283334
0.75,0.02,0.7,0.025,3,13,30,0,17,0.716667,1.0,0.433333,1.0,0.604651,0.0,0.566667,0.216667,0.783333,60,13,47,0.283334
0.75,0.02,0.7,0.03,2,13,30,0,17,0.716667,1.0,0.433333,1.0,0.604651,0.0,0.566667,0.216667,0.783333,60,13,47,0.283334
0.75,0.02,0.75,,3,13,30,0,17,0.716667,1.0,0.433333,1.0,0.604651,0.0,0.566667,0.216667,0.783333,60,13,47,0.283334
0.75,0.02,0.75,0.015,3,13,30,0,17,0.716667,1.0,0.433333,1.0,0.604651,0.0,0.566667,0.216667,0.783333,60,13,47,0.283334
0.75,0.02,0.75,0.02,3,13,30,0,17,0.716667,1.0,0.433333,1.0,0.604651,0.0,0.566667,0.216667,0.783333,60,13,47,0.283334
0.75,0.02,0.75,0.025,3,13,30,0,17,0.716667,1.0,0.433333,1.0,0.604651,0.0,0.566667,0.216667,0.783333,60,13,47,0.283334
0.75,0.02,0.75,0.03,2,13,30,0,17,0.716667,1.0,0.433333,1.0,0.604651,0.0,0.566667,0.216667,0.783333,60,13,47,0.283334
0.75,0.02,0.8,,3,13,30,0,17,0.716667,1.0,0.433333,1.0,0.604651,0.0,0.566667,0.216667,0.783333,60,13,47,0.283334
0.75,0.02,0.8,0.015,3,13,30,0,17,0.716667,1.0,0.433333,1.0,0.604651,0.0,0.566667,0.216667,0.783333,60,13,47,0.283334
0.75,0.02,0.8,0.02,3,13,30,0,17,0.716667,1.0,0.433333,1.0,0.604651,0.0,0.566667,0.216667,0.783333,60,13,47,0.283334
0.75,0.02,0.8,0.025,3,13,30,0,17,0.716667,1.0,0.433333,1.0,0.604651,0.0,0.566667,0.216667,0.783333,60,13,47,0.283334
0.75,0.02,0.8,0.03,2,13,30,0,17,0.716667,1.0,0.433333,1.0,0.604651,0.0,0.566667,0.216667,0.783333,60,13,47,0.283334
0.75,0.02,0.85,,2,13,30,0,17,0.716667,1.0,0.433333,1.0,0.604651,0.0,0.566667,0.216667,0.783333,60,13,47,0.283334
0.75,0.02,0.85,0.015,2,13,30,0,17,0.716667,1.0,0.433333,1.0,0.604651,0.0,0.566667,0.216667,0.783333,60,13,47,0.283334
0.75,0.02,0.85,0.02,2,13,30,0,17,0.716667,1.0,0.433333,1.0,0.604651,0.0,0.566667,0.216667,0.783333,60,13,47,0.283334
0.75,0.02,0.85,0.025,2,13,30,0,17,0.716667,1.0,0.433333,1.0,0.604651,0.0,0.566667,0.216667,0.783333,60,13,47,0.283334
0.75,0.05,0.85,,0,13,30,0,17,0.716667,1.0,0.433333,1.0,0.604651,0.0,0.566667,0.216667,0.783333,60,13,47,0.283334
0.75,0.05,0.85,,1,13,30,0,17,0.716667,1.0,0.433333,1.0,0.604651,0.0,0.566667,0.216667,0.783333,60,13,47,0.283334
0.75,0.05,0.85,0.015,0,13,30,0,17,0.716667,1.0,0.433333,1.0,0.604651,0.0,0.566667,0.216667,0.783333,60,13,47,0.283334
0.75,0.05,0.85,0.015,1,13,30,0,17,0.716667,1.0,0.433333,1.0,0.604651,0.0,0.566667,0.216667,0.783333,60,13,47,0.283334
0.75,0.05,0.85,0.02,0,13,30,0,17,0.716667,1.0,0.433333,1.0,0.604651,0.0,0.566667,0.216667,0.783333,60,13,47,0.283334
0.75,0.05,0.85,0.02,1,13,30,0,17,0.716667,1.0,0.433333,1.0,0.604651,0.0,0.566667,0.216667,0.783333,60,13,47,0.283334
0.75,0.05,0.85,0.025,0,13,30,0,17,0.716667,1.0,0.433333,1.0,0.604651,0.0,0.566667,0.216667,0.783333,60,13,47,0.283334
0.75,0.05,0.85,0.025,1,13,30,0,17,0.716667,1.0,0.433333,1.0,0.604651,0.0,0.566667,0.216667,0.783333,60,13,47,0.283334
0.75,0.1,,0.015,0,13,30,0,17,0.716667,1.0,0.433333,1.0,0.604651,0.0,0.566667,0.216667,0.783333,60,13,47,0.283334
0.75,0.1,,0.015,1,13,30,0,17,0.716667,1.0,0.433333,1.0,0.604651,0.0,0.566667,0.216667,0.783333,60,13,47,0.283334
0.75,0.1,,0.02,0,13,30,0,17,0.716667,1.0,0.433333,1.0,0.604651,0.0,0.566667,0.216667,0.783333,60,13,47,0.283334
0.75,0.1,,0.02,1,13,30,0,17,0.716667,1.0,0.433333,1.0,0.604651,0.0,0.566667,0.216667,0.783333,60,13,47,0.283334
0.75,0.1,,0.025,0,13,30,0,17,0.716667,1.0,0.433333,1.0,0.604651,0.0,0.566667,0.216667,0.783333,60,13,47,0.283334
0.75,0.1,,0.025,1,13,30,0,17,0.716667,1.0,0.433333,1.0,0.604651,0.0,0.566667,0.216667,0.783333,60,13,47,0.283334
0.75,0.1,0.65,0.015,0,13,30,0,17,0.716667,1.0,0.433333,1.0,0.604651,0.0,0.566667,0.216667,0.783333,60,13,47,0.283334
0.75,0.1,0.65,0.015,1,13,30,0,17,0.716667,1.0,0.433333,1.0,0.604651,0.0,0.566667,0.216667,0.783333,60,13,47,0.283334
0.75,0.1,0.65,0.02,0,13,30,0,17,0.716667,1.0,0.433333,1.0,0.604651,0.0,0.566667,0.216667,0.783333,60,13,47,0.283334
0.75,0.1,0.65,0.02,1,13,30,0,17,0.716667,1.0,0.433333,1.0,0.604651,0.0,0.566667,0.216667,0.783333,60,13,47,0.283334
0.75,0.1,0.65,0.025,0,13,30,0,17,0.716667,1.0,0.433333,1.0,0.604651,0.0,0.566667,0.216667,0.783333,60,13,47,0.283334
0.75,0.1,0.65,0.025,1,13,30,0,17,0.716667,1.0,0.433333,1.0,0.604651,0.0,0.566667,0.216667,0.783333,60,13,47,0.283334
0.75,0.1,0.7,0.015,0,13,30,0,17,0.716667,1.0,0.433333,1.0,0.604651,0.0,0.566667,0.216667,0.783333,60,13,47,0.283334
0.75,0.1,0.7,0.015,1,13,30,0,17,0.716667,1.0,0.433333,1.0,0.604651,0.0,0.566667,0.216667,0.783333,60,13,47,0.283334
0.75,0.1,0.7,0.02,0,13,30,0,17,0.716667,1.0,0.433333,1.0,0.604651,0.0,0.566667,0.216667,0.783333,60,13,47,0.283334
0.75,0.1,0.7,0.02,1,13,30,0,17,0.716667,1.0,0.433333,1.0,0.604651,0.0,0.566667,0.216667,0.783333,60,13,47,0.283334
0.75,0.1,0.7,0.025,0,13,30,0,17,0.716667,1.0,0.433333,1.0,0.604651,0.0,0.566667,0.216667,0.783333,60,13,47,0.283334
0.75,0.1,0.7,0.025,1,13,30,0,17,0.716667,1.0,0.433333,1.0,0.604651,0.0,0.566667,0.216667,0.783333,60,13,47,0.283334
0.75,0.1,0.75,,0,13,30,0,17,0.716667,1.0,0.433333,1.0,0.604651,0.0,0.566667,0.216667,0.783333,60,13,47,0.283334
0.75,0.1,0.75,,1,13,30,0,17,0.716667,1.0,0.433333,1.0,0.604651,0.0,0.566667,0.216667,0.783333,60,13,47,0.283334
0.75,0.1,0.75,0.015,0,13,30,0,17,0.716667,1.0,0.433333,1.0,0.604651,0.0,0.566667,0.216667,0.783333,60,13,47,0.283334
0.75,0.1,0.75,0.015,1,13,30,0,17,0.716667,1.0,0.433333,1.0,0.604651,0.0,0.566667,0.216667,0.783333,60,13,47,0.283334
0.75,0.1,0.75,0.02,0,13,30,0,17,0.716667,1.0,0.433333,1.0,0.604651,0.0,0.566667,0.216667,0.783333,60,13,47,0.283334
0.75,0.1,0.75,0.02,1,13,30,0,17,0.716667,1.0,0.433333,1.0,0.604651,0.0,0.566667,0.216667,0.783333,60,13,47,0.283334
0.75,0.1,0.75,0.025,0,13,30,0,17,0.716667,1.0,0.433333,1.0,0.604651,0.0,0.566667,0.216667,0.783333,60,13,47,0.283334
0.75,0.1,0.75,0.025,1,13,30,0,17,0.716667,1.0,0.433333,1.0,0.604651,0.0,0.566667,0.216667,0.783333,60,13,47,0.283334
0.75,0.1,0.8,,0,13,30,0,17,0.716667,1.0,0.433333,1.0,0.604651,0.0,0.566667,0.216667,0.783333,60,13,47,0.283334
0.75,0.1,0.8,,1,13,30,0,17,0.716667,1.0,0.433333,1.0,0.604651,0.0,0.566667,0.216667,0.783333,60,13,47,0.283334
0.75,0.1,0.8,0.015,0,13,30,0,17,0.716667,1.0,0.433333,1.0,0.604651,0.0,0.566667,0.216667,0.783333,60,13,47,0.283334
0.75,0.1,0.8,0.015,1,13,30,0,17,0.716667,1.0,0.433333,1.0,0.604651,0.0,0.566667,0.216667,0.783333,60,13,47,0.283334
0.75,0.1,0.8,0.02,0,13,30,0,17,0.716667,1.0,0.433333,1.0,0.604651,0.0,0.566667,0.216667,0.783333,60,13,47,0.283334
0.75,0.1,0.8,0.02,1,13,30,0,17,0.716667,1.0,0.433333,1.0,0.604651,0.0,0.566667,0.216667,0.783333,60,13,47,0.283334
0.75,0.1,0.8,0.025,0,13,30,0,17,0.716667,1.0,0.433333,1.0,0.604651,0.0,0.566667,0.216667,0.783333,60,13,47,0.283334
0.75,0.1,0.8,0.025,1,13,30,0,17,0.716667,1.0,0.433333,1.0,0.604651,0.0,0.566667,0.216667,0.783333,60,13,47,0.283334
0.8,0.02,,0.03,2,13,30,0,17,0.716667,1.0,0.433333,1.0,0.604651,0.0,0.566667,0.216667,0.783333,60,13,47,0.283334
0.8,0.02,0.65,0.03,2,13,30,0,17,0.716667,1.0,0.433333,1.0,0.604651,0.0,0.566667,0.216667,0.783333,60,13,47,0.283334
0.8,0.02,0.7,0.03,2,13,30,0,17,0.716667,1.0,0.433333,1.0,0.604651,0.0,0.566667,0.216667,0.783333,60,13,47,0.283334
0.8,0.02,0.75,0.03,2,13,30,0,17,0.716667,1.0,0.433333,1.0,0.604651,0.0,0.566667,0.216667,0.783333,60,13,47,0.283334
0.8,0.02,0.8,0.03,2,13,30,0,17,0.716667,1.0,0.433333,1.0,0.604651,0.0,0.566667,0.216667,0.783333,60,13,47,0.283334
0.85,0.02,,0.015,2,13,30,0,17,0.716667,1.0,0.433333,1.0,0.604651,0.0,0.566667,0.216667,0.783333,60,13,47,0.283334
0.85,0.02,,0.02,2,13,30,0,17,0.716667,1.0,0.433333,1.0,0.604651,0.0,0.566667,0.216667,0.783333,60,13,47,0.283334
0.85,0.02,,0.025,2,13,30,0,17,0.716667,1.0,0.433333,1.0,0.604651,0.0,0.566667,0.216667,0.783333,60,13,47,0.283334
0.85,0.02,0.65,0.015,2,13,30,0,17,0.716667,1.0,0.433333,1.0,0.604651,0.0,0.566667,0.216667,0.783333,60,13,47,0.283334
0.85,0.02,0.65,0.02,2,13,30,0,17,0.716667,1.0,0.433333,1.0,0.604651,0.0,0.566667,0.216667,0.783333,60,13,47,0.283334
0.85,0.02,0.65,0.025,2,13,30,0,17,0.716667,1.0,0.433333,1.0,0.604651,0.0,0.566667,0.216667,0.783333,60,13,47,0.283334
0.85,0.02,0.7,0.015,2,13,30,0,17,0.716667,1.0,0.433333,1.0,0.604651,0.0,0.566667,0.216667,0.783333,60,13,47,0.283334
0.85,0.02,0.7,0.02,2,13,30,0,17,0.716667,1.0,0.433333,1.0,0.604651,0.0,0.566667,0.216667,0.783333,60,13,47,0.283334
0.85,0.02,0.7,0.025,2,13,30,0,17,0.716667,1.0,0.433333,1.0,0.604651,0.0,0.566667,0.216667,0.783333,60,13,47,0.283334
0.85,0.02,0.75,,2,13,30,0,17,0.716667,1.0,0.433333,1.0,0.604651,0.0,0.566667,0.216667,0.783333,60,13,47,0.283334
0.85,0.02,0.75,0.015,2,13,30,0,17,0.716667,1.0,0.433333,1.0,0.604651,0.0,0.566667,0.216667,0.783333,60,13,47,0.283334
0.85,0.02,0.75,0.02,2,13,30,0,17,0.716667,1.0,0.433333,1.0,0.604651,0.0,0.566667,0.216667,0.783333,60,13,47,0.283334
0.85,0.02,0.75,0.025,2,13,30,0,17,0.716667,1.0,0.433333,1.0,0.604651,0.0,0.566667,0.216667,0.783333,60,13,47,0.283334
0.85,0.02,0.8,,2,13,30,0,17,0.716667,1.0,0.433333,1.0,0.604651,0.0,0.566667,0.216667,0.783333,60,13,47,0.283334
0.85,0.02,0.8,0.015,2,13,30,0,17,0.716667,1.0,0.433333,1.0,0.604651,0.0,0.566667,0.216667,0.783333,60,13,47,0.283334
0.85,0.02,0.8,0.02,2,13,30,0,17,0.716667,1.0,0.433333,1.0,0.604651,0.0,0.566667,0.216667,0.783333,60,13,47,0.283334
0.85,0.02,0.8,0.025,2,13,30,0,17,0.716667,1.0,0.433333,1.0,0.604651,0.0,0.566667,0.216667,0.783333,60,13,47,0.283334
0.9,0.02,,0.015,2,13,30,0,17,0.716667,1.0,0.433333,1.0,0.604651,0.0,0.566667,0.216667,0.783333,60,13,47,0.283334
0.9,0.02,,0.02,2,13,30,0,17,0.716667,1.0,0.433333,1.0,0.604651,0.0,0.566667,0.216667,0.783333,60,13,47,0.283334
0.9,0.02,,0.025,2,13,30,0,17,0.716667,1.0,0.433333,1.0,0.604651,0.0,0.566667,0.216667,0.783333,60,13,47,0.283334
0.9,0.02,0.65,0.015,2,13,30,0,17,0.716667,1.0,0.433333,1.0,0.604651,0.0,0.566667,0.216667,0.783333,60,13,47,0.283334
0.9,0.02,0.65,0.02,2,13,30,0,17,0.716667,1.0,0.433333,1.0,0.604651,0.0,0.566667,0.216667,0.783333,60,13,47,0.283334
0.9,0.02,0.65,0.025,2,13,30,0,17,0.716667,1.0,0.433333,1.0,0.604651,0.0,0.566667,0.216667,0.783333,60,13,47,0.283334
0.9,0.02,0.7,0.015,2,13,30,0,17,0.716667,1.0,0.433333,1.0,0.604651,0.0,0.566667,0.216667,0.783333,60,13,47,0.283334
0.9,0.02,0.7,0.02,2,13,30,0,17,0.716667,1.0,0.433333,1.0,0.604651,0.0,0.566667,0.216667,0.783333,60,13,47,0.283334
0.9,0.02,0.7,0.025,2,13,30,0,17,0.716667,1.0,0.433333,1.0,0.604651,0.0,0.566667,0.216667,0.783333,60,13,47,0.283334
0.9,0.02,0.75,,2,13,30,0,17,0.716667,1.0,0.433333,1.0,0.604651,0.0,0.566667,0.216667,0.783333,60,13,47,0.283334
0.9,0.02,0.75,0.015,2,13,30,0,17,0.716667,1.0,0.433333,1.0,0.604651,0.0,0.566667,0.216667,0.783333,60,13,47,0.283334
0.9,0.02,0.75,0.02,2,13,30,0,17,0.716667,1.0,0.433333,1.0,0.604651,0.0,0.566667,0.216667,0.783333,60,13,47,0.283334
0.9,0.02,0.75,0.025,2,13,30,0,17,0.716667,1.0,0.433333,1.0,0.604651,0.0,0.566667,0.216667,0.783333,60,13,47,0.283334
0.9,0.02,0.8,,2,13,30,0,17,0.716667,1.0,0.433333,1.0,0.604651,0.0,0.566667,0.216667,0.783333,60,13,47,0.283334
0.9,0.02,0.8,0.015,2,13,30,0,17,0.716667,1.0,0.433333,1.0,0.604651,0.0,0.566667,0.216667,0.783333,60,13,47,0.283334
0.9,0.02,0.8,0.02,2,13,30,0,17,0.716667,1.0,0.433333,1.0,0.604651,0.0,0.566667,0.216667,0.783333,60,13,47,0.283334
0.9,0.02,0.8,0.025,2,13,30,0,17,0.716667,1.0,0.433333,1.0,0.604651,0.0,0.566667,0.216667,0.783333,60,13,47,0.283334
0.95,0.02,,0.03,0,13,30,0,17,0.716667,1.0,0.433333,1.0,0.604651,0.0,0.566667,0.216667,0.783333,60,13,47,0.283334
0.95,0.02,,0.03,1,13,30,0,17,0.716667,1.0,0.433333,1.0,0.604651,0.0,0.566667,0.216667,0.783333,60,13,47,0.283334
0.95,0.02,0.65,0.03,0,13,30,0,17,0.716667,1.0,0.433333,1.0,0.604651,0.0,0.566667,0.216667,0.783333,60,13,47,0.283334
0.95,0.02,0.65,0.03,1,13,30,0,17,0.716667,1.0,0.433333,1.0,0.604651,0.0,0.566667,0.216667,0.783333,60,13,47,0.283334
0.95,0.02,0.7,0.03,0,13,30,0,17,0.716667,1.0,0.433333,1.0,0.604651,0.0,0.566667,0.216667,0.783333,60,13,47,0.283334
0.95,0.02,0.7,0.03,1,13,30,0,17,0.716667,1.0,0.433333,1.0,0.604651,0.0,0.566667,0.216667,0.783333,60,13,47,0.283334
0.95,0.02,0.75,0.03,0,13,30,0,17,0.716667,1.0,0.433333,1.0,0.604651,0.0,0.566667,0.216667,0.783333,60,13,47,0.283334
0.95,0.02,0.75,0.03,1,13,30,0,17,0.716667,1.0,0.433333,1.0,0.604651,0.0,0.566667,0.216667,0.783333,60,13,47,0.283334
0.95,0.02,0.8,0.03,0,13,30,0,17,0.716667,1.0,0.433333,1.0,0.604651,0.0,0.566667,0.216667,0.783333,60,13,47,0.283334
0.95,0.02,0.8,0.03,1,13,30,0,17,0.716667,1.0,0.433333,1.0,0.604651,0.0,0.566667,0.216667,0.783333,60,13,47,0.283334
0.3,0.02,0.85,0.03,2,12,30,0,18,0.7,1.0,0.4,1.0,0.571429,0.0,0.6,0.2,0.8,60,12,48,0.3
0.3,0.05,0.85,0.03,0,12,30,0,18,0.7,1.0,0.4,1.0,0.571429,0.0,0.6,0.2,0.8,60,12,48,0.3
0.3,0.05,0.85,0.03,1,12,30,0,18,0.7,1.0,0.4,1.0,0.571429,0.0,0.6,0.2,0.8,60,12,48,0.3
0.3,0.1,,0.03,0,12,30,0,18,0.7,1.0,0.4,1.0,0.571429,0.0,0.6,0.2,0.8,60,12,48,0.3
0.3,0.1,,0.03,1,12,30,0,18,0.7,1.0,0.4,1.0,0.571429,0.0,0.6,0.2,0.8,60,12,48,0.3
0.3,0.1,0.65,0.03,0,12,30,0,18,0.7,1.0,0.4,1.0,0.571429,0.0,0.6,0.2,0.8,60,12,48,0.3
0.3,0.1,0.65,0.03,1,12,30,0,18,0.7,1.0,0.4,1.0,0.571429,0.0,0.6,0.2,0.8,60,12,48,0.3
0.3,0.1,0.7,0.03,0,12,30,0,18,0.7,1.0,0.4,1.0,0.571429,0.0,0.6,0.2,0.8,60,12,48,0.3
0.3,0.1,0.7,0.03,1,12,30,0,18,0.7,1.0,0.4,1.0,0.571429,0.0,0.6,0.2,0.8,60,12,48,0.3
0.3,0.1,0.75,0.03,0,12,30,0,18,0.7,1.0,0.4,1.0,0.571429,0.0,0.6,0.2,0.8,60,12,48,0.3
0.3,0.1,0.75,0.03,1,12,30,0,18,0.7,1.0,0.4,1.0,0.571429,0.0,0.6,0.2,0.8,60,12,48,0.3
0.3,0.1,0.8,0.03,0,12,30,0,18,0.7,1.0,0.4,1.0,0.571429,0.0,0.6,0.2,0.8,60,12,48,0.3
0.3,0.1,0.8,0.03,1,12,30,0,18,0.7,1.0,0.4,1.0,0.571429,0.0,0.6,0.2,0.8,60,12,48,0.3
0.3,0.15,,0.015,0,12,30,0,18,0.7,1.0,0.4,1.0,0.571429,0.0,0.6,0.2,0.8,60,12,48,0.3
0.3,0.15,,0.015,1,12,30,0,18,0.7,1.0,0.4,1.0,0.571429,0.0,0.6,0.2,0.8,60,12,48,0.3
0.3,0.15,,0.02,0,12,30,0,18,0.7,1.0,0.4,1.0,0.571429,0.0,0.6,0.2,0.8,60,12,48,0.3
0.3,0.15,,0.02,1,12,30,0,18,0.7,1.0,0.4,1.0,0.571429,0.0,0.6,0.2,0.8,60,12,48,0.3
0.3,0.15,,0.025,0,12,30,0,18,0.7,1.0,0.4,1.0,0.571429,0.0,0.6,0.2,0.8,60,12,48,0.3
0.3,0.15,,0.025,1,12,30,0,18,0.7,1.0,0.4,1.0,0.571429,0.0,0.6,0.2,0.8,60,12,48,0.3
0.3,0.15,0.65,0.015,0,12,30,0,18,0.7,1.0,0.4,1.0,0.571429,0.0,0.6,0.2,0.8,60,12,48,0.3
0.3,0.15,0.65,0.015,1,12,30,0,18,0.7,1.0,0.4,1.0,0.571429,0.0,0.6,0.2,0.8,60,12,48,0.3
0.3,0.15,0.65,0.02,0,12,30,0,18,0.7,1.0,0.4,1.0,0.571429,0.0,0.6,0.2,0.8,60,12,48,0.3
0.3,0.15,0.65,0.02,1,12,30,0,18,0.7,1.0,0.4,1.0,0.571429,0.0,0.6,0.2,0.8,60,12,48,0.3
0.3,0.15,0.65,0.025,0,12,30,0,18,0.7,1.0,0.4,1.0,0.571429,0.0,0.6,0.2,0.8,60,12,48,0.3
0.3,0.15,0.65,0.025,1,12,30,0,18,0.7,1.0,0.4,1.0,0.571429,0.0,0.6,0.2,0.8,60,12,48,0.3
0.3,0.15,0.7,0.015,0,12,30,0,18,0.7,1.0,0.4,1.0,0.571429,0.0,0.6,0.2,0.8,60,12,48,0.3
0.3,0.15,0.7,0.015,1,12,30,0,18,0.7,1.0,0.4,1.0,0.571429,0.0,0.6,0.2,0.8,60,12,48,0.3
0.3,0.15,0.7,0.02,0,12,30,0,18,0.7,1.0,0.4,1.0,0.571429,0.0,0.6,0.2,0.8,60,12,48,0.3
0.3,0.15,0.7,0.02,1,12,30,0,18,0.7,1.0,0.4,1.0,0.571429,0.0,0.6,0.2,0.8,60,12,48,0.3
0.3,0.15,0.7,0.025,0,12,30,0,18,0.7,1.0,0.4,1.0,0.571429,0.0,0.6,0.2,0.8,60,12,48,0.3
0.3,0.15,0.7,0.025,1,12,30,0,18,0.7,1.0,0.4,1.0,0.571429,0.0,0.6,0.2,0.8,60,12,48,0.3
0.3,0.15,0.75,,0,12,30,0,18,0.7,1.0,0.4,1.0,0.571429,0.0,0.6,0.2,0.8,60,12,48,0.3
0.3,0.15,0.75,,1,12,30,0,18,0.7,1.0,0.4,1.0,0.571429,0.0,0.6,0.2,0.8,60,12,48,0.3
0.3,0.15,0.75,0.015,0,12,30,0,18,0.7,1.0,0.4,1.0,0.571429,0.0,0.6,0.2,0.8,60,12,48,0.3
0.3,0.15,0.75,0.015,1,12,30,0,18,0.7,1.0,0.4,1.0,0.571429,0.0,0.6,0.2,0.8,60,12,48,0.3
0.3,0.15,0.75,0.02,0,12,30,0,18,0.7,1.0,0.4,1.0,0.571429,0.0,0.6,0.2,0.8,60,12,48,0.3
0.3,0.15,0.75,0.02,1,12,30,0,18,0.7,1.0,0.4,1.0,0.571429,0.0,0.6,0.2,0.8,60,12,48,0.3
0.3,0.15,0.75,0.025,0,12,30,0,18,0.7,1.0,0.4,1.0,0.571429,0.0,0.6,0.2,0.8,60,12,48,0.3
0.3,0.15,0.75,0.025,1,12,30,0,18,0.7,1.0,0.4,1.0,0.571429,0.0,0.6,0.2,0.8,60,12,48,0.3
0.3,0.15,0.8,,0,12,30,0,18,0.7,1.0,0.4,1.0,0.571429,0.0,0.6,0.2,0.8,60,12,48,0.3
0.3,0.15,0.8,,1,12,30,0,18,0.7,1.0,0.4,1.0,0.571429,0.0,0.6,0.2,0.8,60,12,48,0.3
0.3,0.15,0.8,0.015,0,12,30,0,18,0.7,1.0,0.4,1.0,0.571429,0.0,0.6,0.2,0.8,60,12,48,0.3
0.3,0.15,0.8,0.015,1,12,30,0,18,0.7,1.0,0.4,1.0,0.571429,0.0,0.6,0.2,0.8,60,12,48,0.3
0.3,0.15,0.8,0.02,0,12,30,0,18,0.7,1.0,0.4,1.0,0.571429,0.0,0.6,0.2,0.8,60,12,48,0.3
0.3,0.15,0.8,0.02,1,12,30,0,18,0.7,1.0,0.4,1.0,0.571429,0.0,0.6,0.2,0.8,60,12,48,0.3
0.3,0.15,0.8,0.025,0,12,30,0,18,0.7,1.0,0.4,1.0,0.571429,0.0,0.6,0.2,0.8,60,12,48,0.3
0.3,0.15,0.8,0.025,1,12,30,0,18,0.7,1.0,0.4,1.0,0.571429,0.0,0.6,0.2,0.8,60,12,48,0.3
0.4,0.02,0.85,0.03,2,12,30,0,18,0.7,1.0,0.4,1.0,0.571429,0.0,0.6,0.2,0.8,60,12,48,0.3
0.4,0.05,0.85,0.03,0,12,30,0,18,0.7,1.0,0.4,1.0,0.571429,0.0,0.6,0.2,0.8,60,12,48,0.3
0.4,0.05,0.85,0.03,1,12,30,0,18,0.7,1.0,0.4,1.0,0.571429,0.0,0.6,0.2,0.8,60,12,48,0.3
0.4,0.1,,0.03,0,12,30,0,18,0.7,1.0,0.4,1.0,0.571429,0.0,0.6,0.2,0.8,60,12,48,0.3
0.4,0.1,,0.03,1,12,30,0,18,0.7,1.0,0.4,1.0,0.571429,0.0,0.6,0.2,0.8,60,12,48,0.3
0.4,0.1,0.65,0.03,0,12,30,0,18,0.7,1.0,0.4,1.0,0.571429,0.0,0.6,0.2,0.8,60,12,48,0.3
0.4,0.1,0.65,0.03,1,12,30,0,18,0.7,1.0,0.4,1.0,0.571429,0.0,0.6,0.2,0.8,60,12,48,0.3
0.4,0.1,0.7,0.03,0,12,30,0,18,0.7,1.0,0.4,1.0,0.571429,0.0,0.6,0.2,0.8,60,12,48,0.3
0.4,0.1,0.7,0.03,1,12,30,0,18,0.7,1.0,0.4,1.0,0.571429,0.0,0.6,0.2,0.8,60,12,48,0.3
0.4,0.1,0.75,0.03,0,12,30,0,18,0.7,1.0,0.4,1.0,0.571429,0.0,0.6,0.2,0.8,60,12,48,0.3
0.4,0.1,0.75,0.03,1,12,30,0,18,0.7,1.0,0.4,1.0,0.571429,0.0,0.6,0.2,0.8,60,12,48,0.3
0.4,0.1,0.8,0.03,0,12,30,0,18,0.7,1.0,0.4,1.0,0.571429,0.0,0.6,0.2,0.8,60,12,48,0.3
0.4,0.1,0.8,0.03,1,12,30,0,18,0.7,1.0,0.4,1.0,0.571429,0.0,0.6,0.2,0.8,60,12,48,0.3
0.4,0.15,,0.015,0,12,30,0,18,0.7,1.0,0.4,1.0,0.571429,0.0,0.6,0.2,0.8,60,12,48,0.3
0.4,0.15,,0.015,1,12,30,0,18,0.7,1.0,0.4,1.0,0.571429,0.0,0.6,0.2,0.8,60,12,48,0.3
0.4,0.15,,0.02,0,12,30,0,18,0.7,1.0,0.4,1.0,0.571429,0.0,0.6,0.2,0.8,60,12,48,0.3
0.4,0.15,,0.02,1,12,30,0,18,0.7,1.0,0.4,1.0,0.571429,0.0,0.6,0.2,0.8,60,12,48,0.3
0.4,0.15,,0.025,0,12,30,0,18,0.7,1.0,0.4,1.0,0.571429,0.0,0.6,0.2,0.8,60,12,48,0.3
0.4,0.15,,0.025,1,12,30,0,18,0.7,1.0,0.4,1.0,0.571429,0.0,0.6,0.2,0.8,60,12,48,0.3
0.4,0.15,0.65,0.015,0,12,30,0,18,0.7,1.0,0.4,1.0,0.571429,0.0,0.6,0.2,0.8,60,12,48,0.3
0.4,0.15,0.65,0.015,1,12,30,0,18,0.7,1.0,0.4,1.0,0.571429,0.0,0.6,0.2,0.8,60,12,48,0.3
0.4,0.15,0.65,0.02,0,12,30,0,18,0.7,1.0,0.4,1.0,0.571429,0.0,0.6,0.2,0.8,60,12,48,0.3
0.4,0.15,0.65,0.02,1,12,30,0,18,0.7,1.0,0.4,1.0,0.571429,0.0,0.6,0.2,0.8,60,12,48,0.3
0.4,0.15,0.65,0.025,0,12,30,0,18,0.7,1.0,0.4,1.0,0.571429,0.0,0.6,0.2,0.8,60,12,48,0.3
0.4,0.15,0.65,0.025,1,12,30,0,18,0.7,1.0,0.4,1.0,0.571429,0.0,0.6,0.2,0.8,60,12,48,0.3
0.4,0.15,0.7,0.015,0,12,30,0,18,0.7,1.0,0.4,1.0,0.571429,0.0,0.6,0.2,0.8,60,12,48,0.3
0.4,0.15,0.7,0.015,1,12,30,0,18,0.7,1.0,0.4,1.0,0.571429,0.0,0.6,0.2,0.8,60,12,48,0.3
0.4,0.15,0.7,0.02,0,12,30,0,18,0.7,1.0,0.4,1.0,0.571429,0.0,0.6,0.2,0.8,60,12,48,0.3
0.4,0.15,0.7,0.02,1,12,30,0,18,0.7,1.0,0.4,1.0,0.571429,0.0,0.6,0.2,0.8,60,12,48,0.3
0.4,0.15,0.7,0.025,0,12,30,0,18,0.7,1.0,0.4,1.0,0.571429,0.0,0.6,0.2,0.8,60,12,48,0.3
0.4,0.15,0.7,0.025,1,12,30,0,18,0.7,1.0,0.4,1.0,0.571429,0.0,0.6,0.2,0.8,60,12,48,0.3
0.4,0.15,0.75,,0,12,30,0,18,0.7,1.0,0.4,1.0,0.571429,0.0,0.6,0.2,0.8,60,12,48,0.3
0.4,0.15,0.75,,1,12,30,0,18,0.7,1.0,0.4,1.0,0.571429,0.0,0.6,0.2,0.8,60,12,48,0.3
0.4,0.15,0.75,0.015,0,12,30,0,18,0.7,1.0,0.4,1.0,0.571429,0.0,0.6,0.2,0.8,60,12,48,0.3
0.4,0.15,0.75,0.015,1,12,30,0,18,0.7,1.0,0.4,1.0,0.571429,0.0,0.6,0.2,0.8,60,12,48,0.3
0.4,0.15,0.75,0.02,0,12,30,0,18,0.7,1.0,0.4,1.0,0.571429,0.0,0.6,0.2,0.8,60,12,48,0.3
0.4,0.15,0.75,0.02,1,12,30,0,18,0.7,1.0,0.4,1.0,0.571429,0.0,0.6,0.2,0.8,60,12,48,0.3
0.4,0.15,0.75,0.025,0,12,30,0,18,0.7,1.0,0.4,1.0,0.571429,0.0,0.6,0.2,0.8,60,12,48,0.3
0.4,0.15,0.75,0.025,1,12,30,0,18,0.7,1.0,0.4,1.0,0.571429,0.0,0.6,0.2,0.8,60,12,48,0.3
0.4,0.15,0.8,,0,12,30,0,18,0.7,1.0,0.4,1.0,0.571429,0.0,0.6,0.2,0.8,60,12,48,0.3
0.4,0.15,0.8,,1,12,30,0,18,0.7,1.0,0.4,1.0,0.571429,0.0,0.6,0.2,0.8,60,12,48,0.3
0.4,0.15,0.8,0.015,0,12,30,0,18,0.7,1.0,0.4,1.0,0.571429,0.0,0.6,0.2,0.8,60,12,48,0.3
0.4,0.15,0.8,0.015,1,12,30,0,18,0.7,1.0,0.4,1.0,0.571429,0.0,0.6,0.2,0.8,60,12,48,0.3
0.4,0.15,0.8,0.02,0,12,30,0,18,0.7,1.0,0.4,1.0,0.571429,0.0,0.6,0.2,0.8,60,12,48,0.3
0.4,0.15,0.8,0.02,1,12,30,0,18,0.7,1.0,0.4,1.0,0.571429,0.0,0.6,0.2,0.8,60,12,48,0.3
0.4,0.15,0.8,0.025,0,12,30,0,18,0.7,1.0,0.4,1.0,0.571429,0.0,0.6,0.2,0.8,60,12,48,0.3
0.4,0.15,0.8,0.025,1,12,30,0,18,0.7,1.0,0.4,1.0,0.571429,0.0,0.6,0.2,0.8,60,12,48,0.3
0.5,0.02,0.85,0.03,2,12,30,0,18,0.7,1.0,0.4,1.0,0.571429,0.0,0.6,0.2,0.8,60,12,48,0.3
0.5,0.05,0.85,0.03,0,12,30,0,18,0.7,1.0,0.4,1.0,0.571429,0.0,0.6,0.2,0.8,60,12,48,0.3
0.5,0.05,0.85,0.03,1,12,30,0,18,0.7,1.0,0.4,1.0,0.571429,0.0,0.6,0.2,0.8,60,12,48,0.3
0.5,0.1,,0.03,0,12,30,0,18,0.7,1.0,0.4,1.0,0.571429,0.0,0.6,0.2,0.8,60,12,48,0.3
0.5,0.1,,0.03,1,12,30,0,18,0.7,1.0,0.4,1.0,0.571429,0.0,0.6,0.2,0.8,60,12,48,0.3
0.5,0.1,0.65,0.03,0,12,30,0,18,0.7,1.0,0.4,1.0,0.571429,0.0,0.6,0.2,0.8,60,12,48,0.3
0.5,0.1,0.65,0.03,1,12,30,0,18,0.7,1.0,0.4,1.0,0.571429,0.0,0.6,0.2,0.8,60,12,48,0.3
0.5,0.1,0.7,0.03,0,12,30,0,18,0.7,1.0,0.4,1.0,0.571429,0.0,0.6,0.2,0.8,60,12,48,0.3
0.5,0.1,0.7,0.03,1,12,30,0,18,0.7,1.0,0.4,1.0,0.571429,0.0,0.6,0.2,0.8,60,12,48,0.3
0.5,0.1,0.75,0.03,0,12,30,0,18,0.7,1.0,0.4,1.0,0.571429,0.0,0.6,0.2,0.8,60,12,48,0.3
0.5,0.1,0.75,0.03,1,12,30,0,18,0.7,1.0,0.4,1.0,0.571429,0.0,0.6,0.2,0.8,60,12,48,0.3
0.5,0.1,0.8,0.03,0,12,30,0,18,0.7,1.0,0.4,1.0,0.571429,0.0,0.6,0.2,0.8,60,12,48,0.3
0.5,0.1,0.8,0.03,1,12,30,0,18,0.7,1.0,0.4,1.0,0.571429,0.0,0.6,0.2,0.8,60,12,48,0.3
0.5,0.15,,0.015,0,12,30,0,18,0.7,1.0,0.4,1.0,0.571429,0.0,0.6,0.2,0.8,60,12,48,0.3
0.5,0.15,,0.015,1,12,30,0,18,0.7,1.0,0.4,1.0,0.571429,0.0,0.6,0.2,0.8,60,12,48,0.3
0.5,0.15,,0.02,0,12,30,0,18,0.7,1.0,0.4,1.0,0.571429,0.0,0.6,0.2,0.8,60,12,48,0.3
0.5,0.15,,0.02,1,12,30,0,18,0.7,1.0,0.4,1.0,0.571429,0.0,0.6,0.2,0.8,60,12,48,0.3
0.5,0.15,,0.025,0,12,30,0,18,0.7,1.0,0.4,1.0,0.571429,0.0,0.6,0.2,0.8,60,12,48,0.3
0.5,0.15,,0.025,1,12,30,0,18,0.7,1.0,0.4,1.0,0.571429,0.0,0.6,0.2,0.8,60,12,48,0.3
0.5,0.15,0.65,0.015,0,12,30,0,18,0.7,1.0,0.4,1.0,0.571429,0.0,0.6,0.2,0.8,60,12,48,0.3
0.5,0.15,0.65,0.015,1,12,30,0,18,0.7,1.0,0.4,1.0,0.571429,0.0,0.6,0.2,0.8,60,12,48,0.3
0.5,0.15,0.65,0.02,0,12,30,0,18,0.7,1.0,0.4,1.0,0.571429,0.0,0.6,0.2,0.8,60,12,48,0.3
0.5,0.15,0.65,0.02,1,12,30,0,18,0.7,1.0,0.4,1.0,0.571429,0.0,0.6,0.2,0.8,60,12,48,0.3
0.5,0.15,0.65,0.025,0,12,30,0,18,0.7,1.0,0.4,1.0,0.571429,0.0,0.6,0.2,0.8,60,12,48,0.3
0.5,0.15,0.65,0.025,1,12,30,0,18,0.7,1.0,0.4,1.0,0.571429,0.0,0.6,0.2,0.8,60,12,48,0.3
0.5,0.15,0.7,0.015,0,12,30,0,18,0.7,1.0,0.4,1.0,0.571429,0.0,0.6,0.2,0.8,60,12,48,0.3
0.5,0.15,0.7,0.015,1,12,30,0,18,0.7,1.0,0.4,1.0,0.571429,0.0,0.6,0.2,0.8,60,12,48,0.3
0.5,0.15,0.7,0.02,0,12,30,0,18,0.7,1.0,0.4,1.0,0.571429,0.0,0.6,0.2,0.8,60,12,48,0.3
0.5,0.15,0.7,0.02,1,12,30,0,18,0.7,1.0,0.4,1.0,0.571429,0.0,0.6,0.2,0.8,60,12,48,0.3
0.5,0.15,0.7,0.025,0,12,30,0,18,0.7,1.0,0.4,1.0,0.571429,0.0,0.6,0.2,0.8,60,12,48,0.3
0.5,0.15,0.7,0.025,1,12,30,0,18,0.7,1.0,0.4,1.0,0.571429,0.0,0.6,0.2,0.8,60,12,48,0.3
0.5,0.15,0.75,,0,12,30,0,18,0.7,1.0,0.4,1.0,0.571429,0.0,0.6,0.2,0.8,60,12,48,0.3
0.5,0.15,0.75,,1,12,30,0,18,0.7,1.0,0.4,1.0,0.571429,0.0,0.6,0.2,0.8,60,12,48,0.3
0.5,0.15,0.75,0.015,0,12,30,0,18,0.7,1.0,0.4,1.0,0.571429,0.0,0.6,0.2,0.8,60,12,48,0.3
0.5,0.15,0.75,0.015,1,12,30,0,18,0.7,1.0,0.4,1.0,0.571429,0.0,0.6,0.2,0.8,60,12,48,0.3
0.5,0.15,0.75,0.02,0,12,30,0,18,0.7,1.0,0.4,1.0,0.571429,0.0,0.6,0.2,0.8,60,12,48,0.3
0.5,0.15,0.75,0.02,1,12,30,0,18,0.7,1.0,0.4,1.0,0.571429,0.0,0.6,0.2,0.8,60,12,48,0.3
0.5,0.15,0.75,0.025,0,12,30,0,18,0.7,1.0,0.4,1.0,0.571429,0.0,0.6,0.2,0.8,60,12,48,0.3
0.5,0.15,0.75,0.025,1,12,30,0,18,0.7,1.0,0.4,1.0,0.571429,0.0,0.6,0.2,0.8,60,12,48,0.3
0.5,0.15,0.8,,0,12,30,0,18,0.7,1.0,0.4,1.0,0.571429,0.0,0.6,0.2,0.8,60,12,48,0.3
0.5,0.15,0.8,,1,12,30,0,18,0.7,1.0,0.4,1.0,0.571429,0.0,0.6,0.2,0.8,60,12,48,0.3
0.5,0.15,0.8,0.015,0,12,30,0,18,0.7,1.0,0.4,1.0,0.571429,0.0,0.6,0.2,0.8,60,12,48,0.3
0.5,0.15,0.8,0.015,1,12,30,0,18,0.7,1.0,0.4,1.0,0.571429,0.0,0.6,0.2,0.8,60,12,48,0.3
0.5,0.15,0.8,0.02,0,12,30,0,18,0.7,1.0,0.4,1.0,0.571429,0.0,0.6,0.2,0.8,60,12,48,0.3
0.5,0.15,0.8,0.02,1,12,30,0,18,0.7,1.0,0.4,1.0,0.571429,0.0,0.6,0.2,0.8,60,12,48,0.3
0.5,0.15,0.8,0.025,0,12,30,0,18,0.7,1.0,0.4,1.0,0.571429,0.0,0.6,0.2,0.8,60,12,48,0.3
0.5,0.15,0.8,0.025,1,12,30,0,18,0.7,1.0,0.4,1.0,0.571429,0.0,0.6,0.2,0.8,60,12,48,0.3
0.6,0.02,0.85,0.03,2,12,30,0,18,0.7,1.0,0.4,1.0,0.571429,0.0,0.6,0.2,0.8,60,12,48,0.3
0.6,0.05,0.85,0.03,0,12,30,0,18,0.7,1.0,0.4,1.0,0.571429,0.0,0.6,0.2,0.8,60,12,48,0.3
0.6,0.05,0.85,0.03,1,12,30,0,18,0.7,1.0,0.4,1.0,0.571429,0.0,0.6,0.2,0.8,60,12,48,0.3
0.6,0.1,,0.03,0,12,30,0,18,0.7,1.0,0.4,1.0,0.571429,0.0,0.6,0.2,0.8,60,12,48,0.3
0.6,0.1,,0.03,1,12,30,0,18,0.7,1.0,0.4,1.0,0.571429,0.0,0.6,0.2,0.8,60,12,48,0.3
0.6,0.1,0.65,0.03,0,12,30,0,18,0.7,1.0,0.4,1.0,0.571429,0.0,0.6,0.2,0.8,60,12,48,0.3
0.6,0.1,0.65,0.03,1,12,30,0,18,0.7,1.0,0.4,1.0,0.571429,0.0,0.6,0.2,0.8,60,12,48,0.3
0.6,0.1,0.7,0.03,0,12,30,0,18,0.7,1.0,0.4,1.0,0.571429,0.0,0.6,0.2,0.8,60,12,48,0.3
0.6,0.1,0.7,0.03,1,12,30,0,18,0.7,1.0,0.4,1.0,0.571429,0.0,0.6,0.2,0.8,60,12,48,0.3
0.6,0.1,0.75,0.03,0,12,30,0,18,0.7,1.0,0.4,1.0,0.571429,0.0,0.6,0.2,0.8,60,12,48,0.3
0.6,0.1,0.75,0.03,1,12,30,0,18,0.7,1.0,0.4,1.0,0.571429,0.0,0.6,0.2,0.8,60,12,48,0.3
0.6,0.1,0.8,0.03,0,12,30,0,18,0.7,1.0,0.4,1.0,0.571429,0.0,0.6,0.2,0.8,60,12,48,0.3
0.6,0.1,0.8,0.03,1,12,30,0,18,0.7,1.0,0.4,1.0,0.571429,0.0,0.6,0.2,0.8,60,12,48,0.3
0.6,0.15,,0.015,0,12,30,0,18,0.7,1.0,0.4,1.0,0.571429,0.0,0.6,0.2,0.8,60,12,48,0.3
0.6,0.15,,0.015,1,12,30,0,18,0.7,1.0,0.4,1.0,0.571429,0.0,0.6,0.2,0.8,60,12,48,0.3
0.6,0.15,,0.02,0,12,30,0,18,0.7,1.0,0.4,1.0,0.571429,0.0,0.6,0.2,0.8,60,12,48,0.3
0.6,0.15,,0.02,1,12,30,0,18,0.7,1.0,0.4,1.0,0.571429,0.0,0.6,0.2,0.8,60,12,48,0.3
0.6,0.15,,0.025,0,12,30,0,18,0.7,1.0,0.4,1.0,0.571429,0.0,0.6,0.2,0.8,60,12,48,0.3
0.6,0.15,,0.025,1,12,30,0,18,0.7,1.0,0.4,1.0,0.571429,0.0,0.6,0.2,0.8,60,12,48,0.3
0.6,0.15,0.65,0.015,0,12,30,0,18,0.7,1.0,0.4,1.0,0.571429,0.0,0.6,0.2,0.8,60,12,48,0.3
0.6,0.15,0.65,0.015,1,12,30,0,18,0.7,1.0,0.4,1.0,0.571429,0.0,0.6,0.2,0.8,60,12,48,0.3
0.6,0.15,0.65,0.02,0,12,30,0,18,0.7,1.0,0.4,1.0,0.571429,0.0,0.6,0.2,0.8,60,12,48,0.3
0.6,0.15,0.65,0.02,1,12,30,0,18,0.7,1.0,0.4,1.0,0.571429,0.0,0.6,0.2,0.8,60,12,48,0.3
0.6,0.15,0.65,0.025,0,12,30,0,18,0.7,1.0,0.4,1.0,0.571429,0.0,0.6,0.2,0.8,60,12,48,0.3
0.6,0.15,0.65,0.025,1,12,30,0,18,0.7,1.0,0.4,1.0,0.571429,0.0,0.6,0.2,0.8,60,12,48,0.3
0.6,0.15,0.7,0.015,0,12,30,0,18,0.7,1.0,0.4,1.0,0.571429,0.0,0.6,0.2,0.8,60,12,48,0.3
0.6,0.15,0.7,0.015,1,12,30,0,18,0.7,1.0,0.4,1.0,0.571429,0.0,0.6,0.2,0.8,60,12,48,0.3
0.6,0.15,0.7,0.02,0,12,30,0,18,0.7,1.0,0.4,1.0,0.571429,0.0,0.6,0.2,0.8,60,12,48,0.3
0.6,0.15,0.7,0.02,1,12,30,0,18,0.7,1.0,0.4,1.0,0.571429,0.0,0.6,0.2,0.8,60,12,48,0.3
0.6,0.15,0.7,0.025,0,12,30,0,18,0.7,1.0,0.4,1.0,0.571429,0.0,0.6,0.2,0.8,60,12,48,0.3
0.6,0.15,0.7,0.025,1,12,30,0,18,0.7,1.0,0.4,1.0,0.571429,0.0,0.6,0.2,0.8,60,12,48,0.3
0.6,0.15,0.75,,0,12,30,0,18,0.7,1.0,0.4,1.0,0.571429,0.0,0.6,0.2,0.8,60,12,48,0.3
0.6,0.15,0.75,,1,12,30,0,18,0.7,1.0,0.4,1.0,0.571429,0.0,0.6,0.2,0.8,60,12,48,0.3
0.6,0.15,0.75,0.015,0,12,30,0,18,0.7,1.0,0.4,1.0,0.571429,0.0,0.6,0.2,0.8,60,12,48,0.3
0.6,0.15,0.75,0.015,1,12,30,0,18,0.7,1.0,0.4,1.0,0.571429,0.0,0.6,0.2,0.8,60,12,48,0.3
0.6,0.15,0.75,0.02,0,12,30,0,18,0.7,1.0,0.4,1.0,0.571429,0.0,0.6,0.2,0.8,60,12,48,0.3
0.6,0.15,0.75,0.02,1,12,30,0,18,0.7,1.0,0.4,1.0,0.571429,0.0,0.6,0.2,0.8,60,12,48,0.3
0.6,0.15,0.75,0.025,0,12,30,0,18,0.7,1.0,0.4,1.0,0.571429,0.0,0.6,0.2,0.8,60,12,48,0.3
0.6,0.15,0.75,0.025,1,12,30,0,18,0.7,1.0,0.4,1.0,0.571429,0.0,0.6,0.2,0.8,60,12,48,0.3
0.6,0.15,0.8,,0,12,30,0,18,0.7,1.0,0.4,1.0,0.571429,0.0,0.6,0.2,0.8,60,12,48,0.3
0.6,0.15,0.8,,1,12,30,0,18,0.7,1.0,0.4,1.0,0.571429,0.0,0.6,0.2,0.8,60,12,48,0.3
0.6,0.15,0.8,0.015,0,12,30,0,18,0.7,1.0,0.4,1.0,0.571429,0.0,0.6,0.2,0.8,60,12,48,0.3
0.6,0.15,0.8,0.015,1,12,30,0,18,0.7,1.0,0.4,1.0,0.571429,0.0,0.6,0.2,0.8,60,12,48,0.3
0.6,0.15,0.8,0.02,0,12,30,0,18,0.7,1.0,0.4,1.0,0.571429,0.0,0.6,0.2,0.8,60,12,48,0.3
0.6,0.15,0.8,0.02,1,12,30,0,18,0.7,1.0,0.4,1.0,0.571429,0.0,0.6,0.2,0.8,60,12,48,0.3
0.6,0.15,0.8,0.025,0,12,30,0,18,0.7,1.0,0.4,1.0,0.571429,0.0,0.6,0.2,0.8,60,12,48,0.3
0.6,0.15,0.8,0.025,1,12,30,0,18,0.7,1.0,0.4,1.0,0.571429,0.0,0.6,0.2,0.8,60,12,48,0.3
0.7,0.02,0.85,0.03,2,12,30,0,18,0.7,1.0,0.4,1.0,0.571429,0.0,0.6,0.2,0.8,60,12,48,0.3
0.7,0.05,0.85,0.03,0,12,30,0,18,0.7,1.0,0.4,1.0,0.571429,0.0,0.6,0.2,0.8,60,12,48,0.3
0.7,0.05,0.85,0.03,1,12,30,0,18,0.7,1.0,0.4,1.0,0.571429,0.0,0.6,0.2,0.8,60,12,48,0.3
0.7,0.1,,0.03,0,12,30,0,18,0.7,1.0,0.4,1.0,0.571429,0.0,0.6,0.2,0.8,60,12,48,0.3
0.7,0.1,,0.03,1,12,30,0,18,0.7,1.0,0.4,1.0,0.571429,0.0,0.6,0.2,0.8,60,12,48,0.3
0.7,0.1,0.65,0.03,0,12,30,0,18,0.7,1.0,0.4,1.0,0.571429,0.0,0.6,0.2,0.8,60,12,48,0.3
0.7,0.1,0.65,0.03,1,12,30,0,18,0.7,1.0,0.4,1.0,0.571429,0.0,0.6,0.2,0.8,60,12,48,0.3
0.7,0.1,0.7,0.03,0,12,30,0,18,0.7,1.0,0.4,1.0,0.571429,0.0,0.6,0.2,0.8,60,12,48,0.3
0.7,0.1,0.7,0.03,1,12,30,0,18,0.7,1.0,0.4,1.0,0.571429,0.0,0.6,0.2,0.8,60,12,48,0.3
0.7,0.1,0.75,0.03,0,12,30,0,18,0.7,1.0,0.4,1.0,0.571429,0.0,0.6,0.2,0.8,60,12,48,0.3
0.7,0.1,0.75,0.03,1,12,30,0,18,0.7,1.0,0.4,1.0,0.571429,0.0,0.6,0.2,0.8,60,12,48,0.3
0.7,0.1,0.8,0.03,0,12,30,0,18,0.7,1.0,0.4,1.0,0.571429,0.0,0.6,0.2,0.8,60,12,48,0.3
0.7,0.1,0.8,0.03,1,12,30,0,18,0.7,1.0,0.4,1.0,0.571429,0.0,0.6,0.2,0.8,60,12,48,0.3
0.7,0.15,,0.015,0,12,30,0,18,0.7,1.0,0.4,1.0,0.571429,0.0,0.6,0.2,0.8,60,12,48,0.3
0.7,0.15,,0.015,1,12,30,0,18,0.7,1.0,0.4,1.0,0.571429,0.0,0.6,0.2,0.8,60,12,48,0.3
0.7,0.15,,0.02,0,12,30,0,18,0.7,1.0,0.4,1.0,0.571429,0.0,0.6,0.2,0.8,60,12,48,0.3
0.7,0.15,,0.02,1,12,30,0,18,0.7,1.0,0.4,1.0,0.571429,0.0,0.6,0.2,0.8,60,12,48,0.3
0.7,0.15,,0.025,0,12,30,0,18,0.7,1.0,0.4,1.0,0.571429,0.0,0.6,0.2,0.8,60,12,48,0.3
0.7,0.15,,0.025,1,12,30,0,18,0.7,1.0,0.4,1.0,0.571429,0.0,0.6,0.2,0.8,60,12,48,0.3
0.7,0.15,0.65,0.015,0,12,30,0,18,0.7,1.0,0.4,1.0,0.571429,0.0,0.6,0.2,0.8,60,12,48,0.3
0.7,0.15,0.65,0.015,1,12,30,0,18,0.7,1.0,0.4,1.0,0.571429,0.0,0.6,0.2,0.8,60,12,48,0.3
0.7,0.15,0.65,0.02,0,12,30,0,18,0.7,1.0,0.4,1.0,0.571429,0.0,0.6,0.2,0.8,60,12,48,0.3
0.7,0.15,0.65,0.02,1,12,30,0,18,0.7,1.0,0.4,1.0,0.571429,0.0,0.6,0.2,0.8,60,12,48,0.3
0.7,0.15,0.65,0.025,0,12,30,0,18,0.7,1.0,0.4,1.0,0.571429,0.0,0.6,0.2,0.8,60,12,48,0.3
0.7,0.15,0.65,0.025,1,12,30,0,18,0.7,1.0,0.4,1.0,0.571429,0.0,0.6,0.2,0.8,60,12,48,0.3
0.7,0.15,0.7,0.015,0,12,30,0,18,0.7,1.0,0.4,1.0,0.571429,0.0,0.6,0.2,0.8,60,12,48,0.3
0.7,0.15,0.7,0.015,1,12,30,0,18,0.7,1.0,0.4,1.0,0.571429,0.0,0.6,0.2,0.8,60,12,48,0.3
0.7,0.15,0.7,0.02,0,12,30,0,18,0.7,1.0,0.4,1.0,0.571429,0.0,0.6,0.2,0.8,60,12,48,0.3
0.7,0.15,0.7,0.02,1,12,30,0,18,0.7,1.0,0.4,1.0,0.571429,0.0,0.6,0.2,0.8,60,12,48,0.3
0.7,0.15,0.7,0.025,0,12,30,0,18,0.7,1.0,0.4,1.0,0.571429,0.0,0.6,0.2,0.8,60,12,48,0.3
0.7,0.15,0.7,0.025,1,12,30,0,18,0.7,1.0,0.4,1.0,0.571429,0.0,0.6,0.2,0.8,60,12,48,0.3
0.7,0.15,0.75,,0,12,30,0,18,0.7,1.0,0.4,1.0,0.571429,0.0,0.6,0.2,0.8,60,12,48,0.3
0.7,0.15,0.75,,1,12,30,0,18,0.7,1.0,0.4,1.0,0.571429,0.0,0.6,0.2,0.8,60,12,48,0.3
0.7,0.15,0.75,0.015,0,12,30,0,18,0.7,1.0,0.4,1.0,0.571429,0.0,0.6,0.2,0.8,60,12,48,0.3
0.7,0.15,0.75,0.015,1,12,30,0,18,0.7,1.0,0.4,1.0,0.571429,0.0,0.6,0.2,0.8,60,12,48,0.3
0.7,0.15,0.75,0.02,0,12,30,0,18,0.7,1.0,0.4,1.0,0.571429,0.0,0.6,0.2,0.8,60,12,48,0.3
0.7,0.15,0.75,0.02,1,12,30,0,18,0.7,1.0,0.4,1.0,0.571429,0.0,0.6,0.2,0.8,60,12,48,0.3
0.7,0.15,0.75,0.025,0,12,30,0,18,0.7,1.0,0.4,1.0,0.571429,0.0,0.6,0.2,0.8,60,12,48,0.3
0.7,0.15,0.75,0.025,1,12,30,0,18,0.7,1.0,0.4,1.0,0.571429,0.0,0.6,0.2,0.8,60,12,48,0.3
0.7,0.15,0.8,,0,12,30,0,18,0.7,1.0,0.4,1.0,0.571429,0.0,0.6,0.2,0.8,60,12,48,0.3
0.7,0.15,0.8,,1,12,30,0,18,0.7,1.0,0.4,1.0,0.571429,0.0,0.6,0.2,0.8,60,12,48,0.3
0.7,0.15,0.8,0.015,0,12,30,0,18,0.7,1.0,0.4,1.0,0.571429,0.0,0.6,0.2,0.8,60,12,48,0.3
0.7,0.15,0.8,0.015,1,12,30,0,18,0.7,1.0,0.4,1.0,0.571429,0.0,0.6,0.2,0.8,60,12,48,0.3
0.7,0.15,0.8,0.02,0,12,30,0,18,0.7,1.0,0.4,1.0,0.571429,0.0,0.6,0.2,0.8,60,12,48,0.3
0.7,0.15,0.8,0.02,1,12,30,0,18,0.7,1.0,0.4,1.0,0.571429,0.0,0.6,0.2,0.8,60,12,48,0.3
0.7,0.15,0.8,0.025,0,12,30,0,18,0.7,1.0,0.4,1.0,0.571429,0.0,0.6,0.2,0.8,60,12,48,0.3
0.7,0.15,0.8,0.025,1,12,30,0,18,0.7,1.0,0.4,1.0,0.571429,0.0,0.6,0.2,0.8,60,12,48,0.3
0.75,0.02,0.85,0.03,2,12,30,0,18,0.7,1.0,0.4,1.0,0.571429,0.0,0.6,0.2,0.8,60,12,48,0.3
0.75,0.05,,0.015,2,12,30,0,18,0.7,1.0,0.4,1.0,0.571429,0.0,0.6,0.2,0.8,60,12,48,0.3
0.75,0.05,,0.02,2,12,30,0,18,0.7,1.0,0.4,1.0,0.571429,0.0,0.6,0.2,0.8,60,12,48,0.3
0.75,0.05,,0.025,2,12,30,0,18,0.7,1.0,0.4,1.0,0.571429,0.0,0.6,0.2,0.8,60,12,48,0.3
0.75,0.05,0.65,0.015,2,12,30,0,18,0.7,1.0,0.4,1.0,0.571429,0.0,0.6,0.2,0.8,60,12,48,0.3
0.75,0.05,0.65,0.02,2,12,30,0,18,0.7,1.0,0.4,1.0,0.571429,0.0,0.6,0.2,0.8,60,12,48,0.3
0.75,0.05,0.65,0.025,2,12,30,0,18,0.7,1.0,0.4,1.0,0.571429,0.0,0.6,0.2,0.8,60,12,48,0.3
0.75,0.05,0.7,0.015,2,12,30,0,18,0.7,1.0,0.4,1.0,0.571429,0.0,0.6,0.2,0.8,60,12,48,0.3
0.75,0.05,0.7,0.02,2,12,30,0,18,0.7,1.0,0.4,1.0,0.571429,0.0,0.6,0.2,0.8,60,12,48,0.3
0.75,0.05,0.7,0.025,2,12,30,0,18,0.7,1.0,0.4,1.0,0.571429,0.0,0.6,0.2,0.8,60,12,48,0.3
0.75,0.05,0.75,,2,12,30,0,18,0.7,1.0,0.4,1.0,0.571429,0.0,0.6,0.2,0.8,60,12,48,0.3
0.75,0.05,0.75,0.015,2,12,30,0,18,0.7,1.0,0.4,1.0,0.571429,0.0,0.6,0.2,0.8,60,12,48,0.3
0.75,0.05,0.75,0.02,2,12,30,0,18,0.7,1.0,0.4,1.0,0.571429,0.0,0.6,0.2,0.8,60,12,48,0.3
0.75,0.05,0.75,0.025,2,12,30,0,18,0.7,1.0,0.4,1.0,0.571429,0.0,0.6,0.2,0.8,60,12,48,0.3
0.75,0.05,0.8,,2,12,30,0,18,0.7,1.0,0.4,1.0,0.571429,0.0,0.6,0.2,0.8,60,12,48,0.3
0.75,0.05,0.8,0.015,2,12,30,0,18,0.7,1.0,0.4,1.0,0.571429,0.0,0.6,0.2,0.8,60,12,48,0.3
0.75,0.05,0.8,0.02,2,12,30,0,18,0.7,1.0,0.4,1.0,0.571429,0.0,0.6,0.2,0.8,60,12,48,0.3
0.75,0.05,0.8,0.025,2,12,30,0,18,0.7,1.0,0.4,1.0,0.571429,0.0,0.6,0.2,0.8,60,12,48,0.3
0.75,0.05,0.85,0.03,0,12,30,0,18,0.7,1.0,0.4,1.0,0.571429,0.0,0.6,0.2,0.8,60,12,48,0.3
0.75,0.05,0.85,0.03,1,12,30,0,18,0.7,1.0,0.4,1.0,0.571429,0.0,0.6,0.2,0.8,60,12,48,0.3
0.75,0.1,,0.03,0,12,30,0,18,0.7,1.0,0.4,1.0,0.571429,0.0,0.6,0.2,0.8,60,12,48,0.3
0.75,0.1,,0.03,1,12,30,0,18,0.7,1.0,0.4,1.0,0.571429,0.0,0.6,0.2,0.8,60,12,48,0.3
0.75,0.1,0.65,0.03,0,12,30,0,18,0.7,1.0,0.4,1.0,0.571429,0.0,0.6,0.2,0.8,60,12,48,0.3
0.75,0.1,0.65,0.03,1,12,30,0,18,0.7,1.0,0.4,1.0,0.571429,0.0,0.6,0.2,0.8,60,12,48,0.3
0.75,0.1,0.7,0.03,0,12,30,0,18,0.7,1.0,0.4,1.0,0.571429,0.0,0.6,0.2,0.8,60,12,48,0.3
0.75,0.1,0.7,0.03,1,12,30,0,18,0.7,1.0,0.4,1.0,0.571429,0.0,0.6,0.2,0.8,60,12,48,0.3
0.75,0.1,0.75,0.03,0,12,30,0,18,0.7,1.0,0.4,1.0,0.571429,0.0,0.6,0.2,0.8,60,12,48,0.3
0.75,0.1,0.75,0.03,1,12,30,0,18,0.7,1.0,0.4,1.0,0.571429,0.0,0.6,0.2,0.8,60,12,48,0.3
0.75,0.1,0.8,0.03,0,12,30,0,18,0.7,1.0,0.4,1.0,0.571429,0.0,0.6,0.2,0.8,60,12,48,0.3
0.75,0.1,0.8,0.03,1,12,30,0,18,0.7,1.0,0.4,1.0,0.571429,0.0,0.6,0.2,0.8,60,12,48,0.3
0.8,0.02,,,3,12,30,0,18,0.7,1.0,0.4,1.0,0.571429,0.0,0.6,0.2,0.8,60,12,48,0.3
0.8,0.02,,0.015,3,12,30,0,18,0.7,1.0,0.4,1.0,0.571429,0.0,0.6,0.2,0.8,60,12,48,0.3
0.8,0.02,,0.02,3,12,30,0,18,0.7,1.0,0.4,1.0,0.571429,0.0,0.6,0.2,0.8,60,12,48,0.3
0.8,0.02,,0.025,3,12,30,0,18,0.7,1.0,0.4,1.0,0.571429,0.0,0.6,0.2,0.8,60,12,48,0.3
0.8,0.02,0.65,,3,12,30,0,18,0.7,1.0,0.4,1.0,0.571429,0.0,0.6,0.2,0.8,60,12,48,0.3
0.8,0.02,0.65,0.015,3,12,30,0,18,0.7,1.0,0.4,1.0,0.571429,0.0,0.6,0.2,0.8,60,12,48,0.3
0.8,0.02,0.65,0.02,3,12,30,0,18,0.7,1.0,0.4,1.0,0.571429,0.0,0.6,0.2,0.8,60,12,48,0.3
0.8,0.02,0.65,0.025,3,12,30,0,18,0.7,1.0,0.4,1.0,0.571429,0.0,0.6,0.2,0.8,60,12,48,0.3
0.8,0.02,0.7,,3,12,30,0,18,0.7,1.0,0.4,1.0,0.571429,0.0,0.6,0.2,0.8,60,12,48,0.3
0.8,0.02,0.7,0.015,3,12,30,0,18,0.7,1.0,0.4,1.0,0.571429,0.0,0.6,0.2,0.8,60,12,48,0.3
0.8,0.02,0.7,0.02,3,12,30,0,18,0.7,1.0,0.4,1.0,0.571429,0.0,0.6,0.2,0.8,60,12,48,0.3
0.8,0.02,0.7,0.025,3,12,30,0,18,0.7,1.0,0.4,1.0,0.571429,0.0,0.6,0.2,0.8,60,12,48,0.3
0.8,0.02,0.75,,3,12,30,0,18,0.7,1.0,0.4,1.0,0.571429,0.0,0.6,0.2,0.8,60,12,48,0.3
0.8,0.02,0.75,0.015,3,12,30,0,18,0.7,1.0,0.4,1.0,0.571429,0.0,0.6,0.2,0.8,60,12,48,0.3
0.8,0.02,0.75,0.02,3,12,30,0,18,0.7,1.0,0.4,1.0,0.571429,0.0,0.6,0.2,0.8,60,12,48,0.3
0.8,0.02,0.75,0.025,3,12,30,0,18,0.7,1.0,0.4,1.0,0.571429,0.0,0.6,0.2,0.8,60,12,48,0.3
0.8,0.02,0.8,,3,12,30,0,18,0.7,1.0,0.4,1.0,0.571429,0.0,0.6,0.2,0.8,60,12,48,0.3
0.8,0.02,0.8,0.015,3,12,30,0,18,0.7,1.0,0.4,1.0,0.571429,0.0,0.6,0.2,0.8,60,12,48,0.3
0.8,0.02,0.8,0.02,3,12,30,0,18,0.7,1.0,0.4,1.0,0.571429,0.0,0.6,0.2,0.8,60,12,48,0.3
0.8,0.02,0.8,0.025,3,12,30,0,18,0.7,1.0,0.4,1.0,0.571429,0.0,0.6,0.2,0.8,60,12,48,0.3
0.8,0.02,0.85,,2,12,30,0,18,0.7,1.0,0.4,1.0,0.571429,0.0,0.6,0.2,0.8,60,12,48,0.3
0.8,0.02,0.85,0.015,2,12,30,0,18,0.7,1.0,0.4,1.0,0.571429,0.0,0.6,0.2,0.8,60,12,48,0.3
0.8,0.02,0.85,0.02,2,12,30,0,18,0.7,1.0,0.4,1.0,0.571429,0.0,0.6,0.2,0.8,60,12,48,0.3
0.8,0.02,0.85,0.025,2,12,30,0,18,0.7,1.0,0.4,1.0,0.571429,0.0,0.6,0.2,0.8,60,12,48,0.3
0.8,0.02,0.85,0.03,2,12,30,0,18,0.7,1.0,0.4,1.0,0.571429,0.0,0.6,0.2,0.8,60,12,48,0.3
0.8,0.05,0.85,,0,12,30,0,18,0.7,1.0,0.4,1.0,0.571429,0.0,0.6,0.2,0.8,60,12,48,0.3
0.8,0.05,0.85,,1,12,30,0,18,0.7,1.0,0.4,1.0,0.571429,0.0,0.6,0.2,0.8,60,12,48,0.3
0.8,0.05,0.85,0.015,0,12,30,0,18,0.7,1.0,0.4,1.0,0.571429,0.0,0.6,0.2,0.8,60,12,48,0.3
0.8,0.05,0.85,0.015,1,12,30,0,18,0.7,1.0,0.4,1.0,0.571429,0.0,0.6,0.2,0.8,60,12,48,0.3
0.8,0.05,0.85,0.02,0,12,30,0,18,0.7,1.0,0.4,1.0,0.571429,0.0,0.6,0.2,0.8,60,12,48,0.3
0.8,0.05,0.85,0.02,1,12,30,0,18,0.7,1.0,0.4,1.0,0.571429,0.0,0.6,0.2,0.8,60,12,48,0.3
0.8,0.05,0.85,0.025,0,12,30,0,18,0.7,1.0,0.4,1.0,0.571429,0.0,0.6,0.2,0.8,60,12,48,0.3
0.8,0.05,0.85,0.025,1,12,30,0,18,0.7,1.0,0.4,1.0,0.571429,0.0,0.6,0.2,0.8,60,12,48,0.3
0.8,0.05,0.85,0.03,0,12,30,0,18,0.7,1.0,0.4,1.0,0.571429,0.0,0.6,0.2,0.8,60,12,48,0.3
0.8,0.05,0.85,0.03,1,12,30,0,18,0.7,1.0,0.4,1.0,0.571429,0.0,0.6,0.2,0.8,60,12,48,0.3
0.8,0.1,,0.015,0,12,30,0,18,0.7,1.0,0.4,1.0,0.571429,0.0,0.6,0.2,0.8,60,12,48,0.3
0.8,0.1,,0.015,1,12,30,0,18,0.7,1.0,0.4,1.0,0.571429,0.0,0.6,0.2,0.8,60,12,48,0.3
0.8,0.1,,0.02,0,12,30,0,18,0.7,1.0,0.4,1.0,0.571429,0.0,0.6,0.2,0.8,60,12,48,0.3
0.8,0.1,,0.02,1,12,30,0,18,0.7,1.0,0.4,1.0,0.571429,0.0,0.6,0.2,0.8,60,12,48,0.3
0.8,0.1,,0.025,0,12,30,0,18,0.7,1.0,0.4,1.0,0.571429,0.0,0.6,0.2,0.8,60,12,48,0.3
0.8,0.1,,0.025,1,12,30,0,18,0.7,1.0,0.4,1.0,0.571429,0.0,0.6,0.2,0.8,60,12,48,0.3
0.8,0.1,,0.03,0,12,30,0,18,0.7,1.0,0.4,1.0,0.571429,0.0,0.6,0.2,0.8,60,12,48,0.3
0.8,0.1,,0.03,1,12,30,0,18,0.7,1.0,0.4,1.0,0.571429,0.0,0.6,0.2,0.8,60,12,48,0.3
0.8,0.1,0.65,0.015,0,12,30,0,18,0.7,1.0,0.4,1.0,0.571429,0.0,0.6,0.2,0.8,60,12,48,0.3
0.8,0.1,0.65,0.015,1,12,30,0,18,0.7,1.0,0.4,1.0,0.571429,0.0,0.6,0.2,0.8,60,12,48,0.3
0.8,0.1,0.65,0.02,0,12,30,0,18,0.7,1.0,0.4,1.0,0.571429,0.0,0.6,0.2,0.8,60,12,48,0.3
0.8,0.1,0.65,0.02,1,12,30,0,18,0.7,1.0,0.4,1.0,0.571429,0.0,0.6,0.2,0.8,60,12,48,0.3
0.8,0.1,0.65,0.025,0,12,30,0,18,0.7,1.0,0.4,1.0,0.571429,0.0,0.6,0.2,0.8,60,12,48,0.3
0.8,0.1,0.65,0.025,1,12,30,0,18,0.7,1.0,0.4,1.0,0.571429,0.0,0.6,0.2,0.8,60,12,48,0.3
0.8,0.1,0.65,0.03,0,12,30,0,18,0.7,1.0,0.4,1.0,0.571429,0.0,0.6,0.2,0.8,60,12,48,0.3
0.8,0.1,0.65,0.03,1,12,30,0,18,0.7,1.0,0.4,1.0,0.571429,0.0,0.6,0.2,0.8,60,12,48,0.3
0.8,0.1,0.7,0.015,0,12,30,0,18,0.7,1.0,0.4,1.0,0.571429,0.0,0.6,0.2,0.8,60,12,48,0.3
0.8,0.1,0.7,0.015,1,12,30,0,18,0.7,1.0,0.4,1.0,0.571429,0.0,0.6,0.2,0.8,60,12,48,0.3
0.8,0.1,0.7,0.02,0,12,30,0,18,0.7,1.0,0.4,1.0,0.571429,0.0,0.6,0.2,0.8,60,12,48,0.3
0.8,0.1,0.7,0.02,1,12,30,0,18,0.7,1.0,0.4,1.0,0.571429,0.0,0.6,0.2,0.8,60,12,48,0.3
0.8,0.1,0.7,0.025,0,12,30,0,18,0.7,1.0,0.4,1.0,0.571429,0.0,0.6,0.2,0.8,60,12,48,0.3
0.8,0.1,0.7,0.025,1,12,30,0,18,0.7,1.0,0.4,1.0,0.571429,0.0,0.6,0.2,0.8,60,12,48,0.3
0.8,0.1,0.7,0.03,0,12,30,0,18,0.7,1.0,0.4,1.0,0.571429,0.0,0.6,0.2,0.8,60,12,48,0.3
0.8,0.1,0.7,0.03,1,12,30,0,18,0.7,1.0,0.4,1.0,0.571429,0.0,0.6,0.2,0.8,60,12,48,0.3
0.8,0.1,0.75,,0,12,30,0,18,0.7,1.0,0.4,1.0,0.571429,0.0,0.6,0.2,0.8,60,12,48,0.3
0.8,0.1,0.75,,1,12,30,0,18,0.7,1.0,0.4,1.0,0.571429,0.0,0.6,0.2,0.8,60,12,48,0.3
0.8,0.1,0.75,0.015,0,12,30,0,18,0.7,1.0,0.4,1.0,0.571429,0.0,0.6,0.2,0.8,60,12,48,0.3
0.8,0.1,0.75,0.015,1,12,30,0,18,0.7,1.0,0.4,1.0,0.571429,0.0,0.6,0.2,0.8,60,12,48,0.3
0.8,0.1,0.75,0.02,0,12,30,0,18,0.7,1.0,0.4,1.0,0.571429,0.0,0.6,0.2,0.8,60,12,48,0.3
0.8,0.1,0.75,0.02,1,12,30,0,18,0.7,1.0,0.4,1.0,0.571429,0.0,0.6,0.2,0.8,60,12,48,0.3
0.8,0.1,0.75,0.025,0,12,30,0,18,0.7,1.0,0.4,1.0,0.571429,0.0,0.6,0.2,0.8,60,12,48,0.3
0.8,0.1,0.75,0.025,1,12,30,0,18,0.7,1.0,0.4,1.0,0.571429,0.0,0.6,0.2,0.8,60,12,48,0.3
0.8,0.1,0.75,0.03,0,12,30,0,18,0.7,1.0,0.4,1.0,0.571429,0.0,0.6,0.2,0.8,60,12,48,0.3
0.8,0.1,0.75,0.03,1,12,30,0,18,0.7,1.0,0.4,1.0,0.571429,0.0,0.6,0.2,0.8,60,12,48,0.3
0.8,0.1,0.8,,0,12,30,0,18,0.7,1.0,0.4,1.0,0.571429,0.0,0.6,0.2,0.8,60,12,48,0.3
0.8,0.1,0.8,,1,12,30,0,18,0.7,1.0,0.4,1.0,0.571429,0.0,0.6,0.2,0.8,60,12,48,0.3
0.8,0.1,0.8,0.015,0,12,30,0,18,0.7,1.0,0.4,1.0,0.571429,0.0,0.6,0.2,0.8,60,12,48,0.3
0.8,0.1,0.8,0.015,1,12,30,0,18,0.7,1.0,0.4,1.0,0.571429,0.0,0.6,0.2,0.8,60,12,48,0.3
0.8,0.1,0.8,0.02,0,12,30,0,18,0.7,1.0,0.4,1.0,0.571429,0.0,0.6,0.2,0.8,60,12,48,0.3
0.8,0.1,0.8,0.02,1,12,30,0,18,0.7,1.0,0.4,1.0,0.571429,0.0,0.6,0.2,0.8,60,12,48,0.3
0.8,0.1,0.8,0.025,0,12,30,0,18,0.7,1.0,0.4,1.0,0.571429,0.0,0.6,0.2,0.8,60,12,48,0.3
0.8,0.1,0.8,0.025,1,12,30,0,18,0.7,1.0,0.4,1.0,0.571429,0.0,0.6,0.2,0.8,60,12,48,0.3
0.8,0.1,0.8,0.03,0,12,30,0,18,0.7,1.0,0.4,1.0,0.571429,0.0,0.6,0.2,0.8,60,12,48,0.3
0.8,0.1,0.8,0.03,1,12,30,0,18,0.7,1.0,0.4,1.0,0.571429,0.0,0.6,0.2,0.8,60,12,48,0.3
0.85,0.02,,,3,12,30,0,18,0.7,1.0,0.4,1.0,0.571429,0.0,0.6,0.2,0.8,60,12,48,0.3
0.85,0.02,,0.015,3,12,30,0,18,0.7,1.0,0.4,1.0,0.571429,0.0,0.6,0.2,0.8,60,12,48,0.3
0.85,0.02,,0.02,3,12,30,0,18,0.7,1.0,0.4,1.0,0.571429,0.0,0.6,0.2,0.8,60,12,48,0.3
0.85,0.02,,0.025,3,12,30,0,18,0.7,1.0,0.4,1.0,0.571429,0.0,0.6,0.2,0.8,60,12,48,0.3
0.85,0.02,,0.03,2,12,30,0,18,0.7,1.0,0.4,1.0,0.571429,0.0,0.6,0.2,0.8,60,12,48,0.3
0.85,0.02,0.65,,3,12,30,0,18,0.7,1.0,0.4,1.0,0.571429,0.0,0.6,0.2,0.8,60,12,48,0.3
0.85,0.02,0.65,0.015,3,12,30,0,18,0.7,1.0,0.4,1.0,0.571429,0.0,0.6,0.2,0.8,60,12,48,0.3
0.85,0.02,0.65,0.02,3,12,30,0,18,0.7,1.0,0.4,1.0,0.571429,0.0,0.6,0.2,0.8,60,12,48,0.3
0.85,0.02,0.65,0.025,3,12,30,0,18,0.7,1.0,0.4,1.0,0.571429,0.0,0.6,0.2,0.8,60,12,48,0.3
0.85,0.02,0.65,0.03,2,12,30,0,18,0.7,1.0,0.4,1.0,0.571429,0.0,0.6,0.2,0.8,60,12,48,0.3
0.85,0.02,0.7,,3,12,30,0,18,0.7,1.0,0.4,1.0,0.571429,0.0,0.6,0.2,0.8,60,12,48,0.3
0.85,0.02,0.7,0.015,3,12,30,0,18,0.7,1.0,0.4,1.0,0.571429,0.0,0.6,0.2,0.8,60,12,48,0.3
0.85,0.02,0.7,0.02,3,12,30,0,18,0.7,1.0,0.4,1.0,0.571429,0.0,0.6,0.2,0.8,60,12,48,0.3
0.85,0.02,0.7,0.025,3,12,30,0,18,0.7,1.0,0.4,1.0,0.571429,0.0,0.6,0.2,0.8,60,12,48,0.3
0.85,0.02,0.7,0.03,2,12,30,0,18,0.7,1.0,0.4,1.0,0.571429,0.0,0.6,0.2,0.8,60,12,48,0.3
0.85,0.02,0.75,,3,12,30,0,18,0.7,1.0,0.4,1.0,0.571429,0.0,0.6,0.2,0.8,60,12,48,0.3
0.85,0.02,0.75,0.015,3,12,30,0,18,0.7,1.0,0.4,1.0,0.571429,0.0,0.6,0.2,0.8,60,12,48,0.3
0.85,0.02,0.75,0.02,3,12,30,0,18,0.7,1.0,0.4,1.0,0.571429,0.0,0.6,0.2,0.8,60,12,48,0.3
0.85,0.02,0.75,0.025,3,12,30,0,18,0.7,1.0,0.4,1.0,0.571429,0.0,0.6,0.2,0.8,60,12,48,0.3
0.85,0.02,0.75,0.03,2,12,30,0,18,0.7,1.0,0.4,1.0,0.571429,0.0,0.6,0.2,0.8,60,12,48,0.3
0.85,0.02,0.8,,3,12,30,0,18,0.7,1.0,0.4,1.0,0.571429,0.0,0.6,0.2,0.8,60,12,48,0.3
0.85,0.02,0.8,0.015,3,12,30,0,18,0.7,1.0,0.4,1.0,0.571429,0.0,0.6,0.2,0.8,60,12,48,0.3
0.85,0.02,0.8,0.02,3,12,30,0,18,0.7,1.0,0.4,1.0,0.571429,0.0,0.6,0.2,0.8,60,12,48,0.3
0.85,0.02,0.8,0.025,3,12,30,0,18,0.7,1.0,0.4,1.0,0.571429,0.0,0.6,0.2,0.8,60,12,48,0.3
0.85,0.02,0.8,0.03,2,12,30,0,18,0.7,1.0,0.4,1.0,0.571429,0.0,0.6,0.2,0.8,60,12,48,0.3
0.9,0.02,,,3,12,30,0,18,0.7,1.0,0.4,1.0,0.571429,0.0,0.6,0.2,0.8,60,12,48,0.3
0.9,0.02,,0.015,3,12,30,0,18,0.7,1.0,0.4,1.0,0.571429,0.0,0.6,0.2,0.8,60,12,48,0.3
0.9,0.02,,0.02,3,12,30,0,18,0.7,1.0,0.4,1.0,0.571429,0.0,0.6,0.2,0.8,60,12,48,0.3
0.9,0.02,,0.025,3,12,30,0,18,0.7,1.0,0.4,1.0,0.571429,0.0,0.6,0.2,0.8,60,12,48,0.3
0.9,0.02,,0.03,2,12,30,0,18,0.7,1.0,0.4,1.0,0.571429,0.0,0.6,0.2,0.8,60,12,48,0.3
0.9,0.02,0.65,,3,12,30,0,18,0.7,1.0,0.4,1.0,0.571429,0.0,0.6,0.2,0.8,60,12,48,0.3
0.9,0.02,0.65,0.015,3,12,30,0,18,0.7,1.0,0.4,1.0,0.571429,0.0,0.6,0.2,0.8,60,12,48,0.3
0.9,0.02,0.65,0.02,3,12,30,0,18,0.7,1.0,0.4,1.0,0.571429,0.0,0.6,0.2,0.8,60,12,48,0.3
0.9,0.02,0.65,0.025,3,12,30,0,18,0.7,1.0,0.4,1.0,0.571429,0.0,0.6,0.2,0.8,60,12,48,0.3
0.9,0.02,0.65,0.03,2,12,30,0,18,0.7,1.0,0.4,1.0,0.571429,0.0,0.6,0.2,0.8,60,12,48,0.3
0.9,0.02,0.7,,3,12,30,0,18,0.7,1.0,0.4,1.0,0.571429,0.0,0.6,0.2,0.8,60,12,48,0.3
0.9,0.02,0.7,0.015,3,12,30,0,18,0.7,1.0,0.4,1.0,0.571429,0.0,0.6,0.2,0.8,60,12,48,0.3
0.9,0.02,0.7,0.02,3,12,30,0,18,0.7,1.0,0.4,1.0,0.571429,0.0,0.6,0.2,0.8,60,12,48,0.3
0.9,0.02,0.7,0.025,3,12,30,0,18,0.7,1.0,0.4,1.0,0.571429,0.0,0.6,0.2,0.8,60,12,48,0.3
0.9,0.02,0.7,0.03,2,12,30,0,18,0.7,1.0,0.4,1.0,0.571429,0.0,0.6,0.2,0.8,60,12,48,0.3
0.9,0.02,0.75,,3,12,30,0,18,0.7,1.0,0.4,1.0,0.571429,0.0,0.6,0.2,0.8,60,12,48,0.3
0.9,0.02,0.75,0.015,3,12,30,0,18,0.7,1.0,0.4,1.0,0.571429,0.0,0.6,0.2,0.8,60,12,48,0.3
0.9,0.02,0.75,0.02,3,12,30,0,18,0.7,1.0,0.4,1.0,0.571429,0.0,0.6,0.2,0.8,60,12,48,0.3
0.9,0.02,0.75,0.025,3,12,30,0,18,0.7,1.0,0.4,1.0,0.571429,0.0,0.6,0.2,0.8,60,12,48,0.3
0.9,0.02,0.75,0.03,2,12,30,0,18,0.7,1.0,0.4,1.0,0.571429,0.0,0.6,0.2,0.8,60,12,48,0.3
0.9,0.02,0.8,,3,12,30,0,18,0.7,1.0,0.4,1.0,0.571429,0.0,0.6,0.2,0.8,60,12,48,0.3
0.9,0.02,0.8,0.015,3,12,30,0,18,0.7,1.0,0.4,1.0,0.571429,0.0,0.6,0.2,0.8,60,12,48,0.3
0.9,0.02,0.8,0.02,3,12,30,0,18,0.7,1.0,0.4,1.0,0.571429,0.0,0.6,0.2,0.8,60,12,48,0.3
0.9,0.02,0.8,0.025,3,12,30,0,18,0.7,1.0,0.4,1.0,0.571429,0.0,0.6,0.2,0.8,60,12,48,0.3
0.9,0.02,0.8,0.03,2,12,30,0,18,0.7,1.0,0.4,1.0,0.571429,0.0,0.6,0.2,0.8,60,12,48,0.3
0.95,0.02,0.85,,0,12,30,0,18,0.7,1.0,0.4,1.0,0.571429,0.0,0.6,0.2,0.8,60,12,48,0.3
0.95,0.02,0.85,,1,12,30,0,18,0.7,1.0,0.4,1.0,0.571429,0.0,0.6,0.2,0.8,60,12,48,0.3
0.95,0.02,0.85,0.015,0,12,30,0,18,0.7,1.0,0.4,1.0,0.571429,0.0,0.6,0.2,0.8,60,12,48,0.3
0.95,0.02,0.85,0.015,1,12,30,0,18,0.7,1.0,0.4,1.0,0.571429,0.0,0.6,0.2,0.8,60,12,48,0.3
0.95,0.02,0.85,0.02,0,12,30,0,18,0.7,1.0,0.4,1.0,0.571429,0.0,0.6,0.2,0.8,60,12,48,0.3
0.95,0.02,0.85,0.02,1,12,30,0,18,0.7,1.0,0.4,1.0,0.571429,0.0,0.6,0.2,0.8,60,12,48,0.3
0.95,0.02,0.85,0.025,0,12,30,0,18,0.7,1.0,0.4,1.0,0.571429,0.0,0.6,0.2,0.8,60,12,48,0.3
0.95,0.02,0.85,0.025,1,12,30,0,18,0.7,1.0,0.4,1.0,0.571429,0.0,0.6,0.2,0.8,60,12,48,0.3
0.95,0.02,0.85,0.03,0,12,30,0,18,0.7,1.0,0.4,1.0,0.571429,0.0,0.6,0.2,0.8,60,12,48,0.3
0.95,0.02,0.85,0.03,1,12,30,0,18,0.7,1.0,0.4,1.0,0.571429,0.0,0.6,0.2,0.8,60,12,48,0.3
0.95,0.05,,0.015,0,12,30,0,18,0.7,1.0,0.4,1.0,0.571429,0.0,0.6,0.2,0.8,60,12,48,0.3
0.95,0.05,,0.015,1,12,30,0,18,0.7,1.0,0.4,1.0,0.571429,0.0,0.6,0.2,0.8,60,12,48,0.3
0.95,0.05,,0.02,0,12,30,0,18,0.7,1.0,0.4,1.0,0.571429,0.0,0.6,0.2,0.8,60,12,48,0.3
0.95,0.05,,0.02,1,12,30,0,18,0.7,1.0,0.4,1.0,0.571429,0.0,0.6,0.2,0.8,60,12,48,0.3
0.95,0.05,,0.025,0,12,30,0,18,0.7,1.0,0.4,1.0,0.571429,0.0,0.6,0.2,0.8,60,12,48,0.3
0.95,0.05,,0.025,1,12,30,0,18,0.7,1.0,0.4,1.0,0.571429,0.0,0.6,0.2,0.8,60,12,48,0.3
0.95,0.05,0.65,0.015,0,12,30,0,18,0.7,1.0,0.4,1.0,0.571429,0.0,0.6,0.2,0.8,60,12,48,0.3
0.95,0.05,0.65,0.015,1,12,30,0,18,0.7,1.0,0.4,1.0,0.571429,0.0,0.6,0.2,0.8,60,12,48,0.3
0.95,0.05,0.65,0.02,0,12,30,0,18,0.7,1.0,0.4,1.0,0.571429,0.0,0.6,0.2,0.8,60,12,48,0.3
0.95,0.05,0.65,0.02,1,12,30,0,18,0.7,1.0,0.4,1.0,0.571429,0.0,0.6,0.2,0.8,60,12,48,0.3
0.95,0.05,0.65,0.025,0,12,30,0,18,0.7,1.0,0.4,1.0,0.571429,0.0,0.6,0.2,0.8,60,12,48,0.3
0.95,0.05,0.65,0.025,1,12,30,0,18,0.7,1.0,0.4,1.0,0.571429,0.0,0.6,0.2,0.8,60,12,48,0.3
0.95,0.05,0.7,0.015,0,12,30,0,18,0.7,1.0,0.4,1.0,0.571429,0.0,0.6,0.2,0.8,60,12,48,0.3
0.95,0.05,0.7,0.015,1,12,30,0,18,0.7,1.0,0.4,1.0,0.571429,0.0,0.6,0.2,0.8,60,12,48,0.3
0.95,0.05,0.7,0.02,0,12,30,0,18,0.7,1.0,0.4,1.0,0.571429,0.0,0.6,0.2,0.8,60,12,48,0.3
0.95,0.05,0.7,0.02,1,12,30,0,18,0.7,1.0,0.4,1.0,0.571429,0.0,0.6,0.2,0.8,60,12,48,0.3
0.95,0.05,0.7,0.025,0,12,30,0,18,0.7,1.0,0.4,1.0,0.571429,0.0,0.6,0.2,0.8,60,12,48,0.3
0.95,0.05,0.7,0.025,1,12,30,0,18,0.7,1.0,0.4,1.0,0.571429,0.0,0.6,0.2,0.8,60,12,48,0.3
0.95,0.05,0.75,,0,12,30,0,18,0.7,1.0,0.4,1.0,0.571429,0.0,0.6,0.2,0.8,60,12,48,0.3
0.95,0.05,0.75,,1,12,30,0,18,0.7,1.0,0.4,1.0,0.571429,0.0,0.6,0.2,0.8,60,12,48,0.3
0.95,0.05,0.75,0.015,0,12,30,0,18,0.7,1.0,0.4,1.0,0.571429,0.0,0.6,0.2,0.8,60,12,48,0.3
0.95,0.05,0.75,0.015,1,12,30,0,18,0.7,1.0,0.4,1.0,0.571429,0.0,0.6,0.2,0.8,60,12,48,0.3
0.95,0.05,0.75,0.02,0,12,30,0,18,0.7,1.0,0.4,1.0,0.571429,0.0,0.6,0.2,0.8,60,12,48,0.3
0.95,0.05,0.75,0.02,1,12,30,0,18,0.7,1.0,0.4,1.0,0.571429,0.0,0.6,0.2,0.8,60,12,48,0.3
0.95,0.05,0.75,0.025,0,12,30,0,18,0.7,1.0,0.4,1.0,0.571429,0.0,0.6,0.2,0.8,60,12,48,0.3
0.95,0.05,0.75,0.025,1,12,30,0,18,0.7,1.0,0.4,1.0,0.571429,0.0,0.6,0.2,0.8,60,12,48,0.3
0.95,0.05,0.8,,0,12,30,0,18,0.7,1.0,0.4,1.0,0.571429,0.0,0.6,0.2,0.8,60,12,48,0.3
0.95,0.05,0.8,,1,12,30,0,18,0.7,1.0,0.4,1.0,0.571429,0.0,0.6,0.2,0.8,60,12,48,0.3
0.95,0.05,0.8,0.015,0,12,30,0,18,0.7,1.0,0.4,1.0,0.571429,0.0,0.6,0.2,0.8,60,12,48,0.3
0.95,0.05,0.8,0.015,1,12,30,0,18,0.7,1.0,0.4,1.0,0.571429,0.0,0.6,0.2,0.8,60,12,48,0.3
0.95,0.05,0.8,0.02,0,12,30,0,18,0.7,1.0,0.4,1.0,0.571429,0.0,0.6,0.2,0.8,60,12,48,0.3
0.95,0.05,0.8,0.02,1,12,30,0,18,0.7,1.0,0.4,1.0,0.571429,0.0,0.6,0.2,0.8,60,12,48,0.3
0.95,0.05,0.8,0.025,0,12,30,0,18,0.7,1.0,0.4,1.0,0.571429,0.0,0.6,0.2,0.8,60,12,48,0.3
0.95,0.05,0.8,0.025,1,12,30,0,18,0.7,1.0,0.4,1.0,0.571429,0.0,0.6,0.2,0.8,60,12,48,0.3
0.3,0.02,,0.03,3,11,30,0,19,0.683333,1.0,0.366667,1.0,0.536585,0.0,0.633333,0.183333,0.816667,60,11,49,0.316667
0.3,0.02,0.65,0.03,3,11,30,0,19,0.683333,1.0,0.366667,1.0,0.536585,0.0,0.633333,0.183333,0.816667,60,11,49,0.316667
0.3,0.02,0.7,0.03,3,11,30,0,19,0.683333,1.0,0.366667,1.0,0.536585,0.0,0.633333,0.183333,0.816667,60,11,49,0.316667
0.3,0.02,0.75,0.03,3,11,30,0,19,0.683333,1.0,0.366667,1.0,0.536585,0.0,0.633333,0.183333,0.816667,60,11,49,0.316667
0.3,0.02,0.8,0.03,3,11,30,0,19,0.683333,1.0,0.366667,1.0,0.536585,0.0,0.633333,0.183333,0.816667,60,11,49,0.316667
0.3,0.02,0.85,,3,11,30,0,19,0.683333,1.0,0.366667,1.0,0.536585,0.0,0.633333,0.183333,0.816667,60,11,49,0.316667
0.3,0.02,0.85,0.015,3,11,30,0,19,0.683333,1.0,0.366667,1.0,0.536585,0.0,0.633333,0.183333,0.816667,60,11,49,0.316667
0.3,0.02,0.85,0.02,3,11,30,0,19,0.683333,1.0,0.366667,1.0,0.536585,0.0,0.633333,0.183333,0.816667,60,11,49,0.316667
0.3,0.02,0.85,0.025,3,11,30,0,19,0.683333,1.0,0.366667,1.0,0.536585,0.0,0.633333,0.183333,0.816667,60,11,49,0.316667
0.3,0.05,,,3,11,30,0,19,0.683333,1.0,0.366667,1.0,0.536585,0.0,0.633333,0.183333,0.816667,60,11,49,0.316667
0.3,0.05,,0.015,3,11,30,0,19,0.683333,1.0,0.366667,1.0,0.536585,0.0,0.633333,0.183333,0.816667,60,11,49,0.316667
0.3,0.05,,0.02,3,11,30,0,19,0.683333,1.0,0.366667,1.0,0.536585,0.0,0.633333,0.183333,0.816667,60,11,49,0.316667
0.3,0.05,,0.025,3,11,30,0,19,0.683333,1.0,0.366667,1.0,0.536585,0.0,0.633333,0.183333,0.816667,60,11,49,0.316667
0.3,0.05,0.65,,3,11,30,0,19,0.683333,1.0,0.366667,1.0,0.536585,0.0,0.633333,0.183333,0.816667,60,11,49,0.316667
0.3,0.05,0.65,0.015,3,11,30,0,19,0.683333,1.0,0.366667,1.0,0.536585,0.0,0.633333,0.183333,0.816667,60,11,49,0.316667
0.3,0.05,0.65,0.02,3,11,30,0,19,0.683333,1.0,0.366667,1.0,0.536585,0.0,0.633333,0.183333,0.816667,60,11,49,0.316667
0.3,0.05,0.65,0.025,3,11,30,0,19,0.683333,1.0,0.366667,1.0,0.536585,0.0,0.633333,0.183333,0.816667,60,11,49,0.316667
0.3,0.05,0.7,,3,11,30,0,19,0.683333,1.0,0.366667,1.0,0.536585,0.0,0.633333,0.183333,0.816667,60,11,49,0.316667
0.3,0.05,0.7,0.015,3,11,30,0,19,0.683333,1.0,0.366667,1.0,0.536585,0.0,0.633333,0.183333,0.816667,60,11,49,0.316667
0.3,0.05,0.7,0.02,3,11,30,0,19,0.683333,1.0,0.366667,1.0,0.536585,0.0,0.633333,0.183333,0.816667,60,11,49,0.316667
0.3,0.05,0.7,0.025,3,11,30,0,19,0.683333,1.0,0.366667,1.0,0.536585,0.0,0.633333,0.183333,0.816667,60,11,49,0.316667
0.3,0.05,0.75,,3,11,30,0,19,0.683333,1.0,0.366667,1.0,0.536585,0.0,0.633333,0.183333,0.816667,60,11,49,0.316667
0.3,0.05,0.75,0.015,3,11,30,0,19,0.683333,1.0,0.366667,1.0,0.536585,0.0,0.633333,0.183333,0.816667,60,11,49,0.316667
0.3,0.05,0.75,0.02,3,11,30,0,19,0.683333,1.0,0.366667,1.0,0.536585,0.0,0.633333,0.183333,0.816667,60,11,49,0.316667
0.3,0.05,0.75,0.025,3,11,30,0,19,0.683333,1.0,0.366667,1.0,0.536585,0.0,0.633333,0.183333,0.816667,60,11,49,0.316667
0.3,0.05,0.8,,3,11,30,0,19,0.683333,1.0,0.366667,1.0,0.536585,0.0,0.633333,0.183333,0.816667,60,11,49,0.316667
0.3,0.05,0.8,0.015,3,11,30,0,19,0.683333,1.0,0.366667,1.0,0.536585,0.0,0.633333,0.183333,0.816667,60,11,49,0.316667
0.3,0.05,0.8,0.02,3,11,30,0,19,0.683333,1.0,0.366667,1.0,0.536585,0.0,0.633333,0.183333,0.816667,60,11,49,0.316667
0.3,0.05,0.8,0.025,3,11,30,0,19,0.683333,1.0,0.366667,1.0,0.536585,0.0,0.633333,0.183333,0.816667,60,11,49,0.316667
0.4,0.02,,0.03,3,11,30,0,19,0.683333,1.0,0.366667,1.0,0.536585,0.0,0.633333,0.183333,0.816667,60,11,49,0.316667
0.4,0.02,0.65,0.03,3,11,30,0,19,0.683333,1.0,0.366667,1.0,0.536585,0.0,0.633333,0.183333,0.816667,60,11,49,0.316667
0.4,0.02,0.7,0.03,3,11,30,0,19,0.683333,1.0,0.366667,1.0,0.536585,0.0,0.633333,0.183333,0.816667,60,11,49,0.316667
0.4,0.02,0.75,0.03,3,11,30,0,19,0.683333,1.0,0.366667,1.0,0.536585,0.0,0.633333,0.183333,0.816667,60,11,49,0.316667
0.4,0.02,0.8,0.03,3,11,30,0,19,0.683333,1.0,0.366667,1.0,0.536585,0.0,0.633333,0.183333,0.816667,60,11,49,0.316667
0.4,0.02,0.85,,3,11,30,0,19,0.683333,1.0,0.366667,1.0,0.536585,0.0,0.633333,0.183333,0.816667,60,11,49,0.316667
0.4,0.02,0.85,0.015,3,11,30,0,19,0.683333,1.0,0.366667,1.0,0.536585,0.0,0.633333,0.183333,0.816667,60,11,49,0.316667
0.4,0.02,0.85,0.02,3,11,30,0,19,0.683333,1.0,0.366667,1.0,0.536585,0.0,0.633333,0.183333,0.816667,60,11,49,0.316667
0.4,0.02,0.85,0.025,3,11,30,0,19,0.683333,1.0,0.366667,1.0,0.536585,0.0,0.633333,0.183333,0.816667,60,11,49,0.316667
0.4,0.05,,,3,11,30,0,19,0.683333,1.0,0.366667,1.0,0.536585,0.0,0.633333,0.183333,0.816667,60,11,49,0.316667
0.4,0.05,,0.015,3,11,30,0,19,0.683333,1.0,0.366667,1.0,0.536585,0.0,0.633333,0.183333,0.816667,60,11,49,0.316667
0.4,0.05,,0.02,3,11,30,0,19,0.683333,1.0,0.366667,1.0,0.536585,0.0,0.633333,0.183333,0.816667,60,11,49,0.316667
0.4,0.05,,0.025,3,11,30,0,19,0.683333,1.0,0.366667,1.0,0.536585,0.0,0.633333,0.183333,0.816667,60,11,49,0.316667
0.4,0.05,0.65,,3,11,30,0,19,0.683333,1.0,0.366667,1.0,0.536585,0.0,0.633333,0.183333,0.816667,60,11,49,0.316667
0.4,0.05,0.65,0.015,3,11,30,0,19,0.683333,1.0,0.366667,1.0,0.536585,0.0,0.633333,0.183333,0.816667,60,11,49,0.316667
0.4,0.05,0.65,0.02,3,11,30,0,19,0.683333,1.0,0.366667,1.0,0.536585,0.0,0.633333,0.183333,0.816667,60,11,49,0.316667
0.4,0.05,0.65,0.025,3,11,30,0,19,0.683333,1.0,0.366667,1.0,0.536585,0.0,0.633333,0.183333,0.816667,60,11,49,0.316667
0.4,0.05,0.7,,3,11,30,0,19,0.683333,1.0,0.366667,1.0,0.536585,0.0,0.633333,0.183333,0.816667,60,11,49,0.316667
0.4,0.05,0.7,0.015,3,11,30,0,19,0.683333,1.0,0.366667,1.0,0.536585,0.0,0.633333,0.183333,0.816667,60,11,49,0.316667
0.4,0.05,0.7,0.02,3,11,30,0,19,0.683333,1.0,0.366667,1.0,0.536585,0.0,0.633333,0.183333,0.816667,60,11,49,0.316667
0.4,0.05,0.7,0.025,3,11,30,0,19,0.683333,1.0,0.366667,1.0,0.536585,0.0,0.633333,0.183333,0.816667,60,11,49,0.316667
0.4,0.05,0.75,,3,11,30,0,19,0.683333,1.0,0.366667,1.0,0.536585,0.0,0.633333,0.183333,0.816667,60,11,49,0.316667
0.4,0.05,0.75,0.015,3,11,30,0,19,0.683333,1.0,0.366667,1.0,0.536585,0.0,0.633333,0.183333,0.816667,60,11,49,0.316667
0.4,0.05,0.75,0.02,3,11,30,0,19,0.683333,1.0,0.366667,1.0,0.536585,0.0,0.633333,0.183333,0.816667,60,11,49,0.316667
0.4,0.05,0.75,0.025,3,11,30,0,19,0.683333,1.0,0.366667,1.0,0.536585,0.0,0.633333,0.183333,0.816667,60,11,49,0.316667
0.4,0.05,0.8,,3,11,30,0,19,0.683333,1.0,0.366667,1.0,0.536585,0.0,0.633333,0.183333,0.816667,60,11,49,0.316667
0.4,0.05,0.8,0.015,3,11,30,0,19,0.683333,1.0,0.366667,1.0,0.536585,0.0,0.633333,0.183333,0.816667,60,11,49,0.316667
0.4,0.05,0.8,0.02,3,11,30,0,19,0.683333,1.0,0.366667,1.0,0.536585,0.0,0.633333,0.183333,0.816667,60,11,49,0.316667
0.4,0.05,0.8,0.025,3,11,30,0,19,0.683333,1.0,0.366667,1.0,0.536585,0.0,0.633333,0.183333,0.816667,60,11,49,0.316667
0.5,0.02,,0.03,3,11,30,0,19,0.683333,1.0,0.366667,1.0,0.536585,0.0,0.633333,0.183333,0.816667,60,11,49,0.316667
0.5,0.02,0.65,0.03,3,11,30,0,19,0.683333,1.0,0.366667,1.0,0.536585,0.0,0.633333,0.183333,0.816667,60,11,49,0.316667
0.5,0.02,0.7,0.03,3,11,30,0,19,0.683333,1.0,0.366667,1.0,0.536585,0.0,0.633333,0.183333,0.816667,60,11,49,0.316667
0.5,0.02,0.75,0.03,3,11,30,0,19,0.683333,1.0,0.366667,1.0,0.536585,0.0,0.633333,0.183333,0.816667,60,11,49,0.316667
0.5,0.02,0.8,0.03,3,11,30,0,19,0.683333,1.0,0.366667,1.0,0.536585,0.0,0.633333,0.183333,0.816667,60,11,49,0.316667
0.5,0.02,0.85,,3,11,30,0,19,0.683333,1.0,0.366667,1.0,0.536585,0.0,0.633333,0.183333,0.816667,60,11,49,0.316667
0.5,0.02,0.85,0.015,3,11,30,0,19,0.683333,1.0,0.366667,1.0,0.536585,0.0,0.633333,0.183333,0.816667,60,11,49,0.316667
0.5,0.02,0.85,0.02,3,11,30,0,19,0.683333,1.0,0.366667,1.0,0.536585,0.0,0.633333,0.183333,0.816667,60,11,49,0.316667
0.5,0.02,0.85,0.025,3,11,30,0,19,0.683333,1.0,0.366667,1.0,0.536585,0.0,0.633333,0.183333,0.816667,60,11,49,0.316667
0.5,0.05,,,3,11,30,0,19,0.683333,1.0,0.366667,1.0,0.536585,0.0,0.633333,0.183333,0.816667,60,11,49,0.316667
0.5,0.05,,0.015,3,11,30,0,19,0.683333,1.0,0.366667,1.0,0.536585,0.0,0.633333,0.183333,0.816667,60,11,49,0.316667
0.5,0.05,,0.02,3,11,30,0,19,0.683333,1.0,0.366667,1.0,0.536585,0.0,0.633333,0.183333,0.816667,60,11,49,0.316667
0.5,0.05,,0.025,3,11,30,0,19,0.683333,1.0,0.366667,1.0,0.536585,0.0,0.633333,0.183333,0.816667,60,11,49,0.316667
0.5,0.05,0.65,,3,11,30,0,19,0.683333,1.0,0.366667,1.0,0.536585,0.0,0.633333,0.183333,0.816667,60,11,49,0.316667
0.5,0.05,0.65,0.015,3,11,30,0,19,0.683333,1.0,0.366667,1.0,0.536585,0.0,0.633333,0.183333,0.816667,60,11,49,0.316667
0.5,0.05,0.65,0.02,3,11,30,0,19,0.683333,1.0,0.366667,1.0,0.536585,0.0,0.633333,0.183333,0.816667,60,11,49,0.316667
0.5,0.05,0.65,0.025,3,11,30,0,19,0.683333,1.0,0.366667,1.0,0.536585,0.0,0.633333,0.183333,0.816667,60,11,49,0.316667
0.5,0.05,0.7,,3,11,30,0,19,0.683333,1.0,0.366667,1.0,0.536585,0.0,0.633333,0.183333,0.816667,60,11,49,0.316667
0.5,0.05,0.7,0.015,3,11,30,0,19,0.683333,1.0,0.366667,1.0,0.536585,0.0,0.633333,0.183333,0.816667,60,11,49,0.316667
0.5,0.05,0.7,0.02,3,11,30,0,19,0.683333,1.0,0.366667,1.0,0.536585,0.0,0.633333,0.183333,0.816667,60,11,49,0.316667
0.5,0.05,0.7,0.025,3,11,30,0,19,0.683333,1.0,0.366667,1.0,0.536585,0.0,0.633333,0.183333,0.816667,60,11,49,0.316667
0.5,0.05,0.75,,3,11,30,0,19,0.683333,1.0,0.366667,1.0,0.536585,0.0,0.633333,0.183333,0.816667,60,11,49,0.316667
0.5,0.05,0.75,0.015,3,11,30,0,19,0.683333,1.0,0.366667,1.0,0.536585,0.0,0.633333,0.183333,0.816667,60,11,49,0.316667
0.5,0.05,0.75,0.02,3,11,30,0,19,0.683333,1.0,0.366667,1.0,0.536585,0.0,0.633333,0.183333,0.816667,60,11,49,0.316667
0.5,0.05,0.75,0.025,3,11,30,0,19,0.683333,1.0,0.366667,1.0,0.536585,0.0,0.633333,0.183333,0.816667,60,11,49,0.316667
0.5,0.05,0.8,,3,11,30,0,19,0.683333,1.0,0.366667,1.0,0.536585,0.0,0.633333,0.183333,0.816667,60,11,49,0.316667
0.5,0.05,0.8,0.015,3,11,30,0,19,0.683333,1.0,0.366667,1.0,0.536585,0.0,0.633333,0.183333,0.816667,60,11,49,0.316667
0.5,0.05,0.8,0.02,3,11,30,0,19,0.683333,1.0,0.366667,1.0,0.536585,0.0,0.633333,0.183333,0.816667,60,11,49,0.316667
0.5,0.05,0.8,0.025,3,11,30,0,19,0.683333,1.0,0.366667,1.0,0.536585,0.0,0.633333,0.183333,0.816667,60,11,49,0.316667
0.6,0.02,,0.03,3,11,30,0,19,0.683333,1.0,0.366667,1.0,0.536585,0.0,0.633333,0.183333,0.816667,60,11,49,0.316667
0.6,0.02,0.65,0.03,3,11,30,0,19,0.683333,1.0,0.366667,1.0,0.536585,0.0,0.633333,0.183333,0.816667,60,11,49,0.316667
0.6,0.02,0.7,0.03,3,11,30,0,19,0.683333,1.0,0.366667,1.0,0.536585,0.0,0.633333,0.183333,0.816667,60,11,49,0.316667
0.6,0.02,0.75,0.03,3,11,30,0,19,0.683333,1.0,0.366667,1.0,0.536585,0.0,0.633333,0.183333,0.816667,60,11,49,0.316667
0.6,0.02,0.8,0.03,3,11,30,0,19,0.683333,1.0,0.366667,1.0,0.536585,0.0,0.633333,0.183333,0.816667,60,11,49,0.316667
0.6,0.02,0.85,,3,11,30,0,19,0.683333,1.0,0.366667,1.0,0.536585,0.0,0.633333,0.183333,0.816667,60,11,49,0.316667
0.6,0.02,0.85,0.015,3,11,30,0,19,0.683333,1.0,0.366667,1.0,0.536585,0.0,0.633333,0.183333,0.816667,60,11,49,0.316667
0.6,0.02,0.85,0.02,3,11,30,0,19,0.683333,1.0,0.366667,1.0,0.536585,0.0,0.633333,0.183333,0.816667,60,11,49,0.316667
0.6,0.02,0.85,0.025,3,11,30,0,19,0.683333,1.0,0.366667,1.0,0.536585,0.0,0.633333,0.183333,0.816667,60,11,49,0.316667
0.6,0.05,,,3,11,30,0,19,0.683333,1.0,0.366667,1.0,0.536585,0.0,0.633333,0.183333,0.816667,60,11,49,0.316667
0.6,0.05,,0.015,3,11,30,0,19,0.683333,1.0,0.366667,1.0,0.536585,0.0,0.633333,0.183333,0.816667,60,11,49,0.316667
0.6,0.05,,0.02,3,11,30,0,19,0.683333,1.0,0.366667,1.0,0.536585,0.0,0.633333,0.183333,0.816667,60,11,49,0.316667
0.6,0.05,,0.025,3,11,30,0,19,0.683333,1.0,0.366667,1.0,0.536585,0.0,0.633333,0.183333,0.816667,60,11,49,0.316667
0.6,0.05,0.65,,3,11,30,0,19,0.683333,1.0,0.366667,1.0,0.536585,0.0,0.633333,0.183333,0.816667,60,11,49,0.316667
0.6,0.05,0.65,0.015,3,11,30,0,19,0.683333,1.0,0.366667,1.0,0.536585,0.0,0.633333,0.183333,0.816667,60,11,49,0.316667
0.6,0.05,0.65,0.02,3,11,30,0,19,0.683333,1.0,0.366667,1.0,0.536585,0.0,0.633333,0.183333,0.816667,60,11,49,0.316667
0.6,0.05,0.65,0.025,3,11,30,0,19,0.683333,1.0,0.366667,1.0,0.536585,0.0,0.633333,0.183333,0.816667,60,11,49,0.316667
0.6,0.05,0.7,,3,11,30,0,19,0.683333,1.0,0.366667,1.0,0.536585,0.0,0.633333,0.183333,0.816667,60,11,49,0.316667
0.6,0.05,0.7,0.015,3,11,30,0,19,0.683333,1.0,0.366667,1.0,0.536585,0.0,0.633333,0.183333,0.816667,60,11,49,0.316667
0.6,0.05,0.7,0.02,3,11,30,0,19,0.683333,1.0,0.366667,1.0,0.536585,0.0,0.633333,0.183333,0.816667,60,11,49,0.316667
0.6,0.05,0.7,0.025,3,11,30,0,19,0.683333,1.0,0.366667,1.0,0.536585,0.0,0.633333,0.183333,0.816667,60,11,49,0.316667
0.6,0.05,0.75,,3,11,30,0,19,0.683333,1.0,0.366667,1.0,0.536585,0.0,0.633333,0.183333,0.816667,60,11,49,0.316667
0.6,0.05,0.75,0.015,3,11,30,0,19,0.683333,1.0,0.366667,1.0,0.536585,0.0,0.633333,0.183333,0.816667,60,11,49,0.316667
0.6,0.05,0.75,0.02,3,11,30,0,19,0.683333,1.0,0.366667,1.0,0.536585,0.0,0.633333,0.183333,0.816667,60,11,49,0.316667
0.6,0.05,0.75,0.025,3,11,30,0,19,0.683333,1.0,0.366667,1.0,0.536585,0.0,0.633333,0.183333,0.816667,60,11,49,0.316667
0.6,0.05,0.8,,3,11,30,0,19,0.683333,1.0,0.366667,1.0,0.536585,0.0,0.633333,0.183333,0.816667,60,11,49,0.316667
0.6,0.05,0.8,0.015,3,11,30,0,19,0.683333,1.0,0.366667,1.0,0.536585,0.0,0.633333,0.183333,0.816667,60,11,49,0.316667
0.6,0.05,0.8,0.02,3,11,30,0,19,0.683333,1.0,0.366667,1.0,0.536585,0.0,0.633333,0.183333,0.816667,60,11,49,0.316667
0.6,0.05,0.8,0.025,3,11,30,0,19,0.683333,1.0,0.366667,1.0,0.536585,0.0,0.633333,0.183333,0.816667,60,11,49,0.316667
0.7,0.02,,0.03,3,11,30,0,19,0.683333,1.0,0.366667,1.0,0.536585,0.0,0.633333,0.183333,0.816667,60,11,49,0.316667
0.7,0.02,0.65,0.03,3,11,30,0,19,0.683333,1.0,0.366667,1.0,0.536585,0.0,0.633333,0.183333,0.816667,60,11,49,0.316667
0.7,0.02,0.7,0.03,3,11,30,0,19,0.683333,1.0,0.366667,1.0,0.536585,0.0,0.633333,0.183333,0.816667,60,11,49,0.316667
0.7,0.02,0.75,0.03,3,11,30,0,19,0.683333,1.0,0.366667,1.0,0.536585,0.0,0.633333,0.183333,0.816667,60,11,49,0.316667
0.7,0.02,0.8,0.03,3,11,30,0,19,0.683333,1.0,0.366667,1.0,0.536585,0.0,0.633333,0.183333,0.816667,60,11,49,0.316667
0.7,0.02,0.85,,3,11,30,0,19,0.683333,1.0,0.366667,1.0,0.536585,0.0,0.633333,0.183333,0.816667,60,11,49,0.316667
0.7,0.02,0.85,0.015,3,11,30,0,19,0.683333,1.0,0.366667,1.0,0.536585,0.0,0.633333,0.183333,0.816667,60,11,49,0.316667
0.7,0.02,0.85,0.02,3,11,30,0,19,0.683333,1.0,0.366667,1.0,0.536585,0.0,0.633333,0.183333,0.816667,60,11,49,0.316667
0.7,0.02,0.85,0.025,3,11,30,0,19,0.683333,1.0,0.366667,1.0,0.536585,0.0,0.633333,0.183333,0.816667,60,11,49,0.316667
0.7,0.05,,,3,11,30,0,19,0.683333,1.0,0.366667,1.0,0.536585,0.0,0.633333,0.183333,0.816667,60,11,49,0.316667
0.7,0.05,,0.015,3,11,30,0,19,0.683333,1.0,0.366667,1.0,0.536585,0.0,0.633333,0.183333,0.816667,60,11,49,0.316667
0.7,0.05,,0.02,3,11,30,0,19,0.683333,1.0,0.366667,1.0,0.536585,0.0,0.633333,0.183333,0.816667,60,11,49,0.316667
0.7,0.05,,0.025,3,11,30,0,19,0.683333,1.0,0.366667,1.0,0.536585,0.0,0.633333,0.183333,0.816667,60,11,49,0.316667
0.7,0.05,0.65,,3,11,30,0,19,0.683333,1.0,0.366667,1.0,0.536585,0.0,0.633333,0.183333,0.816667,60,11,49,0.316667
0.7,0.05,0.65,0.015,3,11,30,0,19,0.683333,1.0,0.366667,1.0,0.536585,0.0,0.633333,0.183333,0.816667,60,11,49,0.316667
0.7,0.05,0.65,0.02,3,11,30,0,19,0.683333,1.0,0.366667,1.0,0.536585,0.0,0.633333,0.183333,0.816667,60,11,49,0.316667
0.7,0.05,0.65,0.025,3,11,30,0,19,0.683333,1.0,0.366667,1.0,0.536585,0.0,0.633333,0.183333,0.816667,60,11,49,0.316667
0.7,0.05,0.7,,3,11,30,0,19,0.683333,1.0,0.366667,1.0,0.536585,0.0,0.633333,0.183333,0.816667,60,11,49,0.316667
0.7,0.05,0.7,0.015,3,11,30,0,19,0.683333,1.0,0.366667,1.0,0.536585,0.0,0.633333,0.183333,0.816667,60,11,49,0.316667
0.7,0.05,0.7,0.02,3,11,30,0,19,0.683333,1.0,0.366667,1.0,0.536585,0.0,0.633333,0.183333,0.816667,60,11,49,0.316667
0.7,0.05,0.7,0.025,3,11,30,0,19,0.683333,1.0,0.366667,1.0,0.536585,0.0,0.633333,0.183333,0.816667,60,11,49,0.316667
0.7,0.05,0.75,,3,11,30,0,19,0.683333,1.0,0.366667,1.0,0.536585,0.0,0.633333,0.183333,0.816667,60,11,49,0.316667
0.7,0.05,0.75,0.015,3,11,30,0,19,0.683333,1.0,0.366667,1.0,0.536585,0.0,0.633333,0.183333,0.816667,60,11,49,0.316667
0.7,0.05,0.75,0.02,3,11,30,0,19,0.683333,1.0,0.366667,1.0,0.536585,0.0,0.633333,0.183333,0.816667,60,11,49,0.316667
0.7,0.05,0.75,0.025,3,11,30,0,19,0.683333,1.0,0.366667,1.0,0.536585,0.0,0.633333,0.183333,0.816667,60,11,49,0.316667
0.7,0.05,0.8,,3,11,30,0,19,0.683333,1.0,0.366667,1.0,0.536585,0.0,0.633333,0.183333,0.816667,60,11,49,0.316667
0.7,0.05,0.8,0.015,3,11,30,0,19,0.683333,1.0,0.366667,1.0,0.536585,0.0,0.633333,0.183333,0.816667,60,11,49,0.316667
0.7,0.05,0.8,0.02,3,11,30,0,19,0.683333,1.0,0.366667,1.0,0.536585,0.0,0.633333,0.183333,0.816667,60,11,49,0.316667
0.7,0.05,0.8,0.025,3,11,30,0,19,0.683333,1.0,0.366667,1.0,0.536585,0.0,0.633333,0.183333,0.816667,60,11,49,0.316667
0.75,0.02,,0.03,3,11,30,0,19,0.683333,1.0,0.366667,1.0,0.536585,0.0,0.633333,0.183333,0.816667,60,11,49,0.316667
0.75,0.02,0.65,0.03,3,11,30,0,19,0.683333,1.0,0.366667,1.0,0.536585,0.0,0.633333,0.183333,0.816667,60,11,49,0.316667
0.75,0.02,0.7,0.03,3,11,30,0,19,0.683333,1.0,0.366667,1.0,0.536585,0.0,0.633333,0.183333,0.816667,60,11,49,0.316667
0.75,0.02,0.75,0.03,3,11,30,0,19,0.683333,1.0,0.366667,1.0,0.536585,0.0,0.633333,0.183333,0.816667,60,11,49,0.316667
0.75,0.02,0.8,0.03,3,11,30,0,19,0.683333,1.0,0.366667,1.0,0.536585,0.0,0.633333,0.183333,0.816667,60,11,49,0.316667
0.75,0.02,0.85,,3,11,30,0,19,0.683333,1.0,0.366667,1.0,0.536585,0.0,0.633333,0.183333,0.816667,60,11,49,0.316667
0.75,0.02,0.85,0.015,3,11,30,0,19,0.683333,1.0,0.366667,1.0,0.536585,0.0,0.633333,0.183333,0.816667,60,11,49,0.316667
0.75,0.02,0.85,0.02,3,11,30,0,19,0.683333,1.0,0.366667,1.0,0.536585,0.0,0.633333,0.183333,0.816667,60,11,49,0.316667
0.75,0.02,0.85,0.025,3,11,30,0,19,0.683333,1.0,0.366667,1.0,0.536585,0.0,0.633333,0.183333,0.816667,60,11,49,0.316667
0.75,0.15,,0.015,0,11,30,0,19,0.683333,1.0,0.366667,1.0,0.536585,0.0,0.633333,0.183333,0.816667,60,11,49,0.316667
0.75,0.15,,0.015,1,11,30,0,19,0.683333,1.0,0.366667,1.0,0.536585,0.0,0.633333,0.183333,0.816667,60,11,49,0.316667
0.75,0.15,,0.02,0,11,30,0,19,0.683333,1.0,0.366667,1.0,0.536585,0.0,0.633333,0.183333,0.816667,60,11,49,0.316667
0.75,0.15,,0.02,1,11,30,0,19,0.683333,1.0,0.366667,1.0,0.536585,0.0,0.633333,0.183333,0.816667,60,11,49,0.316667
0.75,0.15,,0.025,0,11,30,0,19,0.683333,1.0,0.366667,1.0,0.536585,0.0,0.633333,0.183333,0.816667,60,11,49,0.316667
0.75,0.15,,0.025,1,11,30,0,19,0.683333,1.0,0.366667,1.0,0.536585,0.0,0.633333,0.183333,0.816667,60,11,49,0.316667
0.75,0.15,0.65,0.015,0,11,30,0,19,0.683333,1.0,0.366667,1.0,0.536585,0.0,0.633333,0.183333,0.816667,60,11,49,0.316667
0.75,0.15,0.65,0.015,1,11,30,0,19,0.683333,1.0,0.366667,1.0,0.536585,0.0,0.633333,0.183333,0.816667,60,11,49,0.316667
0.75,0.15,0.65,0.02,0,11,30,0,19,0.683333,1.0,0.366667,1.0,0.536585,0.0,0.633333,0.183333,0.816667,60,11,49,0.316667
0.75,0.15,0.65,0.02,1,11,30,0,19,0.683333,1.0,0.366667,1.0,0.536585,0.0,0.633333,0.183333,0.816667,60,11,49,0.316667
0.75,0.15,0.65,0.025,0,11,30,0,19,0.683333,1.0,0.366667,1.0,0.536585,0.0,0.633333,0.183333,0.816667,60,11,49,0.316667
0.75,0.15,0.65,0.025,1,11,30,0,19,0.683333,1.0,0.366667,1.0,0.536585,0.0,0.633333,0.183333,0.816667,60,11,49,0.316667
0.75,0.15,0.7,0.015,0,11,30,0,19,0.683333,1.0,0.366667,1.0,0.536585,0.0,0.633333,0.183333,0.816667,60,11,49,0.316667
0.75,0.15,0.7,0.015,1,11,30,0,19,0.683333,1.0,0.366667,1.0,0.536585,0.0,0.633333,0.183333,0.816667,60,11,49,0.316667
0.75,0.15,0.7,0.02,0,11,30,0,19,0.683333,1.0,0.366667,1.0,0.536585,0.0,0.633333,0.183333,0.816667,60,11,49,0.316667
0.75,0.15,0.7,0.02,1,11,30,0,19,0.683333,1.0,0.366667,1.0,0.536585,0.0,0.633333,0.183333,0.816667,60,11,49,0.316667
0.75,0.15,0.7,0.025,0,11,30,0,19,0.683333,1.0,0.366667,1.0,0.536585,0.0,0.633333,0.183333,0.816667,60,11,49,0.316667
0.75,0.15,0.7,0.025,1,11,30,0,19,0.683333,1.0,0.366667,1.0,0.536585,0.0,0.633333,0.183333,0.816667,60,11,49,0.316667
0.75,0.15,0.75,,0,11,30,0,19,0.683333,1.0,0.366667,1.0,0.536585,0.0,0.633333,0.183333,0.816667,60,11,49,0.316667
0.75,0.15,0.75,,1,11,30,0,19,0.683333,1.0,0.366667,1.0,0.536585,0.0,0.633333,0.183333,0.816667,60,11,49,0.316667
0.75,0.15,0.75,0.015,0,11,30,0,19,0.683333,1.0,0.366667,1.0,0.536585,0.0,0.633333,0.183333,0.816667,60,11,49,0.316667
0.75,0.15,0.75,0.015,1,11,30,0,19,0.683333,1.0,0.366667,1.0,0.536585,0.0,0.633333,0.183333,0.816667,60,11,49,0.316667
0.75,0.15,0.75,0.02,0,11,30,0,19,0.683333,1.0,0.366667,1.0,0.536585,0.0,0.633333,0.183333,0.816667,60,11,49,0.316667
0.75,0.15,0.75,0.02,1,11,30,0,19,0.683333,1.0,0.366667,1.0,0.536585,0.0,0.633333,0.183333,0.816667,60,11,49,0.316667
0.75,0.15,0.75,0.025,0,11,30,0,19,0.683333,1.0,0.366667,1.0,0.536585,0.0,0.633333,0.183333,0.816667,60,11,49,0.316667
0.75,0.15,0.75,0.025,1,11,30,0,19,0.683333,1.0,0.366667,1.0,0.536585,0.0,0.633333,0.183333,0.816667,60,11,49,0.316667
0.75,0.15,0.8,,0,11,30,0,19,0.683333,1.0,0.366667,1.0,0.536585,0.0,0.633333,0.183333,0.816667,60,11,49,0.316667
0.75,0.15,0.8,,1,11,30,0,19,0.683333,1.0,0.366667,1.0,0.536585,0.0,0.633333,0.183333,0.816667,60,11,49,0.316667
0.75,0.15,0.8,0.015,0,11,30,0,19,0.683333,1.0,0.366667,1.0,0.536585,0.0,0.633333,0.183333,0.816667,60,11,49,0.316667
0.75,0.15,0.8,0.015,1,11,30,0,19,0.683333,1.0,0.366667,1.0,0.536585,0.0,0.633333,0.183333,0.816667,60,11,49,0.316667
0.75,0.15,0.8,0.02,0,11,30,0,19,0.683333,1.0,0.366667,1.0,0.536585,0.0,0.633333,0.183333,0.816667,60,11,49,0.316667
0.75,0.15,0.8,0.02,1,11,30,0,19,0.683333,1.0,0.366667,1.0,0.536585,0.0,0.633333,0.183333,0.816667,60,11,49,0.316667
0.75,0.15,0.8,0.025,0,11,30,0,19,0.683333,1.0,0.366667,1.0,0.536585,0.0,0.633333,0.183333,0.816667,60,11,49,0.316667
0.75,0.15,0.8,0.025,1,11,30,0,19,0.683333,1.0,0.366667,1.0,0.536585,0.0,0.633333,0.183333,0.816667,60,11,49,0.316667
0.8,0.02,,0.03,3,11,30,0,19,0.683333,1.0,0.366667,1.0,0.536585,0.0,0.633333,0.183333,0.816667,60,11,49,0.316667
0.8,0.02,0.65,0.03,3,11,30,0,19,0.683333,1.0,0.366667,1.0,0.536585,0.0,0.633333,0.183333,0.816667,60,11,49,0.316667
0.8,0.02,0.7,0.03,3,11,30,0,19,0.683333,1.0,0.366667,1.0,0.536585,0.0,0.633333,0.183333,0.816667,60,11,49,0.316667
0.8,0.02,0.75,0.03,3,11,30,0,19,0.683333,1.0,0.366667,1.0,0.536585,0.0,0.633333,0.183333,0.816667,60,11,49,0.316667
0.8,0.02,0.8,0.03,3,11,30,0,19,0.683333,1.0,0.366667,1.0,0.536585,0.0,0.633333,0.183333,0.816667,60,11,49,0.316667
0.8,0.05,,0.015,2,11,30,0,19,0.683333,1.0,0.366667,1.0,0.536585,0.0,0.633333,0.183333,0.816667,60,11,49,0.316667
0.8,0.05,,0.02,2,11,30,0,19,0.683333,1.0,0.366667,1.0,0.536585,0.0,0.633333,0.183333,0.816667,60,11,49,0.316667
0.8,0.05,,0.025,2,11,30,0,19,0.683333,1.0,0.366667,1.0,0.536585,0.0,0.633333,0.183333,0.816667,60,11,49,0.316667
0.8,0.05,0.65,0.015,2,11,30,0,19,0.683333,1.0,0.366667,1.0,0.536585,0.0,0.633333,0.183333,0.816667,60,11,49,0.316667
0.8,0.05,0.65,0.02,2,11,30,0,19,0.683333,1.0,0.366667,1.0,0.536585,0.0,0.633333,0.183333,0.816667,60,11,49,0.316667
0.8,0.05,0.65,0.025,2,11,30,0,19,0.683333,1.0,0.366667,1.0,0.536585,0.0,0.633333,0.183333,0.816667,60,11,49,0.316667
0.8,0.05,0.7,0.015,2,11,30,0,19,0.683333,1.0,0.366667,1.0,0.536585,0.0,0.633333,0.183333,0.816667,60,11,49,0.316667
0.8,0.05,0.7,0.02,2,11,30,0,19,0.683333,1.0,0.366667,1.0,0.536585,0.0,0.633333,0.183333,0.816667,60,11,49,0.316667
0.8,0.05,0.7,0.025,2,11,30,0,19,0.683333,1.0,0.366667,1.0,0.536585,0.0,0.633333,0.183333,0.816667,60,11,49,0.316667
0.8,0.05,0.75,,2,11,30,0,19,0.683333,1.0,0.366667,1.0,0.536585,0.0,0.633333,0.183333,0.816667,60,11,49,0.316667
0.8,0.05,0.75,0.015,2,11,30,0,19,0.683333,1.0,0.366667,1.0,0.536585,0.0,0.633333,0.183333,0.816667,60,11,49,0.316667
0.8,0.05,0.75,0.02,2,11,30,0,19,0.683333,1.0,0.366667,1.0,0.536585,0.0,0.633333,0.183333,0.816667,60,11,49,0.316667
0.8,0.05,0.75,0.025,2,11,30,0,19,0.683333,1.0,0.366667,1.0,0.536585,0.0,0.633333,0.183333,0.816667,60,11,49,0.316667
0.8,0.05,0.8,,2,11,30,0,19,0.683333,1.0,0.366667,1.0,0.536585,0.0,0.633333,0.183333,0.816667,60,11,49,0.316667
0.8,0.05,0.8,0.015,2,11,30,0,19,0.683333,1.0,0.366667,1.0,0.536585,0.0,0.633333,0.183333,0.816667,60,11,49,0.316667
0.8,0.05,0.8,0.02,2,11,30,0,19,0.683333,1.0,0.366667,1.0,0.536585,0.0,0.633333,0.183333,0.816667,60,11,49,0.316667
0.8,0.05,0.8,0.025,2,11,30,0,19,0.683333,1.0,0.366667,1.0,0.536585,0.0,0.633333,0.183333,0.816667,60,11,49,0.316667
0.85,0.02,,0.03,3,11,30,0,19,0.683333,1.0,0.366667,1.0,0.536585,0.0,0.633333,0.183333,0.816667,60,11,49,0.316667
0.85,0.02,0.65,0.03,3,11,30,0,19,0.683333,1.0,0.366667,1.0,0.536585,0.0,0.633333,0.183333,0.816667,60,11,49,0.316667
0.85,0.02,0.7,0.03,3,11,30,0,19,0.683333,1.0,0.366667,1.0,0.536585,0.0,0.633333,0.183333,0.816667,60,11,49,0.316667
0.85,0.02,0.75,0.03,3,11,30,0,19,0.683333,1.0,0.366667,1.0,0.536585,0.0,0.633333,0.183333,0.816667,60,11,49,0.316667
0.85,0.02,0.8,0.03,3,11,30,0,19,0.683333,1.0,0.366667,1.0,0.536585,0.0,0.633333,0.183333,0.816667,60,11,49,0.316667
0.85,0.02,0.85,,2,11,30,0,19,0.683333,1.0,0.366667,1.0,0.536585,0.0,0.633333,0.183333,0.816667,60,11,49,0.316667
0.85,0.02,0.85,0.015,2,11,30,0,19,0.683333,1.0,0.366667,1.0,0.536585,0.0,0.633333,0.183333,0.816667,60,11,49,0.316667
0.85,0.02,0.85,0.02,2,11,30,0,19,0.683333,1.0,0.366667,1.0,0.536585,0.0,0.633333,0.183333,0.816667,60,11,49,0.316667
0.85,0.02,0.85,0.025,2,11,30,0,19,0.683333,1.0,0.366667,1.0,0.536585,0.0,0.633333,0.183333,0.816667,60,11,49,0.316667
0.85,0.02,0.85,0.03,2,11,30,0,19,0.683333,1.0,0.366667,1.0,0.536585,0.0,0.633333,0.183333,0.816667,60,11,49,0.316667
0.85,0.05,0.85,,0,11,30,0,19,0.683333,1.0,0.366667,1.0,0.536585,0.0,0.633333,0.183333,0.816667,60,11,49,0.316667
0.85,0.05,0.85,,1,11,30,0,19,0.683333,1.0,0.366667,1.0,0.536585,0.0,0.633333,0.183333,0.816667,60,11,49,0.316667
0.85,0.05,0.85,0.015,0,11,30,0,19,0.683333,1.0,0.366667,1.0,0.536585,0.0,0.633333,0.183333,0.816667,60,11,49,0.316667
0.85,0.05,0.85,0.015,1,11,30,0,19,0.683333,1.0,0.366667,1.0,0.536585,0.0,0.633333,0.183333,0.816667,60,11,49,0.316667
0.85,0.05,0.85,0.02,0,11,30,0,19,0.683333,1.0,0.366667,1.0,0.536585,0.0,0.633333,0.183333,0.816667,60,11,49,0.316667
0.85,0.05,0.85,0.02,1,11,30,0,19,0.683333,1.0,0.366667,1.0,0.536585,0.0,0.633333,0.183333,0.816667,60,11,49,0.316667
0.85,0.05,0.85,0.025,0,11,30,0,19,0.683333,1.0,0.366667,1.0,0.536585,0.0,0.633333,0.183333,0.816667,60,11,49,0.316667
0.85,0.05,0.85,0.025,1,11,30,0,19,0.683333,1.0,0.366667,1.0,0.536585,0.0,0.633333,0.183333,0.816667,60,11,49,0.316667
0.85,0.05,0.85,0.03,0,11,30,0,19,0.683333,1.0,0.366667,1.0,0.536585,0.0,0.633333,0.183333,0.816667,60,11,49,0.316667
0.85,0.05,0.85,0.03,1,11,30,0,19,0.683333,1.0,0.366667,1.0,0.536585,0.0,0.633333,0.183333,0.816667,60,11,49,0.316667
0.9,0.02,,0.03,3,11,30,0,19,0.683333,1.0,0.366667,1.0,0.536585,0.0,0.633333,0.183333,0.816667,60,11,49,0.316667
0.9,0.02,0.65,0.03,3,11,30,0,19,0.683333,1.0,0.366667,1.0,0.536585,0.0,0.633333,0.183333,0.816667,60,11,49,0.316667
0.9,0.02,0.7,0.03,3,11,30,0,19,0.683333,1.0,0.366667,1.0,0.536585,0.0,0.633333,0.183333,0.816667,60,11,49,0.316667
0.9,0.02,0.75,0.03,3,11,30,0,19,0.683333,1.0,0.366667,1.0,0.536585,0.0,0.633333,0.183333,0.816667,60,11,49,0.316667
0.9,0.02,0.8,0.03,3,11,30,0,19,0.683333,1.0,0.366667,1.0,0.536585,0.0,0.633333,0.183333,0.816667,60,11,49,0.316667
0.9,0.02,0.85,,2,11,30,0,19,0.683333,1.0,0.366667,1.0,0.536585,0.0,0.633333,0.183333,0.816667,60,11,49,0.316667
0.9,0.02,0.85,0.015,2,11,30,0,19,0.683333,1.0,0.366667,1.0,0.536585,0.0,0.633333,0.183333,0.816667,60,11,49,0.316667
0.9,0.02,0.85,0.02,2,11,30,0,19,0.683333,1.0,0.366667,1.0,0.536585,0.0,0.633333,0.183333,0.816667,60,11,49,0.316667
0.9,0.02,0.85,0.025,2,11,30,0,19,0.683333,1.0,0.366667,1.0,0.536585,0.0,0.633333,0.183333,0.816667,60,11,49,0.316667
0.9,0.02,0.85,0.03,2,11,30,0,19,0.683333,1.0,0.366667,1.0,0.536585,0.0,0.633333,0.183333,0.816667,60,11,49,0.316667
0.9,0.05,0.85,,0,11,30,0,19,0.683333,1.0,0.366667,1.0,0.536585,0.0,0.633333,0.183333,0.816667,60,11,49,0.316667
0.9,0.05,0.85,,1,11,30,0,19,0.683333,1.0,0.366667,1.0,0.536585,0.0,0.633333,0.183333,0.816667,60,11,49,0.316667
0.9,0.05,0.85,0.015,0,11,30,0,19,0.683333,1.0,0.366667,1.0,0.536585,0.0,0.633333,0.183333,0.816667,60,11,49,0.316667
0.9,0.05,0.85,0.015,1,11,30,0,19,0.683333,1.0,0.366667,1.0,0.536585,0.0,0.633333,0.183333,0.816667,60,11,49,0.316667
0.9,0.05,0.85,0.02,0,11,30,0,19,0.683333,1.0,0.366667,1.0,0.536585,0.0,0.633333,0.183333,0.816667,60,11,49,0.316667
0.9,0.05,0.85,0.02,1,11,30,0,19,0.683333,1.0,0.366667,1.0,0.536585,0.0,0.633333,0.183333,0.816667,60,11,49,0.316667
0.9,0.05,0.85,0.025,0,11,30,0,19,0.683333,1.0,0.366667,1.0,0.536585,0.0,0.633333,0.183333,0.816667,60,11,49,0.316667
0.9,0.05,0.85,0.025,1,11,30,0,19,0.683333,1.0,0.366667,1.0,0.536585,0.0,0.633333,0.183333,0.816667,60,11,49,0.316667
0.9,0.05,0.85,0.03,0,11,30,0,19,0.683333,1.0,0.366667,1.0,0.536585,0.0,0.633333,0.183333,0.816667,60,11,49,0.316667
0.9,0.05,0.85,0.03,1,11,30,0,19,0.683333,1.0,0.366667,1.0,0.536585,0.0,0.633333,0.183333,0.816667,60,11,49,0.316667
0.95,0.02,,0.015,2,11,30,0,19,0.683333,1.0,0.366667,1.0,0.536585,0.0,0.633333,0.183333,0.816667,60,11,49,0.316667
0.95,0.02,,0.02,2,11,30,0,19,0.683333,1.0,0.366667,1.0,0.536585,0.0,0.633333,0.183333,0.816667,60,11,49,0.316667
0.95,0.02,,0.025,2,11,30,0,19,0.683333,1.0,0.366667,1.0,0.536585,0.0,0.633333,0.183333,0.816667,60,11,49,0.316667
0.95,0.02,0.65,0.015,2,11,30,0,19,0.683333,1.0,0.366667,1.0,0.536585,0.0,0.633333,0.183333,0.816667,60,11,49,0.316667
0.95,0.02,0.65,0.02,2,11,30,0,19,0.683333,1.0,0.366667,1.0,0.536585,0.0,0.633333,0.183333,0.816667,60,11,49,0.316667
0.95,0.02,0.65,0.025,2,11,30,0,19,0.683333,1.0,0.366667,1.0,0.536585,0.0,0.633333,0.183333,0.816667,60,11,49,0.316667
0.95,0.02,0.7,0.015,2,11,30,0,19,0.683333,1.0,0.366667,1.0,0.536585,0.0,0.633333,0.183333,0.816667,60,11,49,0.316667
0.95,0.02,0.7,0.02,2,11,30,0,19,0.683333,1.0,0.366667,1.0,0.536585,0.0,0.633333,0.183333,0.816667,60,11,49,0.316667
0.95,0.02,0.7,0.025,2,11,30,0,19,0.683333,1.0,0.366667,1.0,0.536585,0.0,0.633333,0.183333,0.816667,60,11,49,0.316667
0.95,0.02,0.75,,2,11,30,0,19,0.683333,1.0,0.366667,1.0,0.536585,0.0,0.633333,0.183333,0.816667,60,11,49,0.316667
0.95,0.02,0.75,0.015,2,11,30,0,19,0.683333,1.0,0.366667,1.0,0.536585,0.0,0.633333,0.183333,0.816667,60,11,49,0.316667
0.95,0.02,0.75,0.02,2,11,30,0,19,0.683333,1.0,0.366667,1.0,0.536585,0.0,0.633333,0.183333,0.816667,60,11,49,0.316667
0.95,0.02,0.75,0.025,2,11,30,0,19,0.683333,1.0,0.366667,1.0,0.536585,0.0,0.633333,0.183333,0.816667,60,11,49,0.316667
0.95,0.02,0.8,,2,11,30,0,19,0.683333,1.0,0.366667,1.0,0.536585,0.0,0.633333,0.183333,0.816667,60,11,49,0.316667
0.95,0.02,0.8,0.015,2,11,30,0,19,0.683333,1.0,0.366667,1.0,0.536585,0.0,0.633333,0.183333,0.816667,60,11,49,0.316667
0.95,0.02,0.8,0.02,2,11,30,0,19,0.683333,1.0,0.366667,1.0,0.536585,0.0,0.633333,0.183333,0.816667,60,11,49,0.316667
0.95,0.02,0.8,0.025,2,11,30,0,19,0.683333,1.0,0.366667,1.0,0.536585,0.0,0.633333,0.183333,0.816667,60,11,49,0.316667
0.95,0.05,,0.03,0,11,30,0,19,0.683333,1.0,0.366667,1.0,0.536585,0.0,0.633333,0.183333,0.816667,60,11,49,0.316667
0.95,0.05,,0.03,1,11,30,0,19,0.683333,1.0,0.366667,1.0,0.536585,0.0,0.633333,0.183333,0.816667,60,11,49,0.316667
0.95,0.05,0.65,0.03,0,11,30,0,19,0.683333,1.0,0.366667,1.0,0.536585,0.0,0.633333,0.183333,0.816667,60,11,49,0.316667
0.95,0.05,0.65,0.03,1,11,30,0,19,0.683333,1.0,0.366667,1.0,0.536585,0.0,0.633333,0.183333,0.816667,60,11,49,0.316667
0.95,0.05,0.7,0.03,0,11,30,0,19,0.683333,1.0,0.366667,1.0,0.536585,0.0,0.633333,0.183333,0.816667,60,11,49,0.316667
0.95,0.05,0.7,0.03,1,11,30,0,19,0.683333,1.0,0.366667,1.0,0.536585,0.0,0.633333,0.183333,0.816667,60,11,49,0.316667
0.95,0.05,0.75,0.03,0,11,30,0,19,0.683333,1.0,0.366667,1.0,0.536585,0.0,0.633333,0.183333,0.816667,60,11,49,0.316667
0.95,0.05,0.75,0.03,1,11,30,0,19,0.683333,1.0,0.366667,1.0,0.536585,0.0,0.633333,0.183333,0.816667,60,11,49,0.316667
0.95,0.05,0.8,0.03,0,11,30,0,19,0.683333,1.0,0.366667,1.0,0.536585,0.0,0.633333,0.183333,0.816667,60,11,49,0.316667
0.95,0.05,0.8,0.03,1,11,30,0,19,0.683333,1.0,0.366667,1.0,0.536585,0.0,0.633333,0.183333,0.816667,60,11,49,0.316667
0.3,0.02,0.85,0.03,3,10,30,0,20,0.666667,1.0,0.333333,1.0,0.5,0.0,0.666667,0.166667,0.833333,60,10,50,0.333334
0.3,0.05,,0.03,2,10,30,0,20,0.666667,1.0,0.333333,1.0,0.5,0.0,0.666667,0.166667,0.833333,60,10,50,0.333334
0.3,0.05,0.65,0.03,2,10,30,0,20,0.666667,1.0,0.333333,1.0,0.5,0.0,0.666667,0.166667,0.833333,60,10,50,0.333334
0.3,0.05,0.7,0.03,2,10,30,0,20,0.666667,1.0,0.333333,1.0,0.5,0.0,0.666667,0.166667,0.833333,60,10,50,0.333334
0.3,0.05,0.75,0.03,2,10,30,0,20,0.666667,1.0,0.333333,1.0,0.5,0.0,0.666667,0.166667,0.833333,60,10,50,0.333334
0.3,0.05,0.8,0.03,2,10,30,0,20,0.666667,1.0,0.333333,1.0,0.5,0.0,0.666667,0.166667,0.833333,60,10,50,0.333334
0.3,0.05,0.85,,2,10,30,0,20,0.666667,1.0,0.333333,1.0,0.5,0.0,0.666667,0.166667,0.833333,60,10,50,0.333334
0.3,0.05,0.85,0.015,2,10,30,0,20,0.666667,1.0,0.333333,1.0,0.5,0.0,0.666667,0.166667,0.833333,60,10,50,0.333334
0.3,0.05,0.85,0.02,2,10,30,0,20,0.666667,1.0,0.333333,1.0,0.5,0.0,0.666667,0.166667,0.833333,60,10,50,0.333334
0.3,0.05,0.85,0.025,2,10,30,0,20,0.666667,1.0,0.333333,1.0,0.5,0.0,0.666667,0.166667,0.833333,60,10,50,0.333334
0.3,0.15,,0.03,0,10,30,0,20,0.666667,1.0,0.333333,1.0,0.5,0.0,0.666667,0.166667,0.833333,60,10,50,0.333334
0.3,0.15,,0.03,1,10,30,0,20,0.666667,1.0,0.333333,1.0,0.5,0.0,0.666667,0.166667,0.833333,60,10,50,0.333334
0.3,0.15,0.65,0.03,0,10,30,0,20,0.666667,1.0,0.333333,1.0,0.5,0.0,0.666667,0.166667,0.833333,60,10,50,0.333334
0.3,0.15,0.65,0.03,1,10,30,0,20,0.666667,1.0,0.333333,1.0,0.5,0.0,0.666667,0.166667,0.833333,60,10,50,0.333334
0.3,0.15,0.7,0.03,0,10,30,0,20,0.666667,1.0,0.333333,1.0,0.5,0.0,0.666667,0.166667,0.833333,60,10,50,0.333334
0.3,0.15,0.7,0.03,1,10,30,0,20,0.666667,1.0,0.333333,1.0,0.5,0.0,0.666667,0.166667,0.833333,60,10,50,0.333334
0.3,0.15,0.75,0.03,0,10,30,0,20,0.666667,1.0,0.333333,1.0,0.5,0.0,0.666667,0.166667,0.833333,60,10,50,0.333334
0.3,0.15,0.75,0.03,1,10,30,0,20,0.666667,1.0,0.333333,1.0,0.5,0.0,0.666667,0.166667,0.833333,60,10,50,0.333334
0.3,0.15,0.8,0.03,0,10,30,0,20,0.666667,1.0,0.333333,1.0,0.5,0.0,0.666667,0.166667,0.833333,60,10,50,0.333334
0.3,0.15,0.8,0.03,1,10,30,0,20,0.666667,1.0,0.333333,1.0,0.5,0.0,0.666667,0.166667,0.833333,60,10,50,0.333334
0.3,0.2,,0.015,0,10,30,0,20,0.666667,1.0,0.333333,1.0,0.5,0.0,0.666667,0.166667,0.833333,60,10,50,0.333334
0.3,0.2,,0.015,1,10,30,0,20,0.666667,1.0,0.333333,1.0,0.5,0.0,0.666667,0.166667,0.833333,60,10,50,0.333334
0.3,0.2,,0.02,0,10,30,0,20,0.666667,1.0,0.333333,1.0,0.5,0.0,0.666667,0.166667,0.833333,60,10,50,0.333334
0.3,0.2,,0.02,1,10,30,0,20,0.666667,1.0,0.333333,1.0,0.5,0.0,0.666667,0.166667,0.833333,60,10,50,0.333334
0.3,0.2,,0.025,0,10,30,0,20,0.666667,1.0,0.333333,1.0,0.5,0.0,0.666667,0.166667,0.833333,60,10,50,0.333334
0.3,0.2,,0.025,1,10,30,0,20,0.666667,1.0,0.333333,1.0,0.5,0.0,0.666667,0.166667,0.833333,60,10,50,0.333334
0.3,0.2,0.65,0.015,0,10,30,0,20,0.666667,1.0,0.333333,1.0,0.5,0.0,0.666667,0.166667,0.833333,60,10,50,0.333334
0.3,0.2,0.65,0.015,1,10,30,0,20,0.666667,1.0,0.333333,1.0,0.5,0.0,0.666667,0.166667,0.833333,60,10,50,0.333334
0.3,0.2,0.65,0.02,0,10,30,0,20,0.666667,1.0,0.333333,1.0,0.5,0.0,0.666667,0.166667,0.833333,60,10,50,0.333334
0.3,0.2,0.65,0.02,1,10,30,0,20,0.666667,1.0,0.333333,1.0,0.5,0.0,0.666667,0.166667,0.833333,60,10,50,0.333334
0.3,0.2,0.65,0.025,0,10,30,0,20,0.666667,1.0,0.333333,1.0,0.5,0.0,0.666667,0.166667,0.833333,60,10,50,0.333334
0.3,0.2,0.65,0.025,1,10,30,0,20,0.666667,1.0,0.333333,1.0,0.5,0.0,0.666667,0.166667,0.833333,60,10,50,0.333334
0.3,0.2,0.7,0.015,0,10,30,0,20,0.666667,1.0,0.333333,1.0,0.5,0.0,0.666667,0.166667,0.833333,60,10,50,0.333334
0.3,0.2,0.7,0.015,1,10,30,0,20,0.666667,1.0,0.333333,1.0,0.5,0.0,0.666667,0.166667,0.833333,60,10,50,0.333334
0.3,0.2,0.7,0.02,0,10,30,0,20,0.666667,1.0,0.333333,1.0,0.5,0.0,0.666667,0.166667,0.833333,60,10,50,0.333334
0.3,0.2,0.7,0.02,1,10,30,0,20,0.666667,1.0,0.333333,1.0,0.5,0.0,0.666667,0.166667,0.833333,60,10,50,0.333334
0.3,0.2,0.7,0.025,0,10,30,0,20,0.666667,1.0,0.333333,1.0,0.5,0.0,0.666667,0.166667,0.833333,60,10,50,0.333334
0.3,0.2,0.7,0.025,1,10,30,0,20,0.666667,1.0,0.333333,1.0,0.5,0.0,0.666667,0.166667,0.833333,60,10,50,0.333334
0.3,0.2,0.75,,0,10,30,0,20,0.666667,1.0,0.333333,1.0,0.5,0.0,0.666667,0.166667,0.833333,60,10,50,0.333334
0.3,0.2,0.75,,1,10,30,0,20,0.666667,1.0,0.333333,1.0,0.5,0.0,0.666667,0.166667,0.833333,60,10,50,0.333334
0.3,0.2,0.75,0.015,0,10,30,0,20,0.666667,1.0,0.333333,1.0,0.5,0.0,0.666667,0.166667,0.833333,60,10,50,0.333334
0.3,0.2,0.75,0.015,1,10,30,0,20,0.666667,1.0,0.333333,1.0,0.5,0.0,0.666667,0.166667,0.833333,60,10,50,0.333334
0.3,0.2,0.75,0.02,0,10,30,0,20,0.666667,1.0,0.333333,1.0,0.5,0.0,0.666667,0.166667,0.833333,60,10,50,0.333334
0.3,0.2,0.75,0.02,1,10,30,0,20,0.666667,1.0,0.333333,1.0,0.5,0.0,0.666667,0.166667,0.833333,60,10,50,0.333334
0.3,0.2,0.75,0.025,0,10,30,0,20,0.666667,1.0,0.333333,1.0,0.5,0.0,0.666667,0.166667,0.833333,60,10,50,0.333334
0.3,0.2,0.75,0.025,1,10,30,0,20,0.666667,1.0,0.333333,1.0,0.5,0.0,0.666667,0.166667,0.833333,60,10,50,0.333334
0.3,0.2,0.8,,0,10,30,0,20,0.666667,1.0,0.333333,1.0,0.5,0.0,0.666667,0.166667,0.833333,60,10,50,0.333334
0.3,0.2,0.8,,1,10,30,0,20,0.666667,1.0,0.333333,1.0,0.5,0.0,0.666667,0.166667,0.833333,60,10,50,0.333334
0.3,0.2,0.8,0.015,0,10,30,0,20,0.666667,1.0,0.333333,1.0,0.5,0.0,0.666667,0.166667,0.833333,60,10,50,0.333334
0.3,0.2,0.8,0.015,1,10,30,0,20,0.666667,1.0,0.333333,1.0,0.5,0.0,0.666667,0.166667,0.833333,60,10,50,0.333334
0.3,0.2,0.8,0.02,0,10,30,0,20,0.666667,1.0,0.333333,1.0,0.5,0.0,0.666667,0.166667,0.833333,60,10,50,0.333334
0.3,0.2,0.8,0.02,1,10,30,0,20,0.666667,1.0,0.333333,1.0,0.5,0.0,0.666667,0.166667,0.833333,60,10,50,0.333334
0.3,0.2,0.8,0.025,0,10,30,0,20,0.666667,1.0,0.333333,1.0,0.5,0.0,0.666667,0.166667,0.833333,60,10,50,0.333334
0.3,0.2,0.8,0.025,1,10,30,0,20,0.666667,1.0,0.333333,1.0,0.5,0.0,0.666667,0.166667,0.833333,60,10,50,0.333334
0.4,0.02,0.85,0.03,3,10,30,0,20,0.666667,1.0,0.333333,1.0,0.5,0.0,0.666667,0.166667,0.833333,60,10,50,0.333334
0.4,0.05,,0.03,2,10,30,0,20,0.666667,1.0,0.333333,1.0,0.5,0.0,0.666667,0.166667,0.833333,60,10,50,0.333334
0.4,0.05,0.65,0.03,2,10,30,0,20,0.666667,1.0,0.333333,1.0,0.5,0.0,0.666667,0.166667,0.833333,60,10,50,0.333334
0.4,0.05,0.7,0.03,2,10,30,0,20,0.666667,1.0,0.333333,1.0,0.5,0.0,0.666667,0.166667,0.833333,60,10,50,0.333334
0.4,0.05,0.75,0.03,2,10,30,0,20,0.666667,1.0,0.333333,1.0,0.5,0.0,0.666667,0.166667,0.833333,60,10,50,0.333334
0.4,0.05,0.8,0.03,2,10,30,0,20,0.666667,1.0,0.333333,1.0,0.5,0.0,0.666667,0.166667,0.833333,60,10,50,0.333334
0.4,0.05,0.85,,2,10,30,0,20,0.666667,1.0,0.333333,1.0,0.5,0.0,0.666667,0.166667,0.833333,60,10,50,0.333334
0.4,0.05,0.85,0.015,2,10,30,0,20,0.666667,1.0,0.333333,1.0,0.5,0.0,0.666667,0.166667,0.833333,60,10,50,0.333334
0.4,0.05,0.85,0.02,2,10,30,0,20,0.666667,1.0,0.333333,1.0,0.5,0.0,0.666667,0.166667,0.833333,60,10,50,0.333334
0.4,0.05,0.85,0.025,2,10,30,0,20,0.666667,1.0,0.333333,1.0,0.5,0.0,0.666667,0.166667,0.833333,60,10,50,0.333334
0.4,0.15,,0.03,0,10,30,0,20,0.666667,1.0,0.333333,1.0,0.5,0.0,0.666667,0.166667,0.833333,60,10,50,0.333334
0.4,0.15,,0.03,1,10,30,0,20,0.666667,1.0,0.333333,1.0,0.5,0.0,0.666667,0.166667,0.833333,60,10,50,0.333334
0.4,0.15,0.65,0.03,0,10,30,0,20,0.666667,1.0,0.333333,1.0,0.5,0.0,0.666667,0.166667,0.833333,60,10,50,0.333334
0.4,0.15,0.65,0.03,1,10,30,0,20,0.666667,1.0,0.333333,1.0,0.5,0.0,0.666667,0.166667,0.833333,60,10,50,0.333334
0.4,0.15,0.7,0.03,0,10,30,0,20,0.666667,1.0,0.333333,1.0,0.5,0.0,0.666667,0.166667,0.833333,60,10,50,0.333334
0.4,0.15,0.7,0.03,1,10,30,0,20,0.666667,1.0,0.333333,1.0,0.5,0.0,0.666667,0.166667,0.833333,60,10,50,0.333334
0.4,0.15,0.75,0.03,0,10,30,0,20,0.666667,1.0,0.333333,1.0,0.5,0.0,0.666667,0.166667,0.833333,60,10,50,0.333334
0.4,0.15,0.75,0.03,1,10,30,0,20,0.666667,1.0,0.333333,1.0,0.5,0.0,0.666667,0.166667,0.833333,60,10,50,0.333334
0.4,0.15,0.8,0.03,0,10,30,0,20,0.666667,1.0,0.333333,1.0,0.5,0.0,0.666667,0.166667,0.833333,60,10,50,0.333334
0.4,0.15,0.8,0.03,1,10,30,0,20,0.666667,1.0,0.333333,1.0,0.5,0.0,0.666667,0.166667,0.833333,60,10,50,0.333334
0.4,0.2,,0.015,0,10,30,0,20,0.666667,1.0,0.333333,1.0,0.5,0.0,0.666667,0.166667,0.833333,60,10,50,0.333334
0.4,0.2,,0.015,1,10,30,0,20,0.666667,1.0,0.333333,1.0,0.5,0.0,0.666667,0.166667,0.833333,60,10,50,0.333334
0.4,0.2,,0.02,0,10,30,0,20,0.666667,1.0,0.333333,1.0,0.5,0.0,0.666667,0.166667,0.833333,60,10,50,0.333334
0.4,0.2,,0.02,1,10,30,0,20,0.666667,1.0,0.333333,1.0,0.5,0.0,0.666667,0.166667,0.833333,60,10,50,0.333334
0.4,0.2,,0.025,0,10,30,0,20,0.666667,1.0,0.333333,1.0,0.5,0.0,0.666667,0.166667,0.833333,60,10,50,0.333334
0.4,0.2,,0.025,1,10,30,0,20,0.666667,1.0,0.333333,1.0,0.5,0.0,0.666667,0.166667,0.833333,60,10,50,0.333334
0.4,0.2,0.65,0.015,0,10,30,0,20,0.666667,1.0,0.333333,1.0,0.5,0.0,0.666667,0.166667,0.833333,60,10,50,0.333334
0.4,0.2,0.65,0.015,1,10,30,0,20,0.666667,1.0,0.333333,1.0,0.5,0.0,0.666667,0.166667,0.833333,60,10,50,0.333334
0.4,0.2,0.65,0.02,0,10,30,0,20,0.666667,1.0,0.333333,1.0,0.5,0.0,0.666667,0.166667,0.833333,60,10,50,0.333334
0.4,0.2,0.65,0.02,1,10,30,0,20,0.666667,1.0,0.333333,1.0,0.5,0.0,0.666667,0.166667,0.833333,60,10,50,0.333334
0.4,0.2,0.65,0.025,0,10,30,0,20,0.666667,1.0,0.333333,1.0,0.5,0.0,0.666667,0.166667,0.833333,60,10,50,0.333334
0.4,0.2,0.65,0.025,1,10,30,0,20,0.666667,1.0,0.333333,1.0,0.5,0.0,0.666667,0.166667,0.833333,60,10,50,0.333334
0.4,0.2,0.7,0.015,0,10,30,0,20,0.666667,1.0,0.333333,1.0,0.5,0.0,0.666667,0.166667,0.833333,60,10,50,0.333334
0.4,0.2,0.7,0.015,1,10,30,0,20,0.666667,1.0,0.333333,1.0,0.5,0.0,0.666667,0.166667,0.833333,60,10,50,0.333334
0.4,0.2,0.7,0.02,0,10,30,0,20,0.666667,1.0,0.333333,1.0,0.5,0.0,0.666667,0.166667,0.833333,60,10,50,0.333334
0.4,0.2,0.7,0.02,1,10,30,0,20,0.666667,1.0,0.333333,1.0,0.5,0.0,0.666667,0.166667,0.833333,60,10,50,0.333334
0.4,0.2,0.7,0.025,0,10,30,0,20,0.666667,1.0,0.333333,1.0,0.5,0.0,0.666667,0.166667,0.833333,60,10,50,0.333334
0.4,0.2,0.7,0.025,1,10,30,0,20,0.666667,1.0,0.333333,1.0,0.5,0.0,0.666667,0.166667,0.833333,60,10,50,0.333334
0.4,0.2,0.75,,0,10,30,0,20,0.666667,1.0,0.333333,1.0,0.5,0.0,0.666667,0.166667,0.833333,60,10,50,0.333334
0.4,0.2,0.75,,1,10,30,0,20,0.666667,1.0,0.333333,1.0,0.5,0.0,0.666667,0.166667,0.833333,60,10,50,0.333334
0.4,0.2,0.75,0.015,0,10,30,0,20,0.666667,1.0,0.333333,1.0,0.5,0.0,0.666667,0.166667,0.833333,60,10,50,0.333334
0.4,0.2,0.75,0.015,1,10,30,0,20,0.666667,1.0,0.333333,1.0,0.5,0.0,0.666667,0.166667,0.833333,60,10,50,0.333334
0.4,0.2,0.75,0.02,0,10,30,0,20,0.666667,1.0,0.333333,1.0,0.5,0.0,0.666667,0.166667,0.833333,60,10,50,0.333334
0.4,0.2,0.75,0.02,1,10,30,0,20,0.666667,1.0,0.333333,1.0,0.5,0.0,0.666667,0.166667,0.833333,60,10,50,0.333334
0.4,0.2,0.75,0.025,0,10,30,0,20,0.666667,1.0,0.333333,1.0,0.5,0.0,0.666667,0.166667,0.833333,60,10,50,0.333334
0.4,0.2,0.75,0.025,1,10,30,0,20,0.666667,1.0,0.333333,1.0,0.5,0.0,0.666667,0.166667,0.833333,60,10,50,0.333334
0.4,0.2,0.8,,0,10,30,0,20,0.666667,1.0,0.333333,1.0,0.5,0.0,0.666667,0.166667,0.833333,60,10,50,0.333334
0.4,0.2,0.8,,1,10,30,0,20,0.666667,1.0,0.333333,1.0,0.5,0.0,0.666667,0.166667,0.833333,60,10,50,0.333334
0.4,0.2,0.8,0.015,0,10,30,0,20,0.666667,1.0,0.333333,1.0,0.5,0.0,0.666667,0.166667,0.833333,60,10,50,0.333334
0.4,0.2,0.8,0.015,1,10,30,0,20,0.666667,1.0,0.333333,1.0,0.5,0.0,0.666667,0.166667,0.833333,60,10,50,0.333334
0.4,0.2,0.8,0.02,0,10,30,0,20,0.666667,1.0,0.333333,1.0,0.5,0.0,0.666667,0.166667,0.833333,60,10,50,0.333334
0.4,0.2,0.8,0.02,1,10,30,0,20,0.666667,1.0,0.333333,1.0,0.5,0.0,0.666667,0.166667,0.833333,60,10,50,0.333334
0.4,0.2,0.8,0.025,0,10,30,0,20,0.666667,1.0,0.333333,1.0,0.5,0.0,0.666667,0.166667,0.833333,60,10,50,0.333334
0.4,0.2,0.8,0.025,1,10,30,0,20,0.666667,1.0,0.333333,1.0,0.5,0.0,0.666667,0.166667,0.833333,60,10,50,0.333334
0.5,0.02,0.85,0.03,3,10,30,0,20,0.666667,1.0,0.333333,1.0,0.5,0.0,0.666667,0.166667,0.833333,60,10,50,0.333334
0.5,0.05,,0.03,2,10,30,0,20,0.666667,1.0,0.333333,1.0,0.5,0.0,0.666667,0.166667,0.833333,60,10,50,0.333334
0.5,0.05,0.65,0.03,2,10,30,0,20,0.666667,1.0,0.333333,1.0,0.5,0.0,0.666667,0.166667,0.833333,60,10,50,0.333334
0.5,0.05,0.7,0.03,2,10,30,0,20,0.666667,1.0,0.333333,1.0,0.5,0.0,0.666667,0.166667,0.833333,60,10,50,0.333334
0.5,0.05,0.75,0.03,2,10,30,0,20,0.666667,1.0,0.333333,1.0,0.5,0.0,0.666667,0.166667,0.833333,60,10,50,0.333334
0.5,0.05,0.8,0.03,2,10,30,0,20,0.666667,1.0,0.333333,1.0,0.5,0.0,0.666667,0.166667,0.833333,60,10,50,0.333334
0.5,0.05,0.85,,2,10,30,0,20,0.666667,1.0,0.333333,1.0,0.5,0.0,0.666667,0.166667,0.833333,60,10,50,0.333334
0.5,0.05,0.85,0.015,2,10,30,0,20,0.666667,1.0,0.333333,1.0,0.5,0.0,0.666667,0.166667,0.833333,60,10,50,0.333334
0.5,0.05,0.85,0.02,2,10,30,0,20,0.666667,1.0,0.333333,1.0,0.5,0.0,0.666667,0.166667,0.833333,60,10,50,0.333334
0.5,0.05,0.85,0.025,2,10,30,0,20,0.666667,1.0,0.333333,1.0,0.5,0.0,0.666667,0.166667,0.833333,60,10,50,0.333334
0.5,0.15,,0.03,0,10,30,0,20,0.666667,1.0,0.333333,1.0,0.5,0.0,0.666667,0.166667,0.833333,60,10,50,0.333334
0.5,0.15,,0.03,1,10,30,0,20,0.666667,1.0,0.333333,1.0,0.5,0.0,0.666667,0.166667,0.833333,60,10,50,0.333334
0.5,0.15,0.65,0.03,0,10,30,0,20,0.666667,1.0,0.333333,1.0,0.5,0.0,0.666667,0.166667,0.833333,60,10,50,0.333334
0.5,0.15,0.65,0.03,1,10,30,0,20,0.666667,1.0,0.333333,1.0,0.5,0.0,0.666667,0.166667,0.833333,60,10,50,0.333334
0.5,0.15,0.7,0.03,0,10,30,0,20,0.666667,1.0,0.333333,1.0,0.5,0.0,0.666667,0.166667,0.833333,60,10,50,0.333334
0.5,0.15,0.7,0.03,1,10,30,0,20,0.666667,1.0,0.333333,1.0,0.5,0.0,0.666667,0.166667,0.833333,60,10,50,0.333334
0.5,0.15,0.75,0.03,0,10,30,0,20,0.666667,1.0,0.333333,1.0,0.5,0.0,0.666667,0.166667,0.833333,60,10,50,0.333334
0.5,0.15,0.75,0.03,1,10,30,0,20,0.666667,1.0,0.333333,1.0,0.5,0.0,0.666667,0.166667,0.833333,60,10,50,0.333334
0.5,0.15,0.8,0.03,0,10,30,0,20,0.666667,1.0,0.333333,1.0,0.5,0.0,0.666667,0.166667,0.833333,60,10,50,0.333334
0.5,0.15,0.8,0.03,1,10,30,0,20,0.666667,1.0,0.333333,1.0,0.5,0.0,0.666667,0.166667,0.833333,60,10,50,0.333334
0.5,0.2,,0.015,0,10,30,0,20,0.666667,1.0,0.333333,1.0,0.5,0.0,0.666667,0.166667,0.833333,60,10,50,0.333334
0.5,0.2,,0.015,1,10,30,0,20,0.666667,1.0,0.333333,1.0,0.5,0.0,0.666667,0.166667,0.833333,60,10,50,0.333334
0.5,0.2,,0.02,0,10,30,0,20,0.666667,1.0,0.333333,1.0,0.5,0.0,0.666667,0.166667,0.833333,60,10,50,0.333334
0.5,0.2,,0.02,1,10,30,0,20,0.666667,1.0,0.333333,1.0,0.5,0.0,0.666667,0.166667,0.833333,60,10,50,0.333334
0.5,0.2,,0.025,0,10,30,0,20,0.666667,1.0,0.333333,1.0,0.5,0.0,0.666667,0.166667,0.833333,60,10,50,0.333334
0.5,0.2,,0.025,1,10,30,0,20,0.666667,1.0,0.333333,1.0,0.5,0.0,0.666667,0.166667,0.833333,60,10,50,0.333334
0.5,0.2,0.65,0.015,0,10,30,0,20,0.666667,1.0,0.333333,1.0,0.5,0.0,0.666667,0.166667,0.833333,60,10,50,0.333334
0.5,0.2,0.65,0.015,1,10,30,0,20,0.666667,1.0,0.333333,1.0,0.5,0.0,0.666667,0.166667,0.833333,60,10,50,0.333334
0.5,0.2,0.65,0.02,0,10,30,0,20,0.666667,1.0,0.333333,1.0,0.5,0.0,0.666667,0.166667,0.833333,60,10,50,0.333334
0.5,0.2,0.65,0.02,1,10,30,0,20,0.666667,1.0,0.333333,1.0,0.5,0.0,0.666667,0.166667,0.833333,60,10,50,0.333334
0.5,0.2,0.65,0.025,0,10,30,0,20,0.666667,1.0,0.333333,1.0,0.5,0.0,0.666667,0.166667,0.833333,60,10,50,0.333334
0.5,0.2,0.65,0.025,1,10,30,0,20,0.666667,1.0,0.333333,1.0,0.5,0.0,0.666667,0.166667,0.833333,60,10,50,0.333334
0.5,0.2,0.7,0.015,0,10,30,0,20,0.666667,1.0,0.333333,1.0,0.5,0.0,0.666667,0.166667,0.833333,60,10,50,0.333334
0.5,0.2,0.7,0.015,1,10,30,0,20,0.666667,1.0,0.333333,1.0,0.5,0.0,0.666667,0.166667,0.833333,60,10,50,0.333334
0.5,0.2,0.7,0.02,0,10,30,0,20,0.666667,1.0,0.333333,1.0,0.5,0.0,0.666667,0.166667,0.833333,60,10,50,0.333334
0.5,0.2,0.7,0.02,1,10,30,0,20,0.666667,1.0,0.333333,1.0,0.5,0.0,0.666667,0.166667,0.833333,60,10,50,0.333334
0.5,0.2,0.7,0.025,0,10,30,0,20,0.666667,1.0,0.333333,1.0,0.5,0.0,0.666667,0.166667,0.833333,60,10,50,0.333334
0.5,0.2,0.7,0.025,1,10,30,0,20,0.666667,1.0,0.333333,1.0,0.5,0.0,0.666667,0.166667,0.833333,60,10,50,0.333334
0.5,0.2,0.75,,0,10,30,0,20,0.666667,1.0,0.333333,1.0,0.5,0.0,0.666667,0.166667,0.833333,60,10,50,0.333334
0.5,0.2,0.75,,1,10,30,0,20,0.666667,1.0,0.333333,1.0,0.5,0.0,0.666667,0.166667,0.833333,60,10,50,0.333334
0.5,0.2,0.75,0.015,0,10,30,0,20,0.666667,1.0,0.333333,1.0,0.5,0.0,0.666667,0.166667,0.833333,60,10,50,0.333334
0.5,0.2,0.75,0.015,1,10,30,0,20,0.666667,1.0,0.333333,1.0,0.5,0.0,0.666667,0.166667,0.833333,60,10,50,0.333334
0.5,0.2,0.75,0.02,0,10,30,0,20,0.666667,1.0,0.333333,1.0,0.5,0.0,0.666667,0.166667,0.833333,60,10,50,0.333334
0.5,0.2,0.75,0.02,1,10,30,0,20,0.666667,1.0,0.333333,1.0,0.5,0.0,0.666667,0.166667,0.833333,60,10,50,0.333334
0.5,0.2,0.75,0.025,0,10,30,0,20,0.666667,1.0,0.333333,1.0,0.5,0.0,0.666667,0.166667,0.833333,60,10,50,0.333334
0.5,0.2,0.75,0.025,1,10,30,0,20,0.666667,1.0,0.333333,1.0,0.5,0.0,0.666667,0.166667,0.833333,60,10,50,0.333334
0.5,0.2,0.8,,0,10,30,0,20,0.666667,1.0,0.333333,1.0,0.5,0.0,0.666667,0.166667,0.833333,60,10,50,0.333334
0.5,0.2,0.8,,1,10,30,0,20,0.666667,1.0,0.333333,1.0,0.5,0.0,0.666667,0.166667,0.833333,60,10,50,0.333334
0.5,0.2,0.8,0.015,0,10,30,0,20,0.666667,1.0,0.333333,1.0,0.5,0.0,0.666667,0.166667,0.833333,60,10,50,0.333334
0.5,0.2,0.8,0.015,1,10,30,0,20,0.666667,1.0,0.333333,1.0,0.5,0.0,0.666667,0.166667,0.833333,60,10,50,0.333334
0.5,0.2,0.8,0.02,0,10,30,0,20,0.666667,1.0,0.333333,1.0,0.5,0.0,0.666667,0.166667,0.833333,60,10,50,0.333334
0.5,0.2,0.8,0.02,1,10,30,0,20,0.666667,1.0,0.333333,1.0,0.5,0.0,0.666667,0.166667,0.833333,60,10,50,0.333334
0.5,0.2,0.8,0.025,0,10,30,0,20,0.666667,1.0,0.333333,1.0,0.5,0.0,0.666667,0.166667,0.833333,60,10,50,0.333334
0.5,0.2,0.8,0.025,1,10,30,0,20,0.666667,1.0,0.333333,1.0,0.5,0.0,0.666667,0.166667,0.833333,60,10,50,0.333334
0.6,0.02,0.85,0.03,3,10,30,0,20,0.666667,1.0,0.333333,1.0,0.5,0.0,0.666667,0.166667,0.833333,60,10,50,0.333334
0.6,0.05,,0.03,2,10,30,0,20,0.666667,1.0,0.333333,1.0,0.5,0.0,0.666667,0.166667,0.833333,60,10,50,0.333334
0.6,0.05,0.65,0.03,2,10,30,0,20,0.666667,1.0,0.333333,1.0,0.5,0.0,0.666667,0.166667,0.833333,60,10,50,0.333334
0.6,0.05,0.7,0.03,2,10,30,0,20,0.666667,1.0,0.333333,1.0,0.5,0.0,0.666667,0.166667,0.833333,60,10,50,0.333334
0.6,0.05,0.75,0.03,2,10,30,0,20,0.666667,1.0,0.333333,1.0,0.5,0.0,0.666667,0.166667,0.833333,60,10,50,0.333334
0.6,0.05,0.8,0.03,2,10,30,0,20,0.666667,1.0,0.333333,1.0,0.5,0.0,0.666667,0.166667,0.833333,60,10,50,0.333334
0.6,0.05,0.85,,2,10,30,0,20,0.666667,1.0,0.333333,1.0,0.5,0.0,0.666667,0.166667,0.833333,60,10,50,0.333334
0.6,0.05,0.85,0.015,2,10,30,0,20,0.666667,1.0,0.333333,1.0,0.5,0.0,0.666667,0.166667,0.833333,60,10,50,0.333334
0.6,0.05,0.85,0.02,2,10,30,0,20,0.666667,1.0,0.333333,1.0,0.5,0.0,0.666667,0.166667,0.833333,60,10,50,0.333334
0.6,0.05,0.85,0.025,2,10,30,0,20,0.666667,1.0,0.333333,1.0,0.5,0.0,0.666667,0.166667,0.833333,60,10,50,0.333334
0.6,0.15,,0.03,0,10,30,0,20,0.666667,1.0,0.333333,1.0,0.5,0.0,0.666667,0.166667,0.833333,60,10,50,0.333334
0.6,0.15,,0.03,1,10,30,0,20,0.666667,1.0,0.333333,1.0,0.5,0.0,0.666667,0.166667,0.833333,60,10,50,0.333334
0.6,0.15,0.65,0.03,0,10,30,0,20,0.666667,1.0,0.333333,1.0,0.5,0.0,0.666667,0.166667,0.833333,60,10,50,0.333334
0.6,0.15,0.65,0.03,1,10,30,0,20,0.666667,1.0,0.333333,1.0,0.5,0.0,0.666667,0.166667,0.833333,60,10,50,0.333334
0.6,0.15,0.7,0.03,0,10,30,0,20,0.666667,1.0,0.333333,1.0,0.5,0.0,0.666667,0.166667,0.833333,60,10,50,0.333334
0.6,0.15,0.7,0.03,1,10,30,0,20,0.666667,1.0,0.333333,1.0,0.5,0.0,0.666667,0.166667,0.833333,60,10,50,0.333334
0.6,0.15,0.75,0.03,0,10,30,0,20,0.666667,1.0,0.333333,1.0,0.5,0.0,0.666667,0.166667,0.833333,60,10,50,0.333334
0.6,0.15,0.75,0.03,1,10,30,0,20,0.666667,1.0,0.333333,1.0,0.5,0.0,0.666667,0.166667,0.833333,60,10,50,0.333334
0.6,0.15,0.8,0.03,0,10,30,0,20,0.666667,1.0,0.333333,1.0,0.5,0.0,0.666667,0.166667,0.833333,60,10,50,0.333334
0.6,0.15,0.8,0.03,1,10,30,0,20,0.666667,1.0,0.333333,1.0,0.5,0.0,0.666667,0.166667,0.833333,60,10,50,0.333334
0.6,0.2,,0.015,0,10,30,0,20,0.666667,1.0,0.333333,1.0,0.5,0.0,0.666667,0.166667,0.833333,60,10,50,0.333334
0.6,0.2,,0.015,1,10,30,0,20,0.666667,1.0,0.333333,1.0,0.5,0.0,0.666667,0.166667,0.833333,60,10,50,0.333334
0.6,0.2,,0.02,0,10,30,0,20,0.666667,1.0,0.333333,1.0,0.5,0.0,0.666667,0.166667,0.833333,60,10,50,0.333334
0.6,0.2,,0.02,1,10,30,0,20,0.666667,1.0,0.333333,1.0,0.5,0.0,0.666667,0.166667,0.833333,60,10,50,0.333334
0.6,0.2,,0.025,0,10,30,0,20,0.666667,1.0,0.333333,1.0,0.5,0.0,0.666667,0.166667,0.833333,60,10,50,0.333334
0.6,0.2,,0.025,1,10,30,0,20,0.666667,1.0,0.333333,1.0,0.5,0.0,0.666667,0.166667,0.833333,60,10,50,0.333334
0.6,0.2,0.65,0.015,0,10,30,0,20,0.666667,1.0,0.333333,1.0,0.5,0.0,0.666667,0.166667,0.833333,60,10,50,0.333334
0.6,0.2,0.65,0.015,1,10,30,0,20,0.666667,1.0,0.333333,1.0,0.5,0.0,0.666667,0.166667,0.833333,60,10,50,0.333334
0.6,0.2,0.65,0.02,0,10,30,0,20,0.666667,1.0,0.333333,1.0,0.5,0.0,0.666667,0.166667,0.833333,60,10,50,0.333334
0.6,0.2,0.65,0.02,1,10,30,0,20,0.666667,1.0,0.333333,1.0,0.5,0.0,0.666667,0.166667,0.833333,60,10,50,0.333334
0.6,0.2,0.65,0.025,0,10,30,0,20,0.666667,1.0,0.333333,1.0,0.5,0.0,0.666667,0.166667,0.833333,60,10,50,0.333334
0.6,0.2,0.65,0.025,1,10,30,0,20,0.666667,1.0,0.333333,1.0,0.5,0.0,0.666667,0.166667,0.833333,60,10,50,0.333334
0.6,0.2,0.7,0.015,0,10,30,0,20,0.666667,1.0,0.333333,1.0,0.5,0.0,0.666667,0.166667,0.833333,60,10,50,0.333334
0.6,0.2,0.7,0.015,1,10,30,0,20,0.666667,1.0,0.333333,1.0,0.5,0.0,0.666667,0.166667,0.833333,60,10,50,0.333334
0.6,0.2,0.7,0.02,0,10,30,0,20,0.666667,1.0,0.333333,1.0,0.5,0.0,0.666667,0.166667,0.833333,60,10,50,0.333334
0.6,0.2,0.7,0.02,1,10,30,0,20,0.666667,1.0,0.333333,1.0,0.5,0.0,0.666667,0.166667,0.833333,60,10,50,0.333334
0.6,0.2,0.7,0.025,0,10,30,0,20,0.666667,1.0,0.333333,1.0,0.5,0.0,0.666667,0.166667,0.833333,60,10,50,0.333334
0.6,0.2,0.7,0.025,1,10,30,0,20,0.666667,1.0,0.333333,1.0,0.5,0.0,0.666667,0.166667,0.833333,60,10,50,0.333334
0.6,0.2,0.75,,0,10,30,0,20,0.666667,1.0,0.333333,1.0,0.5,0.0,0.666667,0.166667,0.833333,60,10,50,0.333334
0.6,0.2,0.75,,1,10,30,0,20,0.666667,1.0,0.333333,1.0,0.5,0.0,0.666667,0.166667,0.833333,60,10,50,0.333334
0.6,0.2,0.75,0.015,0,10,30,0,20,0.666667,1.0,0.333333,1.0,0.5,0.0,0.666667,0.166667,0.833333,60,10,50,0.333334
0.6,0.2,0.75,0.015,1,10,30,0,20,0.666667,1.0,0.333333,1.0,0.5,0.0,0.666667,0.166667,0.833333,60,10,50,0.333334
0.6,0.2,0.75,0.02,0,10,30,0,20,0.666667,1.0,0.333333,1.0,0.5,0.0,0.666667,0.166667,0.833333,60,10,50,0.333334
0.6,0.2,0.75,0.02,1,10,30,0,20,0.666667,1.0,0.333333,1.0,0.5,0.0,0.666667,0.166667,0.833333,60,10,50,0.333334
0.6,0.2,0.75,0.025,0,10,30,0,20,0.666667,1.0,0.333333,1.0,0.5,0.0,0.666667,0.166667,0.833333,60,10,50,0.333334
0.6,0.2,0.75,0.025,1,10,30,0,20,0.666667,1.0,0.333333,1.0,0.5,0.0,0.666667,0.166667,0.833333,60,10,50,0.333334
0.6,0.2,0.8,,0,10,30,0,20,0.666667,1.0,0.333333,1.0,0.5,0.0,0.666667,0.166667,0.833333,60,10,50,0.333334
0.6,0.2,0.8,,1,10,30,0,20,0.666667,1.0,0.333333,1.0,0.5,0.0,0.666667,0.166667,0.833333,60,10,50,0.333334
0.6,0.2,0.8,0.015,0,10,30,0,20,0.666667,1.0,0.333333,1.0,0.5,0.0,0.666667,0.166667,0.833333,60,10,50,0.333334
0.6,0.2,0.8,0.015,1,10,30,0,20,0.666667,1.0,0.333333,1.0,0.5,0.0,0.666667,0.166667,0.833333,60,10,50,0.333334
0.6,0.2,0.8,0.02,0,10,30,0,20,0.666667,1.0,0.333333,1.0,0.5,0.0,0.666667,0.166667,0.833333,60,10,50,0.333334
0.6,0.2,0.8,0.02,1,10,30,0,20,0.666667,1.0,0.333333,1.0,0.5,0.0,0.666667,0.166667,0.833333,60,10,50,0.333334
0.6,0.2,0.8,0.025,0,10,30,0,20,0.666667,1.0,0.333333,1.0,0.5,0.0,0.666667,0.166667,0.833333,60,10,50,0.333334
0.6,0.2,0.8,0.025,1,10,30,0,20,0.666667,1.0,0.333333,1.0,0.5,0.0,0.666667,0.166667,0.833333,60,10,50,0.333334
0.7,0.02,0.85,0.03,3,10,30,0,20,0.666667,1.0,0.333333,1.0,0.5,0.0,0.666667,0.166667,0.833333,60,10,50,0.333334
0.7,0.05,,0.03,2,10,30,0,20,0.666667,1.0,0.333333,1.0,0.5,0.0,0.666667,0.166667,0.833333,60,10,50,0.333334
0.7,0.05,0.65,0.03,2,10,30,0,20,0.666667,1.0,0.333333,1.0,0.5,0.0,0.666667,0.166667,0.833333,60,10,50,0.333334
0.7,0.05,0.7,0.03,2,10,30,0,20,0.666667,1.0,0.333333,1.0,0.5,0.0,0.666667,0.166667,0.833333,60,10,50,0.333334
0.7,0.05,0.75,0.03,2,10,30,0,20,0.666667,1.0,0.333333,1.0,0.5,0.0,0.666667,0.166667,0.833333,60,10,50,0.333334
0.7,0.05,0.8,0.03,2,10,30,0,20,0.666667,1.0,0.333333,1.0,0.5,0.0,0.666667,0.166667,0.833333,60,10,50,0.333334
0.7,0.05,0.85,,2,10,30,0,20,0.666667,1.0,0.333333,1.0,0.5,0.0,0.666667,0.166667,0.833333,60,10,50,0.333334
0.7,0.05,0.85,0.015,2,10,30,0,20,0.666667,1.0,0.333333,1.0,0.5,0.0,0.666667,0.166667,0.833333,60,10,50,0.333334
0.7,0.05,0.85,0.02,2,10,30,0,20,0.666667,1.0,0.333333,1.0,0.5,0.0,0.666667,0.166667,0.833333,60,10,50,0.333334
0.7,0.05,0.85,0.025,2,10,30,0,20,0.666667,1.0,0.333333,1.0,0.5,0.0,0.666667,0.166667,0.833333,60,10,50,0.333334
0.7,0.15,,0.03,0,10,30,0,20,0.666667,1.0,0.333333,1.0,0.5,0.0,0.666667,0.166667,0.833333,60,10,50,0.333334
0.7,0.15,,0.03,1,10,30,0,20,0.666667,1.0,0.333333,1.0,0.5,0.0,0.666667,0.166667,0.833333,60,10,50,0.333334
0.7,0.15,0.65,0.03,0,10,30,0,20,0.666667,1.0,0.333333,1.0,0.5,0.0,0.666667,0.166667,0.833333,60,10,50,0.333334
0.7,0.15,0.65,0.03,1,10,30,0,20,0.666667,1.0,0.333333,1.0,0.5,0.0,0.666667,0.166667,0.833333,60,10,50,0.333334
0.7,0.15,0.7,0.03,0,10,30,0,20,0.666667,1.0,0.333333,1.0,0.5,0.0,0.666667,0.166667,0.833333,60,10,50,0.333334
0.7,0.15,0.7,0.03,1,10,30,0,20,0.666667,1.0,0.333333,1.0,0.5,0.0,0.666667,0.166667,0.833333,60,10,50,0.333334
0.7,0.15,0.75,0.03,0,10,30,0,20,0.666667,1.0,0.333333,1.0,0.5,0.0,0.666667,0.166667,0.833333,60,10,50,0.333334
0.7,0.15,0.75,0.03,1,10,30,0,20,0.666667,1.0,0.333333,1.0,0.5,0.0,0.666667,0.166667,0.833333,60,10,50,0.333334
0.7,0.15,0.8,0.03,0,10,30,0,20,0.666667,1.0,0.333333,1.0,0.5,0.0,0.666667,0.166667,0.833333,60,10,50,0.333334
0.7,0.15,0.8,0.03,1,10,30,0,20,0.666667,1.0,0.333333,1.0,0.5,0.0,0.666667,0.166667,0.833333,60,10,50,0.333334
0.7,0.2,,0.015,0,10,30,0,20,0.666667,1.0,0.333333,1.0,0.5,0.0,0.666667,0.166667,0.833333,60,10,50,0.333334
0.7,0.2,,0.015,1,10,30,0,20,0.666667,1.0,0.333333,1.0,0.5,0.0,0.666667,0.166667,0.833333,60,10,50,0.333334
0.7,0.2,,0.02,0,10,30,0,20,0.666667,1.0,0.333333,1.0,0.5,0.0,0.666667,0.166667,0.833333,60,10,50,0.333334
0.7,0.2,,0.02,1,10,30,0,20,0.666667,1.0,0.333333,1.0,0.5,0.0,0.666667,0.166667,0.833333,60,10,50,0.333334
0.7,0.2,,0.025,0,10,30,0,20,0.666667,1.0,0.333333,1.0,0.5,0.0,0.666667,0.166667,0.833333,60,10,50,0.333334
0.7,0.2,,0.025,1,10,30,0,20,0.666667,1.0,0.333333,1.0,0.5,0.0,0.666667,0.166667,0.833333,60,10,50,0.333334
0.7,0.2,0.65,0.015,0,10,30,0,20,0.666667,1.0,0.333333,1.0,0.5,0.0,0.666667,0.166667,0.833333,60,10,50,0.333334
0.7,0.2,0.65,0.015,1,10,30,0,20,0.666667,1.0,0.333333,1.0,0.5,0.0,0.666667,0.166667,0.833333,60,10,50,0.333334
0.7,0.2,0.65,0.02,0,10,30,0,20,0.666667,1.0,0.333333,1.0,0.5,0.0,0.666667,0.166667,0.833333,60,10,50,0.333334
0.7,0.2,0.65,0.02,1,10,30,0,20,0.666667,1.0,0.333333,1.0,0.5,0.0,0.666667,0.166667,0.833333,60,10,50,0.333334
0.7,0.2,0.65,0.025,0,10,30,0,20,0.666667,1.0,0.333333,1.0,0.5,0.0,0.666667,0.166667,0.833333,60,10,50,0.333334
0.7,0.2,0.65,0.025,1,10,30,0,20,0.666667,1.0,0.333333,1.0,0.5,0.0,0.666667,0.166667,0.833333,60,10,50,0.333334
0.7,0.2,0.7,0.015,0,10,30,0,20,0.666667,1.0,0.333333,1.0,0.5,0.0,0.666667,0.166667,0.833333,60,10,50,0.333334
0.7,0.2,0.7,0.015,1,10,30,0,20,0.666667,1.0,0.333333,1.0,0.5,0.0,0.666667,0.166667,0.833333,60,10,50,0.333334
0.7,0.2,0.7,0.02,0,10,30,0,20,0.666667,1.0,0.333333,1.0,0.5,0.0,0.666667,0.166667,0.833333,60,10,50,0.333334
0.7,0.2,0.7,0.02,1,10,30,0,20,0.666667,1.0,0.333333,1.0,0.5,0.0,0.666667,0.166667,0.833333,60,10,50,0.333334
0.7,0.2,0.7,0.025,0,10,30,0,20,0.666667,1.0,0.333333,1.0,0.5,0.0,0.666667,0.166667,0.833333,60,10,50,0.333334
0.7,0.2,0.7,0.025,1,10,30,0,20,0.666667,1.0,0.333333,1.0,0.5,0.0,0.666667,0.166667,0.833333,60,10,50,0.333334
0.7,0.2,0.75,,0,10,30,0,20,0.666667,1.0,0.333333,1.0,0.5,0.0,0.666667,0.166667,0.833333,60,10,50,0.333334
0.7,0.2,0.75,,1,10,30,0,20,0.666667,1.0,0.333333,1.0,0.5,0.0,0.666667,0.166667,0.833333,60,10,50,0.333334
0.7,0.2,0.75,0.015,0,10,30,0,20,0.666667,1.0,0.333333,1.0,0.5,0.0,0.666667,0.166667,0.833333,60,10,50,0.333334
0.7,0.2,0.75,0.015,1,10,30,0,20,0.666667,1.0,0.333333,1.0,0.5,0.0,0.666667,0.166667,0.833333,60,10,50,0.333334
0.7,0.2,0.75,0.02,0,10,30,0,20,0.666667,1.0,0.333333,1.0,0.5,0.0,0.666667,0.166667,0.833333,60,10,50,0.333334
0.7,0.2,0.75,0.02,1,10,30,0,20,0.666667,1.0,0.333333,1.0,0.5,0.0,0.666667,0.166667,0.833333,60,10,50,0.333334
0.7,0.2,0.75,0.025,0,10,30,0,20,0.666667,1.0,0.333333,1.0,0.5,0.0,0.666667,0.166667,0.833333,60,10,50,0.333334
0.7,0.2,0.75,0.025,1,10,30,0,20,0.666667,1.0,0.333333,1.0,0.5,0.0,0.666667,0.166667,0.833333,60,10,50,0.333334
0.7,0.2,0.8,,0,10,30,0,20,0.666667,1.0,0.333333,1.0,0.5,0.0,0.666667,0.166667,0.833333,60,10,50,0.333334
0.7,0.2,0.8,,1,10,30,0,20,0.666667,1.0,0.333333,1.0,0.5,0.0,0.666667,0.166667,0.833333,60,10,50,0.333334
0.7,0.2,0.8,0.015,0,10,30,0,20,0.666667,1.0,0.333333,1.0,0.5,0.0,0.666667,0.166667,0.833333,60,10,50,0.333334
0.7,0.2,0.8,0.015,1,10,30,0,20,0.666667,1.0,0.333333,1.0,0.5,0.0,0.666667,0.166667,0.833333,60,10,50,0.333334
0.7,0.2,0.8,0.02,0,10,30,0,20,0.666667,1.0,0.333333,1.0,0.5,0.0,0.666667,0.166667,0.833333,60,10,50,0.333334
0.7,0.2,0.8,0.02,1,10,30,0,20,0.666667,1.0,0.333333,1.0,0.5,0.0,0.666667,0.166667,0.833333,60,10,50,0.333334
0.7,0.2,0.8,0.025,0,10,30,0,20,0.666667,1.0,0.333333,1.0,0.5,0.0,0.666667,0.166667,0.833333,60,10,50,0.333334
0.7,0.2,0.8,0.025,1,10,30,0,20,0.666667,1.0,0.333333,1.0,0.5,0.0,0.666667,0.166667,0.833333,60,10,50,0.333334
0.75,0.02,0.85,0.03,3,10,30,0,20,0.666667,1.0,0.333333,1.0,0.5,0.0,0.666667,0.166667,0.833333,60,10,50,0.333334
0.75,0.05,,,3,10,30,0,20,0.666667,1.0,0.333333,1.0,0.5,0.0,0.666667,0.166667,0.833333,60,10,50,0.333334
0.75,0.05,,0.015,3,10,30,0,20,0.666667,1.0,0.333333,1.0,0.5,0.0,0.666667,0.166667,0.833333,60,10,50,0.333334
0.75,0.05,,0.02,3,10,30,0,20,0.666667,1.0,0.333333,1.0,0.5,0.0,0.666667,0.166667,0.833333,60,10,50,0.333334
0.75,0.05,,0.025,3,10,30,0,20,0.666667,1.0,0.333333,1.0,0.5,0.0,0.666667,0.166667,0.833333,60,10,50,0.333334
0.75,0.05,,0.03,2,10,30,0,20,0.666667,1.0,0.333333,1.0,0.5,0.0,0.666667,0.166667,0.833333,60,10,50,0.333334
0.75,0.05,0.65,,3,10,30,0,20,0.666667,1.0,0.333333,1.0,0.5,0.0,0.666667,0.166667,0.833333,60,10,50,0.333334
0.75,0.05,0.65,0.015,3,10,30,0,20,0.666667,1.0,0.333333,1.0,0.5,0.0,0.666667,0.166667,0.833333,60,10,50,0.333334
0.75,0.05,0.65,0.02,3,10,30,0,20,0.666667,1.0,0.333333,1.0,0.5,0.0,0.666667,0.166667,0.833333,60,10,50,0.333334
0.75,0.05,0.65,0.025,3,10,30,0,20,0.666667,1.0,0.333333,1.0,0.5,0.0,0.666667,0.166667,0.833333,60,10,50,0.333334
0.75,0.05,0.65,0.03,2,10,30,0,20,0.666667,1.0,0.333333,1.0,0.5,0.0,0.666667,0.166667,0.833333,60,10,50,0.333334
0.75,0.05,0.7,,3,10,30,0,20,0.666667,1.0,0.333333,1.0,0.5,0.0,0.666667,0.166667,0.833333,60,10,50,0.333334
0.75,0.05,0.7,0.015,3,10,30,0,20,0.666667,1.0,0.333333,1.0,0.5,0.0,0.666667,0.166667,0.833333,60,10,50,0.333334
0.75,0.05,0.7,0.02,3,10,30,0,20,0.666667,1.0,0.333333,1.0,0.5,0.0,0.666667,0.166667,0.833333,60,10,50,0.333334
0.75,0.05,0.7,0.025,3,10,30,0,20,0.666667,1.0,0.333333,1.0,0.5,0.0,0.666667,0.166667,0.833333,60,10,50,0.333334
0.75,0.05,0.7,0.03,2,10,30,0,20,0.666667,1.0,0.333333,1.0,0.5,0.0,0.666667,0.166667,0.833333,60,10,50,0.333334
0.75,0.05,0.75,,3,10,30,0,20,0.666667,1.0,0.333333,1.0,0.5,0.0,0.666667,0.166667,0.833333,60,10,50,0.333334
0.75,0.05,0.75,0.015,3,10,30,0,20,0.666667,1.0,0.333333,1.0,0.5,0.0,0.666667,0.166667,0.833333,60,10,50,0.333334
0.75,0.05,0.75,0.02,3,10,30,0,20,0.666667,1.0,0.333333,1.0,0.5,0.0,0.666667,0.166667,0.833333,60,10,50,0.333334
0.75,0.05,0.75,0.025,3,10,30,0,20,0.666667,1.0,0.333333,1.0,0.5,0.0,0.666667,0.166667,0.833333,60,10,50,0.333334
0.75,0.05,0.75,0.03,2,10,30,0,20,0.666667,1.0,0.333333,1.0,0.5,0.0,0.666667,0.166667,0.833333,60,10,50,0.333334
0.75,0.05,0.8,,3,10,30,0,20,0.666667,1.0,0.333333,1.0,0.5,0.0,0.666667,0.166667,0.833333,60,10,50,0.333334
0.75,0.05,0.8,0.015,3,10,30,0,20,0.666667,1.0,0.333333,1.0,0.5,0.0,0.666667,0.166667,0.833333,60,10,50,0.333334
0.75,0.05,0.8,0.02,3,10,30,0,20,0.666667,1.0,0.333333,1.0,0.5,0.0,0.666667,0.166667,0.833333,60,10,50,0.333334
0.75,0.05,0.8,0.025,3,10,30,0,20,0.666667,1.0,0.333333,1.0,0.5,0.0,0.666667,0.166667,0.833333,60,10,50,0.333334
0.75,0.05,0.8,0.03,2,10,30,0,20,0.666667,1.0,0.333333,1.0,0.5,0.0,0.666667,0.166667,0.833333,60,10,50,0.333334
0.75,0.05,0.85,,2,10,30,0,20,0.666667,1.0,0.333333,1.0,0.5,0.0,0.666667,0.166667,0.833333,60,10,50,0.333334
0.75,0.05,0.85,0.015,2,10,30,0,20,0.666667,1.0,0.333333,1.0,0.5,0.0,0.666667,0.166667,0.833333,60,10,50,0.333334
0.75,0.05,0.85,0.02,2,10,30,0,20,0.666667,1.0,0.333333,1.0,0.5,0.0,0.666667,0.166667,0.833333,60,10,50,0.333334
0.75,0.05,0.85,0.025,2,10,30,0,20,0.666667,1.0,0.333333,1.0,0.5,0.0,0.666667,0.166667,0.833333,60,10,50,0.333334
0.75,0.15,,0.03,0,10,30,0,20,0.666667,1.0,0.333333,1.0,0.5,0.0,0.666667,0.166667,0.833333,60,10,50,0.333334
0.75,0.15,,0.03,1,10,30,0,20,0.666667,1.0,0.333333,1.0,0.5,0.0,0.666667,0.166667,0.833333,60,10,50,0.333334
0.75,0.15,0.65,0.03,0,10,30,0,20,0.666667,1.0,0.333333,1.0,0.5,0.0,0.666667,0.166667,0.833333,60,10,50,0.333334
0.75,0.15,0.65,0.03,1,10,30,0,20,0.666667,1.0,0.333333,1.0,0.5,0.0,0.666667,0.166667,0.833333,60,10,50,0.333334
0.75,0.15,0.7,0.03,0,10,30,0,20,0.666667,1.0,0.333333,1.0,0.5,0.0,0.666667,0.166667,0.833333,60,10,50,0.333334
0.75,0.15,0.7,0.03,1,10,30,0,20,0.666667,1.0,0.333333,1.0,0.5,0.0,0.666667,0.166667,0.833333,60,10,50,0.333334
0.75,0.15,0.75,0.03,0,10,30,0,20,0.666667,1.0,0.333333,1.0,0.5,0.0,0.666667,0.166667,0.833333,60,10,50,0.333334
0.75,0.15,0.75,0.03,1,10,30,0,20,0.666667,1.0,0.333333,1.0,0.5,0.0,0.666667,0.166667,0.833333,60,10,50,0.333334
0.75,0.15,0.8,0.03,0,10,30,0,20,0.666667,1.0,0.333333,1.0,0.5,0.0,0.666667,0.166667,0.833333,60,10,50,0.333334
0.75,0.15,0.8,0.03,1,10,30,0,20,0.666667,1.0,0.333333,1.0,0.5,0.0,0.666667,0.166667,0.833333,60,10,50,0.333334
0.8,0.02,0.85,,3,10,30,0,20,0.666667,1.0,0.333333,1.0,0.5,0.0,0.666667,0.166667,0.833333,60,10,50,0.333334
0.8,0.02,0.85,0.015,3,10,30,0,20,0.666667,1.0,0.333333,1.0,0.5,0.0,0.666667,0.166667,0.833333,60,10,50,0.333334
0.8,0.02,0.85,0.02,3,10,30,0,20,0.666667,1.0,0.333333,1.0,0.5,0.0,0.666667,0.166667,0.833333,60,10,50,0.333334
0.8,0.02,0.85,0.025,3,10,30,0,20,0.666667,1.0,0.333333,1.0,0.5,0.0,0.666667,0.166667,0.833333,60,10,50,0.333334
0.8,0.02,0.85,0.03,3,10,30,0,20,0.666667,1.0,0.333333,1.0,0.5,0.0,0.666667,0.166667,0.833333,60,10,50,0.333334
0.8,0.05,,0.03,2,10,30,0,20,0.666667,1.0,0.333333,1.0,0.5,0.0,0.666667,0.166667,0.833333,60,10,50,0.333334
0.8,0.05,0.65,0.03,2,10,30,0,20,0.666667,1.0,0.333333,1.0,0.5,0.0,0.666667,0.166667,0.833333,60,10,50,0.333334
0.8,0.05,0.7,0.03,2,10,30,0,20,0.666667,1.0,0.333333,1.0,0.5,0.0,0.666667,0.166667,0.833333,60,10,50,0.333334
0.8,0.05,0.75,0.03,2,10,30,0,20,0.666667,1.0,0.333333,1.0,0.5,0.0,0.666667,0.166667,0.833333,60,10,50,0.333334
0.8,0.05,0.8,0.03,2,10,30,0,20,0.666667,1.0,0.333333,1.0,0.5,0.0,0.666667,0.166667,0.833333,60,10,50,0.333334
0.8,0.15,,0.015,0,10,30,0,20,0.666667,1.0,0.333333,1.0,0.5,0.0,0.666667,0.166667,0.833333,60,10,50,0.333334
0.8,0.15,,0.015,1,10,30,0,20,0.666667,1.0,0.333333,1.0,0.5,0.0,0.666667,0.166667,0.833333,60,10,50,0.333334
0.8,0.15,,0.02,0,10,30,0,20,0.666667,1.0,0.333333,1.0,0.5,0.0,0.666667,0.166667,0.833333,60,10,50,0.333334
0.8,0.15,,0.02,1,10,30,0,20,0.666667,1.0,0.333333,1.0,0.5,0.0,0.666667,0.166667,0.833333,60,10,50,0.333334
0.8,0.15,,0.025,0,10,30,0,20,0.666667,1.0,0.333333,1.0,0.5,0.0,0.666667,0.166667,0.833333,60,10,50,0.333334
0.8,0.15,,0.025,1,10,30,0,20,0.666667,1.0,0.333333,1.0,0.5,0.0,0.666667,0.166667,0.833333,60,10,50,0.333334
0.8,0.15,,0.03,0,10,30,0,20,0.666667,1.0,0.333333,1.0,0.5,0.0,0.666667,0.166667,0.833333,60,10,50,0.333334
0.8,0.15,,0.03,1,10,30,0,20,0.666667,1.0,0.333333,1.0,0.5,0.0,0.666667,0.166667,0.833333,60,10,50,0.333334
0.8,0.15,0.65,0.015,0,10,30,0,20,0.666667,1.0,0.333333,1.0,0.5,0.0,0.666667,0.166667,0.833333,60,10,50,0.333334
0.8,0.15,0.65,0.015,1,10,30,0,20,0.666667,1.0,0.333333,1.0,0.5,0.0,0.666667,0.166667,0.833333,60,10,50,0.333334
0.8,0.15,0.65,0.02,0,10,30,0,20,0.666667,1.0,0.333333,1.0,0.5,0.0,0.666667,0.166667,0.833333,60,10,50,0.333334
0.8,0.15,0.65,0.02,1,10,30,0,20,0.666667,1.0,0.333333,1.0,0.5,0.0,0.666667,0.166667,0.833333,60,10,50,0.333334
0.8,0.15,0.65,0.025,0,10,30,0,20,0.666667,1.0,0.333333,1.0,0.5,0.0,0.666667,0.166667,0.833333,60,10,50,0.333334
0.8,0.15,0.65,0.025,1,10,30,0,20,0.666667,1.0,0.333333,1.0,0.5,0.0,0.666667,0.166667,0.833333,60,10,50,0.333334
0.8,0.15,0.65,0.03,0,10,30,0,20,0.666667,1.0,0.333333,1.0,0.5,0.0,0.666667,0.166667,0.833333,60,10,50,0.333334
0.8,0.15,0.65,0.03,1,10,30,0,20,0.666667,1.0,0.333333,1.0,0.5,0.0,0.666667,0.166667,0.833333,60,10,50,0.333334
0.8,0.15,0.7,0.015,0,10,30,0,20,0.666667,1.0,0.333333,1.0,0.5,0.0,0.666667,0.166667,0.833333,60,10,50,0.333334
0.8,0.15,0.7,0.015,1,10,30,0,20,0.666667,1.0,0.333333,1.0,0.5,0.0,0.666667,0.166667,0.833333,60,10,50,0.333334
0.8,0.15,0.7,0.02,0,10,30,0,20,0.666667,1.0,0.333333,1.0,0.5,0.0,0.666667,0.166667,0.833333,60,10,50,0.333334
0.8,0.15,0.7,0.02,1,10,30,0,20,0.666667,1.0,0.333333,1.0,0.5,0.0,0.666667,0.166667,0.833333,60,10,50,0.333334
0.8,0.15,0.7,0.025,0,10,30,0,20,0.666667,1.0,0.333333,1.0,0.5,0.0,0.666667,0.166667,0.833333,60,10,50,0.333334
0.8,0.15,0.7,0.025,1,10,30,0,20,0.666667,1.0,0.333333,1.0,0.5,0.0,0.666667,0.166667,0.833333,60,10,50,0.333334
0.8,0.15,0.7,0.03,0,10,30,0,20,0.666667,1.0,0.333333,1.0,0.5,0.0,0.666667,0.166667,0.833333,60,10,50,0.333334
0.8,0.15,0.7,0.03,1,10,30,0,20,0.666667,1.0,0.333333,1.0,0.5,0.0,0.666667,0.166667,0.833333,60,10,50,0.333334
0.8,0.15,0.75,,0,10,30,0,20,0.666667,1.0,0.333333,1.0,0.5,0.0,0.666667,0.166667,0.833333,60,10,50,0.333334
0.8,0.15,0.75,,1,10,30,0,20,0.666667,1.0,0.333333,1.0,0.5,0.0,0.666667,0.166667,0.833333,60,10,50,0.333334
0.8,0.15,0.75,0.015,0,10,30,0,20,0.666667,1.0,0.333333,1.0,0.5,0.0,0.666667,0.166667,0.833333,60,10,50,0.333334
0.8,0.15,0.75,0.015,1,10,30,0,20,0.666667,1.0,0.333333,1.0,0.5,0.0,0.666667,0.166667,0.833333,60,10,50,0.333334
0.8,0.15,0.75,0.02,0,10,30,0,20,0.666667,1.0,0.333333,1.0,0.5,0.0,0.666667,0.166667,0.833333,60,10,50,0.333334
0.8,0.15,0.75,0.02,1,10,30,0,20,0.666667,1.0,0.333333,1.0,0.5,0.0,0.666667,0.166667,0.833333,60,10,50,0.333334
0.8,0.15,0.75,0.025,0,10,30,0,20,0.666667,1.0,0.333333,1.0,0.5,0.0,0.666667,0.166667,0.833333,60,10,50,0.333334
0.8,0.15,0.75,0.025,1,10,30,0,20,0.666667,1.0,0.333333,1.0,0.5,0.0,0.666667,0.166667,0.833333,60,10,50,0.333334
0.8,0.15,0.75,0.03,0,10,30,0,20,0.666667,1.0,0.333333,1.0,0.5,0.0,0.666667,0.166667,0.833333,60,10,50,0.333334
0.8,0.15,0.75,0.03,1,10,30,0,20,0.666667,1.0,0.333333,1.0,0.5,0.0,0.666667,0.166667,0.833333,60,10,50,0.333334
0.8,0.15,0.8,,0,10,30,0,20,0.666667,1.0,0.333333,1.0,0.5,0.0,0.666667,0.166667,0.833333,60,10,50,0.333334
0.8,0.15,0.8,,1,10,30,0,20,0.666667,1.0,0.333333,1.0,0.5,0.0,0.666667,0.166667,0.833333,60,10,50,0.333334
0.8,0.15,0.8,0.015,0,10,30,0,20,0.666667,1.0,0.333333,1.0,0.5,0.0,0.666667,0.166667,0.833333,60,10,50,0.333334
0.8,0.15,0.8,0.015,1,10,30,0,20,0.666667,1.0,0.333333,1.0,0.5,0.0,0.666667,0.166667,0.833333,60,10,50,0.333334
0.8,0.15,0.8,0.02,0,10,30,0,20,0.666667,1.0,0.333333,1.0,0.5,0.0,0.666667,0.166667,0.833333,60,10,50,0.333334
0.8,0.15,0.8,0.02,1,10,30,0,20,0.666667,1.0,0.333333,1.0,0.5,0.0,0.666667,0.166667,0.833333,60,10,50,0.333334
0.8,0.15,0.8,0.025,0,10,30,0,20,0.666667,1.0,0.333333,1.0,0.5,0.0,0.666667,0.166667,0.833333,60,10,50,0.333334
0.8,0.15,0.8,0.025,1,10,30,0,20,0.666667,1.0,0.333333,1.0,0.5,0.0,0.666667,0.166667,0.833333,60,10,50,0.333334
0.8,0.15,0.8,0.03,0,10,30,0,20,0.666667,1.0,0.333333,1.0,0.5,0.0,0.666667,0.166667,0.833333,60,10,50,0.333334
0.8,0.15,0.8,0.03,1,10,30,0,20,0.666667,1.0,0.333333,1.0,0.5,0.0,0.666667,0.166667,0.833333,60,10,50,0.333334
0.85,0.02,0.85,,3,10,30,0,20,0.666667,1.0,0.333333,1.0,0.5,0.0,0.666667,0.166667,0.833333,60,10,50,0.333334
0.85,0.02,0.85,0.015,3,10,30,0,20,0.666667,1.0,0.333333,1.0,0.5,0.0,0.666667,0.166667,0.833333,60,10,50,0.333334
0.85,0.02,0.85,0.02,3,10,30,0,20,0.666667,1.0,0.333333,1.0,0.5,0.0,0.666667,0.166667,0.833333,60,10,50,0.333334
0.85,0.02,0.85,0.025,3,10,30,0,20,0.666667,1.0,0.333333,1.0,0.5,0.0,0.666667,0.166667,0.833333,60,10,50,0.333334
0.85,0.02,0.85,0.03,3,10,30,0,20,0.666667,1.0,0.333333,1.0,0.5,0.0,0.666667,0.166667,0.833333,60,10,50,0.333334
0.85,0.05,,0.015,2,10,30,0,20,0.666667,1.0,0.333333,1.0,0.5,0.0,0.666667,0.166667,0.833333,60,10,50,0.333334
0.85,0.05,,0.02,2,10,30,0,20,0.666667,1.0,0.333333,1.0,0.5,0.0,0.666667,0.166667,0.833333,60,10,50,0.333334
0.85,0.05,,0.025,2,10,30,0,20,0.666667,1.0,0.333333,1.0,0.5,0.0,0.666667,0.166667,0.833333,60,10,50,0.333334
0.85,0.05,0.65,0.015,2,10,30,0,20,0.666667,1.0,0.333333,1.0,0.5,0.0,0.666667,0.166667,0.833333,60,10,50,0.333334
0.85,0.05,0.65,0.02,2,10,30,0,20,0.666667,1.0,0.333333,1.0,0.5,0.0,0.666667,0.166667,0.833333,60,10,50,0.333334
0.85,0.05,0.65,0.025,2,10,30,0,20,0.666667,1.0,0.333333,1.0,0.5,0.0,0.666667,0.166667,0.833333,60,10,50,0.333334
0.85,0.05,0.7,0.015,2,10,30,0,20,0.666667,1.0,0.333333,1.0,0.5,0.0,0.666667,0.166667,0.833333,60,10,50,0.333334
0.85,0.05,0.7,0.02,2,10,30,0,20,0.666667,1.0,0.333333,1.0,0.5,0.0,0.666667,0.166667,0.833333,60,10,50,0.333334
0.85,0.05,0.7,0.025,2,10,30,0,20,0.666667,1.0,0.333333,1.0,0.5,0.0,0.666667,0.166667,0.833333,60,10,50,0.333334
0.85,0.05,0.75,,2,10,30,0,20,0.666667,1.0,0.333333,1.0,0.5,0.0,0.666667,0.166667,0.833333,60,10,50,0.333334
0.85,0.05,0.75,0.015,2,10,30,0,20,0.666667,1.0,0.333333,1.0,0.5,0.0,0.666667,0.166667,0.833333,60,10,50,0.333334
0.85,0.05,0.75,0.02,2,10,30,0,20,0.666667,1.0,0.333333,1.0,0.5,0.0,0.666667,0.166667,0.833333,60,10,50,0.333334
0.85,0.05,0.75,0.025,2,10,30,0,20,0.666667,1.0,0.333333,1.0,0.5,0.0,0.666667,0.166667,0.833333,60,10,50,0.333334
0.85,0.05,0.8,,2,10,30,0,20,0.666667,1.0,0.333333,1.0,0.5,0.0,0.666667,0.166667,0.833333,60,10,50,0.333334
0.85,0.05,0.8,0.015,2,10,30,0,20,0.666667,1.0,0.333333,1.0,0.5,0.0,0.666667,0.166667,0.833333,60,10,50,0.333334
0.85,0.05,0.8,0.02,2,10,30,0,20,0.666667,1.0,0.333333,1.0,0.5,0.0,0.666667,0.166667,0.833333,60,10,50,0.333334
0.85,0.05,0.8,0.025,2,10,30,0,20,0.666667,1.0,0.333333,1.0,0.5,0.0,0.666667,0.166667,0.833333,60,10,50,0.333334
0.85,0.1,,0.015,0,10,30,0,20,0.666667,1.0,0.333333,1.0,0.5,0.0,0.666667,0.166667,0.833333,60,10,50,0.333334
0.85,0.1,,0.015,1,10,30,0,20,0.666667,1.0,0.333333,1.0,0.5,0.0,0.666667,0.166667,0.833333,60,10,50,0.333334
0.85,0.1,,0.02,0,10,30,0,20,0.666667,1.0,0.333333,1.0,0.5,0.0,0.666667,0.166667,0.833333,60,10,50,0.333334
0.85,0.1,,0.02,1,10,30,0,20,0.666667,1.0,0.333333,1.0,0.5,0.0,0.666667,0.166667,0.833333,60,10,50,0.333334
0.85,0.1,,0.025,0,10,30,0,20,0.666667,1.0,0.333333,1.0,0.5,0.0,0.666667,0.166667,0.833333,60,10,50,0.333334
0.85,0.1,,0.025,1,10,30,0,20,0.666667,1.0,0.333333,1.0,0.5,0.0,0.666667,0.166667,0.833333,60,10,50,0.333334
0.85,0.1,,0.03,0,10,30,0,20,0.666667,1.0,0.333333,1.0,0.5,0.0,0.666667,0.166667,0.833333,60,10,50,0.333334
0.85,0.1,,0.03,1,10,30,0,20,0.666667,1.0,0.333333,1.0,0.5,0.0,0.666667,0.166667,0.833333,60,10,50,0.333334
0.85,0.1,0.65,0.015,0,10,30,0,20,0.666667,1.0,0.333333,1.0,0.5,0.0,0.666667,0.166667,0.833333,60,10,50,0.333334
0.85,0.1,0.65,0.015,1,10,30,0,20,0.666667,1.0,0.333333,1.0,0.5,0.0,0.666667,0.166667,0.833333,60,10,50,0.333334
0.85,0.1,0.65,0.02,0,10,30,0,20,0.666667,1.0,0.333333,1.0,0.5,0.0,0.666667,0.166667,0.833333,60,10,50,0.333334
0.85,0.1,0.65,0.02,1,10,30,0,20,0.666667,1.0,0.333333,1.0,0.5,0.0,0.666667,0.166667,0.833333,60,10,50,0.333334
0.85,0.1,0.65,0.025,0,10,30,0,20,0.666667,1.0,0.333333,1.0,0.5,0.0,0.666667,0.166667,0.833333,60,10,50,0.333334
0.85,0.1,0.65,0.025,1,10,30,0,20,0.666667,1.0,0.333333,1.0,0.5,0.0,0.666667,0.166667,0.833333,60,10,50,0.333334
0.85,0.1,0.65,0.03,0,10,30,0,20,0.666667,1.0,0.333333,1.0,0.5,0.0,0.666667,0.166667,0.833333,60,10,50,0.333334
0.85,0.1,0.65,0.03,1,10,30,0,20,0.666667,1.0,0.333333,1.0,0.5,0.0,0.666667,0.166667,0.833333,60,10,50,0.333334
0.85,0.1,0.7,0.015,0,10,30,0,20,0.666667,1.0,0.333333,1.0,0.5,0.0,0.666667,0.166667,0.833333,60,10,50,0.333334
0.85,0.1,0.7,0.015,1,10,30,0,20,0.666667,1.0,0.333333,1.0,0.5,0.0,0.666667,0.166667,0.833333,60,10,50,0.333334
0.85,0.1,0.7,0.02,0,10,30,0,20,0.666667,1.0,0.333333,1.0,0.5,0.0,0.666667,0.166667,0.833333,60,10,50,0.333334
0.85,0.1,0.7,0.02,1,10,30,0,20,0.666667,1.0,0.333333,1.0,0.5,0.0,0.666667,0.166667,0.833333,60,10,50,0.333334
0.85,0.1,0.7,0.025,0,10,30,0,20,0.666667,1.0,0.333333,1.0,0.5,0.0,0.666667,0.166667,0.833333,60,10,50,0.333334
0.85,0.1,0.7,0.025,1,10,30,0,20,0.666667,1.0,0.333333,1.0,0.5,0.0,0.666667,0.166667,0.833333,60,10,50,0.333334
0.85,0.1,0.7,0.03,0,10,30,0,20,0.666667,1.0,0.333333,1.0,0.5,0.0,0.666667,0.166667,0.833333,60,10,50,0.333334
0.85,0.1,0.7,0.03,1,10,30,0,20,0.666667,1.0,0.333333,1.0,0.5,0.0,0.666667,0.166667,0.833333,60,10,50,0.333334
0.85,0.1,0.75,,0,10,30,0,20,0.666667,1.0,0.333333,1.0,0.5,0.0,0.666667,0.166667,0.833333,60,10,50,0.333334
0.85,0.1,0.75,,1,10,30,0,20,0.666667,1.0,0.333333,1.0,0.5,0.0,0.666667,0.166667,0.833333,60,10,50,0.333334
0.85,0.1,0.75,0.015,0,10,30,0,20,0.666667,1.0,0.333333,1.0,0.5,0.0,0.666667,0.166667,0.833333,60,10,50,0.333334
0.85,0.1,0.75,0.015,1,10,30,0,20,0.666667,1.0,0.333333,1.0,0.5,0.0,0.666667,0.166667,0.833333,60,10,50,0.333334
0.85,0.1,0.75,0.02,0,10,30,0,20,0.666667,1.0,0.333333,1.0,0.5,0.0,0.666667,0.166667,0.833333,60,10,50,0.333334
0.85,0.1,0.75,0.02,1,10,30,0,20,0.666667,1.0,0.333333,1.0,0.5,0.0,0.666667,0.166667,0.833333,60,10,50,0.333334
0.85,0.1,0.75,0.025,0,10,30,0,20,0.666667,1.0,0.333333,1.0,0.5,0.0,0.666667,0.166667,0.833333,60,10,50,0.333334
0.85,0.1,0.75,0.025,1,10,30,0,20,0.666667,1.0,0.333333,1.0,0.5,0.0,0.666667,0.166667,0.833333,60,10,50,0.333334
0.85,0.1,0.75,0.03,0,10,30,0,20,0.666667,1.0,0.333333,1.0,0.5,0.0,0.666667,0.166667,0.833333,60,10,50,0.333334
0.85,0.1,0.75,0.03,1,10,30,0,20,0.666667,1.0,0.333333,1.0,0.5,0.0,0.666667,0.166667,0.833333,60,10,50,0.333334
0.85,0.1,0.8,,0,10,30,0,20,0.666667,1.0,0.333333,1.0,0.5,0.0,0.666667,0.166667,0.833333,60,10,50,0.333334
0.85,0.1,0.8,,1,10,30,0,20,0.666667,1.0,0.333333,1.0,0.5,0.0,0.666667,0.166667,0.833333,60,10,50,0.333334
0.85,0.1,0.8,0.015,0,10,30,0,20,0.666667,1.0,0.333333,1.0,0.5,0.0,0.666667,0.166667,0.833333,60,10,50,0.333334
0.85,0.1,0.8,0.015,1,10,30,0,20,0.666667,1.0,0.333333,1.0,0.5,0.0,0.666667,0.166667,0.833333,60,10,50,0.333334
0.85,0.1,0.8,0.02,0,10,30,0,20,0.666667,1.0,0.333333,1.0,0.5,0.0,0.666667,0.166667,0.833333,60,10,50,0.333334
0.85,0.1,0.8,0.02,1,10,30,0,20,0.666667,1.0,0.333333,1.0,0.5,0.0,0.666667,0.166667,0.833333,60,10,50,0.333334
0.85,0.1,0.8,0.025,0,10,30,0,20,0.666667,1.0,0.333333,1.0,0.5,0.0,0.666667,0.166667,0.833333,60,10,50,0.333334
0.85,0.1,0.8,0.025,1,10,30,0,20,0.666667,1.0,0.333333,1.0,0.5,0.0,0.666667,0.166667,0.833333,60,10,50,0.333334
0.85,0.1,0.8,0.03,0,10,30,0,20,0.666667,1.0,0.333333,1.0,0.5,0.0,0.666667,0.166667,0.833333,60,10,50,0.333334
0.85,0.1,0.8,0.03,1,10,30,0,20,0.666667,1.0,0.333333,1.0,0.5,0.0,0.666667,0.166667,0.833333,60,10,50,0.333334
0.9,0.02,0.85,,3,10,30,0,20,0.666667,1.0,0.333333,1.0,0.5,0.0,0.666667,0.166667,0.833333,60,10,50,0.333334
0.9,0.02,0.85,0.015,3,10,30,0,20,0.666667,1.0,0.333333,1.0,0.5,0.0,0.666667,0.166667,0.833333,60,10,50,0.333334
0.9,0.02,0.85,0.02,3,10,30,0,20,0.666667,1.0,0.333333,1.0,0.5,0.0,0.666667,0.166667,0.833333,60,10,50,0.333334
0.9,0.02,0.85,0.025,3,10,30,0,20,0.666667,1.0,0.333333,1.0,0.5,0.0,0.666667,0.166667,0.833333,60,10,50,0.333334
0.9,0.02,0.85,0.03,3,10,30,0,20,0.666667,1.0,0.333333,1.0,0.5,0.0,0.666667,0.166667,0.833333,60,10,50,0.333334
0.9,0.05,,0.015,2,10,30,0,20,0.666667,1.0,0.333333,1.0,0.5,0.0,0.666667,0.166667,0.833333,60,10,50,0.333334
0.9,0.05,,0.02,2,10,30,0,20,0.666667,1.0,0.333333,1.0,0.5,0.0,0.666667,0.166667,0.833333,60,10,50,0.333334
0.9,0.05,,0.025,2,10,30,0,20,0.666667,1.0,0.333333,1.0,0.5,0.0,0.666667,0.166667,0.833333,60,10,50,0.333334
0.9,0.05,0.65,0.015,2,10,30,0,20,0.666667,1.0,0.333333,1.0,0.5,0.0,0.666667,0.166667,0.833333,60,10,50,0.333334
0.9,0.05,0.65,0.02,2,10,30,0,20,0.666667,1.0,0.333333,1.0,0.5,0.0,0.666667,0.166667,0.833333,60,10,50,0.333334
0.9,0.05,0.65,0.025,2,10,30,0,20,0.666667,1.0,0.333333,1.0,0.5,0.0,0.666667,0.166667,0.833333,60,10,50,0.333334
0.9,0.05,0.7,0.015,2,10,30,0,20,0.666667,1.0,0.333333,1.0,0.5,0.0,0.666667,0.166667,0.833333,60,10,50,0.333334
0.9,0.05,0.7,0.02,2,10,30,0,20,0.666667,1.0,0.333333,1.0,0.5,0.0,0.666667,0.166667,0.833333,60,10,50,0.333334
0.9,0.05,0.7,0.025,2,10,30,0,20,0.666667,1.0,0.333333,1.0,0.5,0.0,0.666667,0.166667,0.833333,60,10,50,0.333334
0.9,0.05,0.75,,2,10,30,0,20,0.666667,1.0,0.333333,1.0,0.5,0.0,0.666667,0.166667,0.833333,60,10,50,0.333334
0.9,0.05,0.75,0.015,2,10,30,0,20,0.666667,1.0,0.333333,1.0,0.5,0.0,0.666667,0.166667,0.833333,60,10,50,0.333334
0.9,0.05,0.75,0.02,2,10,30,0,20,0.666667,1.0,0.333333,1.0,0.5,0.0,0.666667,0.166667,0.833333,60,10,50,0.333334
0.9,0.05,0.75,0.025,2,10,30,0,20,0.666667,1.0,0.333333,1.0,0.5,0.0,0.666667,0.166667,0.833333,60,10,50,0.333334
0.9,0.05,0.8,,2,10,30,0,20,0.666667,1.0,0.333333,1.0,0.5,0.0,0.666667,0.166667,0.833333,60,10,50,0.333334
0.9,0.05,0.8,0.015,2,10,30,0,20,0.666667,1.0,0.333333,1.0,0.5,0.0,0.666667,0.166667,0.833333,60,10,50,0.333334
0.9,0.05,0.8,0.02,2,10,30,0,20,0.666667,1.0,0.333333,1.0,0.5,0.0,0.666667,0.166667,0.833333,60,10,50,0.333334
0.9,0.05,0.8,0.025,2,10,30,0,20,0.666667,1.0,0.333333,1.0,0.5,0.0,0.666667,0.166667,0.833333,60,10,50,0.333334
0.9,0.1,,0.015,0,10,30,0,20,0.666667,1.0,0.333333,1.0,0.5,0.0,0.666667,0.166667,0.833333,60,10,50,0.333334
0.9,0.1,,0.015,1,10,30,0,20,0.666667,1.0,0.333333,1.0,0.5,0.0,0.666667,0.166667,0.833333,60,10,50,0.333334
0.9,0.1,,0.02,0,10,30,0,20,0.666667,1.0,0.333333,1.0,0.5,0.0,0.666667,0.166667,0.833333,60,10,50,0.333334
0.9,0.1,,0.02,1,10,30,0,20,0.666667,1.0,0.333333,1.0,0.5,0.0,0.666667,0.166667,0.833333,60,10,50,0.333334
0.9,0.1,,0.025,0,10,30,0,20,0.666667,1.0,0.333333,1.0,0.5,0.0,0.666667,0.166667,0.833333,60,10,50,0.333334
0.9,0.1,,0.025,1,10,30,0,20,0.666667,1.0,0.333333,1.0,0.5,0.0,0.666667,0.166667,0.833333,60,10,50,0.333334
0.9,0.1,,0.03,0,10,30,0,20,0.666667,1.0,0.333333,1.0,0.5,0.0,0.666667,0.166667,0.833333,60,10,50,0.333334
0.9,0.1,,0.03,1,10,30,0,20,0.666667,1.0,0.333333,1.0,0.5,0.0,0.666667,0.166667,0.833333,60,10,50,0.333334
0.9,0.1,0.65,0.015,0,10,30,0,20,0.666667,1.0,0.333333,1.0,0.5,0.0,0.666667,0.166667,0.833333,60,10,50,0.333334
0.9,0.1,0.65,0.015,1,10,30,0,20,0.666667,1.0,0.333333,1.0,0.5,0.0,0.666667,0.166667,0.833333,60,10,50,0.333334
0.9,0.1,0.65,0.02,0,10,30,0,20,0.666667,1.0,0.333333,1.0,0.5,0.0,0.666667,0.166667,0.833333,60,10,50,0.333334
0.9,0.1,0.65,0.02,1,10,30,0,20,0.666667,1.0,0.333333,1.0,0.5,0.0,0.666667,0.166667,0.833333,60,10,50,0.333334
0.9,0.1,0.65,0.025,0,10,30,0,20,0.666667,1.0,0.333333,1.0,0.5,0.0,0.666667,0.166667,0.833333,60,10,50,0.333334
0.9,0.1,0.65,0.025,1,10,30,0,20,0.666667,1.0,0.333333,1.0,0.5,0.0,0.666667,0.166667,0.833333,60,10,50,0.333334
0.9,0.1,0.65,0.03,0,10,30,0,20,0.666667,1.0,0.333333,1.0,0.5,0.0,0.666667,0.166667,0.833333,60,10,50,0.333334
0.9,0.1,0.65,0.03,1,10,30,0,20,0.666667,1.0,0.333333,1.0,0.5,0.0,0.666667,0.166667,0.833333,60,10,50,0.333334
0.9,0.1,0.7,0.015,0,10,30,0,20,0.666667,1.0,0.333333,1.0,0.5,0.0,0.666667,0.166667,0.833333,60,10,50,0.333334
0.9,0.1,0.7,0.015,1,10,30,0,20,0.666667,1.0,0.333333,1.0,0.5,0.0,0.666667,0.166667,0.833333,60,10,50,0.333334
0.9,0.1,0.7,0.02,0,10,30,0,20,0.666667,1.0,0.333333,1.0,0.5,0.0,0.666667,0.166667,0.833333,60,10,50,0.333334
0.9,0.1,0.7,0.02,1,10,30,0,20,0.666667,1.0,0.333333,1.0,0.5,0.0,0.666667,0.166667,0.833333,60,10,50,0.333334
0.9,0.1,0.7,0.025,0,10,30,0,20,0.666667,1.0,0.333333,1.0,0.5,0.0,0.666667,0.166667,0.833333,60,10,50,0.333334
0.9,0.1,0.7,0.025,1,10,30,0,20,0.666667,1.0,0.333333,1.0,0.5,0.0,0.666667,0.166667,0.833333,60,10,50,0.333334
0.9,0.1,0.7,0.03,0,10,30,0,20,0.666667,1.0,0.333333,1.0,0.5,0.0,0.666667,0.166667,0.833333,60,10,50,0.333334
0.9,0.1,0.7,0.03,1,10,30,0,20,0.666667,1.0,0.333333,1.0,0.5,0.0,0.666667,0.166667,0.833333,60,10,50,0.333334
0.9,0.1,0.75,,0,10,30,0,20,0.666667,1.0,0.333333,1.0,0.5,0.0,0.666667,0.166667,0.833333,60,10,50,0.333334
0.9,0.1,0.75,,1,10,30,0,20,0.666667,1.0,0.333333,1.0,0.5,0.0,0.666667,0.166667,0.833333,60,10,50,0.333334
0.9,0.1,0.75,0.015,0,10,30,0,20,0.666667,1.0,0.333333,1.0,0.5,0.0,0.666667,0.166667,0.833333,60,10,50,0.333334
0.9,0.1,0.75,0.015,1,10,30,0,20,0.666667,1.0,0.333333,1.0,0.5,0.0,0.666667,0.166667,0.833333,60,10,50,0.333334
0.9,0.1,0.75,0.02,0,10,30,0,20,0.666667,1.0,0.333333,1.0,0.5,0.0,0.666667,0.166667,0.833333,60,10,50,0.333334
0.9,0.1,0.75,0.02,1,10,30,0,20,0.666667,1.0,0.333333,1.0,0.5,0.0,0.666667,0.166667,0.833333,60,10,50,0.333334
0.9,0.1,0.75,0.025,0,10,30,0,20,0.666667,1.0,0.333333,1.0,0.5,0.0,0.666667,0.166667,0.833333,60,10,50,0.333334
0.9,0.1,0.75,0.025,1,10,30,0,20,0.666667,1.0,0.333333,1.0,0.5,0.0,0.666667,0.166667,0.833333,60,10,50,0.333334
0.9,0.1,0.75,0.03,0,10,30,0,20,0.666667,1.0,0.333333,1.0,0.5,0.0,0.666667,0.166667,0.833333,60,10,50,0.333334
0.9,0.1,0.75,0.03,1,10,30,0,20,0.666667,1.0,0.333333,1.0,0.5,0.0,0.666667,0.166667,0.833333,60,10,50,0.333334
0.9,0.1,0.8,,0,10,30,0,20,0.666667,1.0,0.333333,1.0,0.5,0.0,0.666667,0.166667,0.833333,60,10,50,0.333334
0.9,0.1,0.8,,1,10,30,0,20,0.666667,1.0,0.333333,1.0,0.5,0.0,0.666667,0.166667,0.833333,60,10,50,0.333334
0.9,0.1,0.8,0.015,0,10,30,0,20,0.666667,1.0,0.333333,1.0,0.5,0.0,0.666667,0.166667,0.833333,60,10,50,0.333334
0.9,0.1,0.8,0.015,1,10,30,0,20,0.666667,1.0,0.333333,1.0,0.5,0.0,0.666667,0.166667,0.833333,60,10,50,0.333334
0.9,0.1,0.8,0.02,0,10,30,0,20,0.666667,1.0,0.333333,1.0,0.5,0.0,0.666667,0.166667,0.833333,60,10,50,0.333334
0.9,0.1,0.8,0.02,1,10,30,0,20,0.666667,1.0,0.333333,1.0,0.5,0.0,0.666667,0.166667,0.833333,60,10,50,0.333334
0.9,0.1,0.8,0.025,0,10,30,0,20,0.666667,1.0,0.333333,1.0,0.5,0.0,0.666667,0.166667,0.833333,60,10,50,0.333334
0.9,0.1,0.8,0.025,1,10,30,0,20,0.666667,1.0,0.333333,1.0,0.5,0.0,0.666667,0.166667,0.833333,60,10,50,0.333334
0.9,0.1,0.8,0.03,0,10,30,0,20,0.666667,1.0,0.333333,1.0,0.5,0.0,0.666667,0.166667,0.833333,60,10,50,0.333334
0.9,0.1,0.8,0.03,1,10,30,0,20,0.666667,1.0,0.333333,1.0,0.5,0.0,0.666667,0.166667,0.833333,60,10,50,0.333334
0.95,0.02,,,3,10,30,0,20,0.666667,1.0,0.333333,1.0,0.5,0.0,0.666667,0.166667,0.833333,60,10,50,0.333334
0.95,0.02,,0.015,3,10,30,0,20,0.666667,1.0,0.333333,1.0,0.5,0.0,0.666667,0.166667,0.833333,60,10,50,0.333334
0.95,0.02,,0.02,3,10,30,0,20,0.666667,1.0,0.333333,1.0,0.5,0.0,0.666667,0.166667,0.833333,60,10,50,0.333334
0.95,0.02,,0.025,3,10,30,0,20,0.666667,1.0,0.333333,1.0,0.5,0.0,0.666667,0.166667,0.833333,60,10,50,0.333334
0.95,0.02,,0.03,2,10,30,0,20,0.666667,1.0,0.333333,1.0,0.5,0.0,0.666667,0.166667,0.833333,60,10,50,0.333334
0.95,0.02,0.65,,3,10,30,0,20,0.666667,1.0,0.333333,1.0,0.5,0.0,0.666667,0.166667,0.833333,60,10,50,0.333334
0.95,0.02,0.65,0.015,3,10,30,0,20,0.666667,1.0,0.333333,1.0,0.5,0.0,0.666667,0.166667,0.833333,60,10,50,0.333334
0.95,0.02,0.65,0.02,3,10,30,0,20,0.666667,1.0,0.333333,1.0,0.5,0.0,0.666667,0.166667,0.833333,60,10,50,0.333334
0.95,0.02,0.65,0.025,3,10,30,0,20,0.666667,1.0,0.333333,1.0,0.5,0.0,0.666667,0.166667,0.833333,60,10,50,0.333334
0.95,0.02,0.65,0.03,2,10,30,0,20,0.666667,1.0,0.333333,1.0,0.5,0.0,0.666667,0.166667,0.833333,60,10,50,0.333334
0.95,0.02,0.7,,3,10,30,0,20,0.666667,1.0,0.333333,1.0,0.5,0.0,0.666667,0.166667,0.833333,60,10,50,0.333334
0.95,0.02,0.7,0.015,3,10,30,0,20,0.666667,1.0,0.333333,1.0,0.5,0.0,0.666667,0.166667,0.833333,60,10,50,0.333334
0.95,0.02,0.7,0.02,3,10,30,0,20,0.666667,1.0,0.333333,1.0,0.5,0.0,0.666667,0.166667,0.833333,60,10,50,0.333334
0.95,0.02,0.7,0.025,3,10,30,0,20,0.666667,1.0,0.333333,1.0,0.5,0.0,0.666667,0.166667,0.833333,60,10,50,0.333334
0.95,0.02,0.7,0.03,2,10,30,0,20,0.666667,1.0,0.333333,1.0,0.5,0.0,0.666667,0.166667,0.833333,60,10,50,0.333334
0.95,0.02,0.75,,3,10,30,0,20,0.666667,1.0,0.333333,1.0,0.5,0.0,0.666667,0.166667,0.833333,60,10,50,0.333334
0.95,0.02,0.75,0.015,3,10,30,0,20,0.666667,1.0,0.333333,1.0,0.5,0.0,0.666667,0.166667,0.833333,60,10,50,0.333334
0.95,0.02,0.75,0.02,3,10,30,0,20,0.666667,1.0,0.333333,1.0,0.5,0.0,0.666667,0.166667,0.833333,60,10,50,0.333334
0.95,0.02,0.75,0.025,3,10,30,0,20,0.666667,1.0,0.333333,1.0,0.5,0.0,0.666667,0.166667,0.833333,60,10,50,0.333334
0.95,0.02,0.75,0.03,2,10,30,0,20,0.666667,1.0,0.333333,1.0,0.5,0.0,0.666667,0.166667,0.833333,60,10,50,0.333334
0.95,0.02,0.8,,3,10,30,0,20,0.666667,1.0,0.333333,1.0,0.5,0.0,0.666667,0.166667,0.833333,60,10,50,0.333334
0.95,0.02,0.8,0.015,3,10,30,0,20,0.666667,1.0,0.333333,1.0,0.5,0.0,0.666667,0.166667,0.833333,60,10,50,0.333334
0.95,0.02,0.8,0.02,3,10,30,0,20,0.666667,1.0,0.333333,1.0,0.5,0.0,0.666667,0.166667,0.833333,60,10,50,0.333334
0.95,0.02,0.8,0.025,3,10,30,0,20,0.666667,1.0,0.333333,1.0,0.5,0.0,0.666667,0.166667,0.833333,60,10,50,0.333334
0.95,0.02,0.8,0.03,2,10,30,0,20,0.666667,1.0,0.333333,1.0,0.5,0.0,0.666667,0.166667,0.833333,60,10,50,0.333334
0.95,0.05,0.85,,0,10,30,0,20,0.666667,1.0,0.333333,1.0,0.5,0.0,0.666667,0.166667,0.833333,60,10,50,0.333334
0.95,0.05,0.85,,1,10,30,0,20,0.666667,1.0,0.333333,1.0,0.5,0.0,0.666667,0.166667,0.833333,60,10,50,0.333334
0.95,0.05,0.85,0.015,0,10,30,0,20,0.666667,1.0,0.333333,1.0,0.5,0.0,0.666667,0.166667,0.833333,60,10,50,0.333334
0.95,0.05,0.85,0.015,1,10,30,0,20,0.666667,1.0,0.333333,1.0,0.5,0.0,0.666667,0.166667,0.833333,60,10,50,0.333334
0.95,0.05,0.85,0.02,0,10,30,0,20,0.666667,1.0,0.333333,1.0,0.5,0.0,0.666667,0.166667,0.833333,60,10,50,0.333334
0.95,0.05,0.85,0.02,1,10,30,0,20,0.666667,1.0,0.333333,1.0,0.5,0.0,0.666667,0.166667,0.833333,60,10,50,0.333334
0.95,0.05,0.85,0.025,0,10,30,0,20,0.666667,1.0,0.333333,1.0,0.5,0.0,0.666667,0.166667,0.833333,60,10,50,0.333334
0.95,0.05,0.85,0.025,1,10,30,0,20,0.666667,1.0,0.333333,1.0,0.5,0.0,0.666667,0.166667,0.833333,60,10,50,0.333334
0.95,0.05,0.85,0.03,0,10,30,0,20,0.666667,1.0,0.333333,1.0,0.5,0.0,0.666667,0.166667,0.833333,60,10,50,0.333334
0.95,0.05,0.85,0.03,1,10,30,0,20,0.666667,1.0,0.333333,1.0,0.5,0.0,0.666667,0.166667,0.833333,60,10,50,0.333334
0.3,0.05,0.85,0.03,2,9,30,0,21,0.65,1.0,0.3,1.0,0.461538,0.0,0.7,0.15,0.85,60,9,51,0.35
0.3,0.1,0.85,,0,9,30,0,21,0.65,1.0,0.3,1.0,0.461538,0.0,0.7,0.15,0.85,60,9,51,0.35
0.3,0.1,0.85,,1,9,30,0,21,0.65,1.0,0.3,1.0,0.461538,0.0,0.7,0.15,0.85,60,9,51,0.35
0.3,0.1,0.85,0.015,0,9,30,0,21,0.65,1.0,0.3,1.0,0.461538,0.0,0.7,0.15,0.85,60,9,51,0.35
0.3,0.1,0.85,0.015,1,9,30,0,21,0.65,1.0,0.3,1.0,0.461538,0.0,0.7,0.15,0.85,60,9,51,0.35
0.3,0.1,0.85,0.02,0,9,30,0,21,0.65,1.0,0.3,1.0,0.461538,0.0,0.7,0.15,0.85,60,9,51,0.35
0.3,0.1,0.85,0.02,1,9,30,0,21,0.65,1.0,0.3,1.0,0.461538,0.0,0.7,0.15,0.85,60,9,51,0.35
0.3,0.1,0.85,0.025,0,9,30,0,21,0.65,1.0,0.3,1.0,0.461538,0.0,0.7,0.15,0.85,60,9,51,0.35
0.3,0.1,0.85,0.025,1,9,30,0,21,0.65,1.0,0.3,1.0,0.461538,0.0,0.7,0.15,0.85,60,9,51,0.35
0.3,0.2,,0.03,0,9,30,0,21,0.65,1.0,0.3,1.0,0.461538,0.0,0.7,0.15,0.85,60,9,51,0.35
0.3,0.2,,0.03,1,9,30,0,21,0.65,1.0,0.3,1.0,0.461538,0.0,0.7,0.15,0.85,60,9,51,0.35
0.3,0.2,0.65,0.03,0,9,30,0,21,0.65,1.0,0.3,1.0,0.461538,0.0,0.7,0.15,0.85,60,9,51,0.35
0.3,0.2,0.65,0.03,1,9,30,0,21,0.65,1.0,0.3,1.0,0.461538,0.0,0.7,0.15,0.85,60,9,51,0.35
0.3,0.2,0.7,0.03,0,9,30,0,21,0.65,1.0,0.3,1.0,0.461538,0.0,0.7,0.15,0.85,60,9,51,0.35
0.3,0.2,0.7,0.03,1,9,30,0,21,0.65,1.0,0.3,1.0,0.461538,0.0,0.7,0.15,0.85,60,9,51,0.35
0.3,0.2,0.75,0.03,0,9,30,0,21,0.65,1.0,0.3,1.0,0.461538,0.0,0.7,0.15,0.85,60,9,51,0.35
0.3,0.2,0.75,0.03,1,9,30,0,21,0.65,1.0,0.3,1.0,0.461538,0.0,0.7,0.15,0.85,60,9,51,0.35
0.3,0.2,0.8,0.03,0,9,30,0,21,0.65,1.0,0.3,1.0,0.461538,0.0,0.7,0.15,0.85,60,9,51,0.35
0.3,0.2,0.8,0.03,1,9,30,0,21,0.65,1.0,0.3,1.0,0.461538,0.0,0.7,0.15,0.85,60,9,51,0.35
0.4,0.05,0.85,0.03,2,9,30,0,21,0.65,1.0,0.3,1.0,0.461538,0.0,0.7,0.15,0.85,60,9,51,0.35
0.4,0.1,0.85,,0,9,30,0,21,0.65,1.0,0.3,1.0,0.461538,0.0,0.7,0.15,0.85,60,9,51,0.35
0.4,0.1,0.85,,1,9,30,0,21,0.65,1.0,0.3,1.0,0.461538,0.0,0.7,0.15,0.85,60,9,51,0.35
0.4,0.1,0.85,0.015,0,9,30,0,21,0.65,1.0,0.3,1.0,0.461538,0.0,0.7,0.15,0.85,60,9,51,0.35
0.4,0.1,0.85,0.015,1,9,30,0,21,0.65,1.0,0.3,1.0,0.461538,0.0,0.7,0.15,0.85,60,9,51,0.35
0.4,0.1,0.85,0.02,0,9,30,0,21,0.65,1.0,0.3,1.0,0.461538,0.0,0.7,0.15,0.85,60,9,51,0.35
0.4,0.1,0.85,0.02,1,9,30,0,21,0.65,1.0,0.3,1.0,0.461538,0.0,0.7,0.15,0.85,60,9,51,0.35
0.4,0.1,0.85,0.025,0,9,30,0,21,0.65,1.0,0.3,1.0,0.461538,0.0,0.7,0.15,0.85,60,9,51,0.35
0.4,0.1,0.85,0.025,1,9,30,0,21,0.65,1.0,0.3,1.0,0.461538,0.0,0.7,0.15,0.85,60,9,51,0.35
0.4,0.2,,0.03,0,9,30,0,21,0.65,1.0,0.3,1.0,0.461538,0.0,0.7,0.15,0.85,60,9,51,0.35
0.4,0.2,,0.03,1,9,30,0,21,0.65,1.0,0.3,1.0,0.461538,0.0,0.7,0.15,0.85,60,9,51,0.35
0.4,0.2,0.65,0.03,0,9,30,0,21,0.65,1.0,0.3,1.0,0.461538,0.0,0.7,0.15,0.85,60,9,51,0.35
0.4,0.2,0.65,0.03,1,9,30,0,21,0.65,1.0,0.3,1.0,0.461538,0.0,0.7,0.15,0.85,60,9,51,0.35
0.4,0.2,0.7,0.03,0,9,30,0,21,0.65,1.0,0.3,1.0,0.461538,0.0,0.7,0.15,0.85,60,9,51,0.35
0.4,0.2,0.7,0.03,1,9,30,0,21,0.65,1.0,0.3,1.0,0.461538,0.0,0.7,0.15,0.85,60,9,51,0.35
0.4,0.2,0.75,0.03,0,9,30,0,21,0.65,1.0,0.3,1.0,0.461538,0.0,0.7,0.15,0.85,60,9,51,0.35
0.4,0.2,0.75,0.03,1,9,30,0,21,0.65,1.0,0.3,1.0,0.461538,0.0,0.7,0.15,0.85,60,9,51,0.35
0.4,0.2,0.8,0.03,0,9,30,0,21,0.65,1.0,0.3,1.0,0.461538,0.0,0.7,0.15,0.85,60,9,51,0.35
0.4,0.2,0.8,0.03,1,9,30,0,21,0.65,1.0,0.3,1.0,0.461538,0.0,0.7,0.15,0.85,60,9,51,0.35
0.5,0.05,0.85,0.03,2,9,30,0,21,0.65,1.0,0.3,1.0,0.461538,0.0,0.7,0.15,0.85,60,9,51,0.35
0.5,0.1,0.85,,0,9,30,0,21,0.65,1.0,0.3,1.0,0.461538,0.0,0.7,0.15,0.85,60,9,51,0.35
0.5,0.1,0.85,,1,9,30,0,21,0.65,1.0,0.3,1.0,0.461538,0.0,0.7,0.15,0.85,60,9,51,0.35
0.5,0.1,0.85,0.015,0,9,30,0,21,0.65,1.0,0.3,1.0,0.461538,0.0,0.7,0.15,0.85,60,9,51,0.35
0.5,0.1,0.85,0.015,1,9,30,0,21,0.65,1.0,0.3,1.0,0.461538,0.0,0.7,0.15,0.85,60,9,51,0.35
0.5,0.1,0.85,0.02,0,9,30,0,21,0.65,1.0,0.3,1.0,0.461538,0.0,0.7,0.15,0.85,60,9,51,0.35
0.5,0.1,0.85,0.02,1,9,30,0,21,0.65,1.0,0.3,1.0,0.461538,0.0,0.7,0.15,0.85,60,9,51,0.35
0.5,0.1,0.85,0.025,0,9,30,0,21,0.65,1.0,0.3,1.0,0.461538,0.0,0.7,0.15,0.85,60,9,51,0.35
0.5,0.1,0.85,0.025,1,9,30,0,21,0.65,1.0,0.3,1.0,0.461538,0.0,0.7,0.15,0.85,60,9,51,0.35
0.5,0.2,,0.03,0,9,30,0,21,0.65,1.0,0.3,1.0,0.461538,0.0,0.7,0.15,0.85,60,9,51,0.35
0.5,0.2,,0.03,1,9,30,0,21,0.65,1.0,0.3,1.0,0.461538,0.0,0.7,0.15,0.85,60,9,51,0.35
0.5,0.2,0.65,0.03,0,9,30,0,21,0.65,1.0,0.3,1.0,0.461538,0.0,0.7,0.15,0.85,60,9,51,0.35
0.5,0.2,0.65,0.03,1,9,30,0,21,0.65,1.0,0.3,1.0,0.461538,0.0,0.7,0.15,0.85,60,9,51,0.35
0.5,0.2,0.7,0.03,0,9,30,0,21,0.65,1.0,0.3,1.0,0.461538,0.0,0.7,0.15,0.85,60,9,51,0.35
0.5,0.2,0.7,0.03,1,9,30,0,21,0.65,1.0,0.3,1.0,0.461538,0.0,0.7,0.15,0.85,60,9,51,0.35
0.5,0.2,0.75,0.03,0,9,30,0,21,0.65,1.0,0.3,1.0,0.461538,0.0,0.7,0.15,0.85,60,9,51,0.35
0.5,0.2,0.75,0.03,1,9,30,0,21,0.65,1.0,0.3,1.0,0.461538,0.0,0.7,0.15,0.85,60,9,51,0.35
0.5,0.2,0.8,0.03,0,9,30,0,21,0.65,1.0,0.3,1.0,0.461538,0.0,0.7,0.15,0.85,60,9,51,0.35
0.5,0.2,0.8,0.03,1,9,30,0,21,0.65,1.0,0.3,1.0,0.461538,0.0,0.7,0.15,0.85,60,9,51,0.35
0.6,0.05,0.85,0.03,2,9,30,0,21,0.65,1.0,0.3,1.0,0.461538,0.0,0.7,0.15,0.85,60,9,51,0.35
0.6,0.1,0.85,,0,9,30,0,21,0.65,1.0,0.3,1.0,0.461538,0.0,0.7,0.15,0.85,60,9,51,0.35
0.6,0.1,0.85,,1,9,30,0,21,0.65,1.0,0.3,1.0,0.461538,0.0,0.7,0.15,0.85,60,9,51,0.35
0.6,0.1,0.85,0.015,0,9,30,0,21,0.65,1.0,0.3,1.0,0.461538,0.0,0.7,0.15,0.85,60,9,51,0.35
0.6,0.1,0.85,0.015,1,9,30,0,21,0.65,1.0,0.3,1.0,0.461538,0.0,0.7,0.15,0.85,60,9,51,0.35
0.6,0.1,0.85,0.02,0,9,30,0,21,0.65,1.0,0.3,1.0,0.461538,0.0,0.7,0.15,0.85,60,9,51,0.35
0.6,0.1,0.85,0.02,1,9,30,0,21,0.65,1.0,0.3,1.0,0.461538,0.0,0.7,0.15,0.85,60,9,51,0.35
0.6,0.1,0.85,0.025,0,9,30,0,21,0.65,1.0,0.3,1.0,0.461538,0.0,0.7,0.15,0.85,60,9,51,0.35
0.6,0.1,0.85,0.025,1,9,30,0,21,0.65,1.0,0.3,1.0,0.461538,0.0,0.7,0.15,0.85,60,9,51,0.35
0.6,0.2,,0.03,0,9,30,0,21,0.65,1.0,0.3,1.0,0.461538,0.0,0.7,0.15,0.85,60,9,51,0.35
0.6,0.2,,0.03,1,9,30,0,21,0.65,1.0,0.3,1.0,0.461538,0.0,0.7,0.15,0.85,60,9,51,0.35
0.6,0.2,0.65,0.03,0,9,30,0,21,0.65,1.0,0.3,1.0,0.461538,0.0,0.7,0.15,0.85,60,9,51,0.35
0.6,0.2,0.65,0.03,1,9,30,0,21,0.65,1.0,0.3,1.0,0.461538,0.0,0.7,0.15,0.85,60,9,51,0.35
0.6,0.2,0.7,0.03,0,9,30,0,21,0.65,1.0,0.3,1.0,0.461538,0.0,0.7,0.15,0.85,60,9,51,0.35
0.6,0.2,0.7,0.03,1,9,30,0,21,0.65,1.0,0.3,1.0,0.461538,0.0,0.7,0.15,0.85,60,9,51,0.35
0.6,0.2,0.75,0.03,0,9,30,0,21,0.65,1.0,0.3,1.0,0.461538,0.0,0.7,0.15,0.85,60,9,51,0.35
0.6,0.2,0.75,0.03,1,9,30,0,21,0.65,1.0,0.3,1.0,0.461538,0.0,0.7,0.15,0.85,60,9,51,0.35
0.6,0.2,0.8,0.03,0,9,30,0,21,0.65,1.0,0.3,1.0,0.461538,0.0,0.7,0.15,0.85,60,9,51,0.35
0.6,0.2,0.8,0.03,1,9,30,0,21,0.65,1.0,0.3,1.0,0.461538,0.0,0.7,0.15,0.85,60,9,51,0.35
0.7,0.05,0.85,0.03,2,9,30,0,21,0.65,1.0,0.3,1.0,0.461538,0.0,0.7,0.15,0.85,60,9,51,0.35
0.7,0.1,0.85,,0,9,30,0,21,0.65,1.0,0.3,1.0,0.461538,0.0,0.7,0.15,0.85,60,9,51,0.35
0.7,0.1,0.85,,1,9,30,0,21,0.65,1.0,0.3,1.0,0.461538,0.0,0.7,0.15,0.85,60,9,51,0.35
0.7,0.1,0.85,0.015,0,9,30,0,21,0.65,1.0,0.3,1.0,0.461538,0.0,0.7,0.15,0.85,60,9,51,0.35
0.7,0.1,0.85,0.015,1,9,30,0,21,0.65,1.0,0.3,1.0,0.461538,0.0,0.7,0.15,0.85,60,9,51,0.35
0.7,0.1,0.85,0.02,0,9,30,0,21,0.65,1.0,0.3,1.0,0.461538,0.0,0.7,0.15,0.85,60,9,51,0.35
0.7,0.1,0.85,0.02,1,9,30,0,21,0.65,1.0,0.3,1.0,0.461538,0.0,0.7,0.15,0.85,60,9,51,0.35
0.7,0.1,0.85,0.025,0,9,30,0,21,0.65,1.0,0.3,1.0,0.461538,0.0,0.7,0.15,0.85,60,9,51,0.35
0.7,0.1,0.85,0.025,1,9,30,0,21,0.65,1.0,0.3,1.0,0.461538,0.0,0.7,0.15,0.85,60,9,51,0.35
0.7,0.2,,0.03,0,9,30,0,21,0.65,1.0,0.3,1.0,0.461538,0.0,0.7,0.15,0.85,60,9,51,0.35
0.7,0.2,,0.03,1,9,30,0,21,0.65,1.0,0.3,1.0,0.461538,0.0,0.7,0.15,0.85,60,9,51,0.35
0.7,0.2,0.65,0.03,0,9,30,0,21,0.65,1.0,0.3,1.0,0.461538,0.0,0.7,0.15,0.85,60,9,51,0.35
0.7,0.2,0.65,0.03,1,9,30,0,21,0.65,1.0,0.3,1.0,0.461538,0.0,0.7,0.15,0.85,60,9,51,0.35
0.7,0.2,0.7,0.03,0,9,30,0,21,0.65,1.0,0.3,1.0,0.461538,0.0,0.7,0.15,0.85,60,9,51,0.35
0.7,0.2,0.7,0.03,1,9,30,0,21,0.65,1.0,0.3,1.0,0.461538,0.0,0.7,0.15,0.85,60,9,51,0.35
0.7,0.2,0.75,0.03,0,9,30,0,21,0.65,1.0,0.3,1.0,0.461538,0.0,0.7,0.15,0.85,60,9,51,0.35
0.7,0.2,0.75,0.03,1,9,30,0,21,0.65,1.0,0.3,1.0,0.461538,0.0,0.7,0.15,0.85,60,9,51,0.35
0.7,0.2,0.8,0.03,0,9,30,0,21,0.65,1.0,0.3,1.0,0.461538,0.0,0.7,0.15,0.85,60,9,51,0.35
0.7,0.2,0.8,0.03,1,9,30,0,21,0.65,1.0,0.3,1.0,0.461538,0.0,0.7,0.15,0.85,60,9,51,0.35
0.75,0.05,0.85,0.03,2,9,30,0,21,0.65,1.0,0.3,1.0,0.461538,0.0,0.7,0.15,0.85,60,9,51,0.35
0.75,0.1,0.85,,0,9,30,0,21,0.65,1.0,0.3,1.0,0.461538,0.0,0.7,0.15,0.85,60,9,51,0.35
0.75,0.1,0.85,,1,9,30,0,21,0.65,1.0,0.3,1.0,0.461538,0.0,0.7,0.15,0.85,60,9,51,0.35
0.75,0.1,0.85,0.015,0,9,30,0,21,0.65,1.0,0.3,1.0,0.461538,0.0,0.7,0.15,0.85,60,9,51,0.35
0.75,0.1,0.85,0.015,1,9,30,0,21,0.65,1.0,0.3,1.0,0.461538,0.0,0.7,0.15,0.85,60,9,51,0.35
0.75,0.1,0.85,0.02,0,9,30,0,21,0.65,1.0,0.3,1.0,0.461538,0.0,0.7,0.15,0.85,60,9,51,0.35
0.75,0.1,0.85,0.02,1,9,30,0,21,0.65,1.0,0.3,1.0,0.461538,0.0,0.7,0.15,0.85,60,9,51,0.35
0.75,0.1,0.85,0.025,0,9,30,0,21,0.65,1.0,0.3,1.0,0.461538,0.0,0.7,0.15,0.85,60,9,51,0.35
0.75,0.1,0.85,0.025,1,9,30,0,21,0.65,1.0,0.3,1.0,0.461538,0.0,0.7,0.15,0.85,60,9,51,0.35
0.75,0.2,,0.015,0,9,30,0,21,0.65,1.0,0.3,1.0,0.461538,0.0,0.7,0.15,0.85,60,9,51,0.35
0.75,0.2,,0.015,1,9,30,0,21,0.65,1.0,0.3,1.0,0.461538,0.0,0.7,0.15,0.85,60,9,51,0.35
0.75,0.2,,0.02,0,9,30,0,21,0.65,1.0,0.3,1.0,0.461538,0.0,0.7,0.15,0.85,60,9,51,0.35
0.75,0.2,,0.02,1,9,30,0,21,0.65,1.0,0.3,1.0,0.461538,0.0,0.7,0.15,0.85,60,9,51,0.35
0.75,0.2,,0.025,0,9,30,0,21,0.65,1.0,0.3,1.0,0.461538,0.0,0.7,0.15,0.85,60,9,51,0.35
0.75,0.2,,0.025,1,9,30,0,21,0.65,1.0,0.3,1.0,0.461538,0.0,0.7,0.15,0.85,60,9,51,0.35
0.75,0.2,,0.03,0,9,30,0,21,0.65,1.0,0.3,1.0,0.461538,0.0,0.7,0.15,0.85,60,9,51,0.35
0.75,0.2,,0.03,1,9,30,0,21,0.65,1.0,0.3,1.0,0.461538,0.0,0.7,0.15,0.85,60,9,51,0.35
0.75,0.2,0.65,0.015,0,9,30,0,21,0.65,1.0,0.3,1.0,0.461538,0.0,0.7,0.15,0.85,60,9,51,0.35
0.75,0.2,0.65,0.015,1,9,30,0,21,0.65,1.0,0.3,1.0,0.461538,0.0,0.7,0.15,0.85,60,9,51,0.35
0.75,0.2,0.65,0.02,0,9,30,0,21,0.65,1.0,0.3,1.0,0.461538,0.0,0.7,0.15,0.85,60,9,51,0.35
0.75,0.2,0.65,0.02,1,9,30,0,21,0.65,1.0,0.3,1.0,0.461538,0.0,0.7,0.15,0.85,60,9,51,0.35
0.75,0.2,0.65,0.025,0,9,30,0,21,0.65,1.0,0.3,1.0,0.461538,0.0,0.7,0.15,0.85,60,9,51,0.35
0.75,0.2,0.65,0.025,1,9,30,0,21,0.65,1.0,0.3,1.0,0.461538,0.0,0.7,0.15,0.85,60,9,51,0.35
0.75,0.2,0.65,0.03,0,9,30,0,21,0.65,1.0,0.3,1.0,0.461538,0.0,0.7,0.15,0.85,60,9,51,0.35
0.75,0.2,0.65,0.03,1,9,30,0,21,0.65,1.0,0.3,1.0,0.461538,0.0,0.7,0.15,0.85,60,9,51,0.35
0.75,0.2,0.7,0.015,0,9,30,0,21,0.65,1.0,0.3,1.0,0.461538,0.0,0.7,0.15,0.85,60,9,51,0.35
0.75,0.2,0.7,0.015,1,9,30,0,21,0.65,1.0,0.3,1.0,0.461538,0.0,0.7,0.15,0.85,60,9,51,0.35
0.75,0.2,0.7,0.02,0,9,30,0,21,0.65,1.0,0.3,1.0,0.461538,0.0,0.7,0.15,0.85,60,9,51,0.35
0.75,0.2,0.7,0.02,1,9,30,0,21,0.65,1.0,0.3,1.0,0.461538,0.0,0.7,0.15,0.85,60,9,51,0.35
0.75,0.2,0.7,0.025,0,9,30,0,21,0.65,1.0,0.3,1.0,0.461538,0.0,0.7,0.15,0.85,60,9,51,0.35
0.75,0.2,0.7,0.025,1,9,30,0,21,0.65,1.0,0.3,1.0,0.461538,0.0,0.7,0.15,0.85,60,9,51,0.35
0.75,0.2,0.7,0.03,0,9,30,0,21,0.65,1.0,0.3,1.0,0.461538,0.0,0.7,0.15,0.85,60,9,51,0.35
0.75,0.2,0.7,0.03,1,9,30,0,21,0.65,1.0,0.3,1.0,0.461538,0.0,0.7,0.15,0.85,60,9,51,0.35
0.75,0.2,0.75,,0,9,30,0,21,0.65,1.0,0.3,1.0,0.461538,0.0,0.7,0.15,0.85,60,9,51,0.35
0.75,0.2,0.75,,1,9,30,0,21,0.65,1.0,0.3,1.0,0.461538,0.0,0.7,0.15,0.85,60,9,51,0.35
0.75,0.2,0.75,0.015,0,9,30,0,21,0.65,1.0,0.3,1.0,0.461538,0.0,0.7,0.15,0.85,60,9,51,0.35
0.75,0.2,0.75,0.015,1,9,30,0,21,0.65,1.0,0.3,1.0,0.461538,0.0,0.7,0.15,0.85,60,9,51,0.35
0.75,0.2,0.75,0.02,0,9,30,0,21,0.65,1.0,0.3,1.0,0.461538,0.0,0.7,0.15,0.85,60,9,51,0.35
0.75,0.2,0.75,0.02,1,9,30,0,21,0.65,1.0,0.3,1.0,0.461538,0.0,0.7,0.15,0.85,60,9,51,0.35
0.75,0.2,0.75,0.025,0,9,30,0,21,0.65,1.0,0.3,1.0,0.461538,0.0,0.7,0.15,0.85,60,9,51,0.35
0.75,0.2,0.75,0.025,1,9,30,0,21,0.65,1.0,0.3,1.0,0.461538,0.0,0.7,0.15,0.85,60,9,51,0.35
0.75,0.2,0.75,0.03,0,9,30,0,21,0.65,1.0,0.3,1.0,0.461538,0.0,0.7,0.15,0.85,60,9,51,0.35
0.75,0.2,0.75,0.03,1,9,30,0,21,0.65,1.0,0.3,1.0,0.461538,0.0,0.7,0.15,0.85,60,9,51,0.35
0.75,0.2,0.8,,0,9,30,0,21,0.65,1.0,0.3,1.0,0.461538,0.0,0.7,0.15,0.85,60,9,51,0.35
0.75,0.2,0.8,,1,9,30,0,21,0.65,1.0,0.3,1.0,0.461538,0.0,0.7,0.15,0.85,60,9,51,0.35
0.75,0.2,0.8,0.015,0,9,30,0,21,0.65,1.0,0.3,1.0,0.461538,0.0,0.7,0.15,0.85,60,9,51,0.35
0.75,0.2,0.8,0.015,1,9,30,0,21,0.65,1.0,0.3,1.0,0.461538,0.0,0.7,0.15,0.85,60,9,51,0.35
0.75,0.2,0.8,0.02,0,9,30,0,21,0.65,1.0,0.3,1.0,0.461538,0.0,0.7,0.15,0.85,60,9,51,0.35
0.75,0.2,0.8,0.02,1,9,30,0,21,0.65,1.0,0.3,1.0,0.461538,0.0,0.7,0.15,0.85,60,9,51,0.35
0.75,0.2,0.8,0.025,0,9,30,0,21,0.65,1.0,0.3,1.0,0.461538,0.0,0.7,0.15,0.85,60,9,51,0.35
0.75,0.2,0.8,0.025,1,9,30,0,21,0.65,1.0,0.3,1.0,0.461538,0.0,0.7,0.15,0.85,60,9,51,0.35
0.75,0.2,0.8,0.03,0,9,30,0,21,0.65,1.0,0.3,1.0,0.461538,0.0,0.7,0.15,0.85,60,9,51,0.35
0.75,0.2,0.8,0.03,1,9,30,0,21,0.65,1.0,0.3,1.0,0.461538,0.0,0.7,0.15,0.85,60,9,51,0.35
0.8,0.05,,,3,9,30,0,21,0.65,1.0,0.3,1.0,0.461538,0.0,0.7,0.15,0.85,60,9,51,0.35
0.8,0.05,,0.015,3,9,30,0,21,0.65,1.0,0.3,1.0,0.461538,0.0,0.7,0.15,0.85,60,9,51,0.35
0.8,0.05,,0.02,3,9,30,0,21,0.65,1.0,0.3,1.0,0.461538,0.0,0.7,0.15,0.85,60,9,51,0.35
0.8,0.05,,0.025,3,9,30,0,21,0.65,1.0,0.3,1.0,0.461538,0.0,0.7,0.15,0.85,60,9,51,0.35
0.8,0.05,0.65,,3,9,30,0,21,0.65,1.0,0.3,1.0,0.461538,0.0,0.7,0.15,0.85,60,9,51,0.35
0.8,0.05,0.65,0.015,3,9,30,0,21,0.65,1.0,0.3,1.0,0.461538,0.0,0.7,0.15,0.85,60,9,51,0.35
0.8,0.05,0.65,0.02,3,9,30,0,21,0.65,1.0,0.3,1.0,0.461538,0.0,0.7,0.15,0.85,60,9,51,0.35
0.8,0.05,0.65,0.025,3,9,30,0,21,0.65,1.0,0.3,1.0,0.461538,0.0,0.7,0.15,0.85,60,9,51,0.35
0.8,0.05,0.7,,3,9,30,0,21,0.65,1.0,0.3,1.0,0.461538,0.0,0.7,0.15,0.85,60,9,51,0.35
0.8,0.05,0.7,0.015,3,9,30,0,21,0.65,1.0,0.3,1.0,0.461538,0.0,0.7,0.15,0.85,60,9,51,0.35
0.8,0.05,0.7,0.02,3,9,30,0,21,0.65,1.0,0.3,1.0,0.461538,0.0,0.7,0.15,0.85,60,9,51,0.35
0.8,0.05,0.7,0.025,3,9,30,0,21,0.65,1.0,0.3,1.0,0.461538,0.0,0.7,0.15,0.85,60,9,51,0.35
0.8,0.05,0.75,,3,9,30,0,21,0.65,1.0,0.3,1.0,0.461538,0.0,0.7,0.15,0.85,60,9,51,0.35
0.8,0.05,0.75,0.015,3,9,30,0,21,0.65,1.0,0.3,1.0,0.461538,0.0,0.7,0.15,0.85,60,9,51,0.35
0.8,0.05,0.75,0.02,3,9,30,0,21,0.65,1.0,0.3,1.0,0.461538,0.0,0.7,0.15,0.85,60,9,51,0.35
0.8,0.05,0.75,0.025,3,9,30,0,21,0.65,1.0,0.3,1.0,0.461538,0.0,0.7,0.15,0.85,60,9,51,0.35
0.8,0.05,0.8,,3,9,30,0,21,0.65,1.0,0.3,1.0,0.461538,0.0,0.7,0.15,0.85,60,9,51,0.35
0.8,0.05,0.8,0.015,3,9,30,0,21,0.65,1.0,0.3,1.0,0.461538,0.0,0.7,0.15,0.85,60,9,51,0.35
0.8,0.05,0.8,0.02,3,9,30,0,21,0.65,1.0,0.3,1.0,0.461538,0.0,0.7,0.15,0.85,60,9,51,0.35
0.8,0.05,0.8,0.025,3,9,30,0,21,0.65,1.0,0.3,1.0,0.461538,0.0,0.7,0.15,0.85,60,9,51,0.35
0.8,0.05,0.85,,2,9,30,0,21,0.65,1.0,0.3,1.0,0.461538,0.0,0.7,0.15,0.85,60,9,51,0.35
0.8,0.05,0.85,0.015,2,9,30,0,21,0.65,1.0,0.3,1.0,0.461538,0.0,0.7,0.15,0.85,60,9,51,0.35
0.8,0.05,0.85,0.02,2,9,30,0,21,0.65,1.0,0.3,1.0,0.461538,0.0,0.7,0.15,0.85,60,9,51,0.35
0.8,0.05,0.85,0.025,2,9,30,0,21,0.65,1.0,0.3,1.0,0.461538,0.0,0.7,0.15,0.85,60,9,51,0.35
0.8,0.05,0.85,0.03,2,9,30,0,21,0.65,1.0,0.3,1.0,0.461538,0.0,0.7,0.15,0.85,60,9,51,0.35
0.8,0.2,,0.015,0,9,30,0,21,0.65,1.0,0.3,1.0,0.461538,0.0,0.7,0.15,0.85,60,9,51,0.35
0.8,0.2,,0.015,1,9,30,0,21,0.65,1.0,0.3,1.0,0.461538,0.0,0.7,0.15,0.85,60,9,51,0.35
0.8,0.2,,0.02,0,9,30,0,21,0.65,1.0,0.3,1.0,0.461538,0.0,0.7,0.15,0.85,60,9,51,0.35
0.8,0.2,,0.02,1,9,30,0,21,0.65,1.0,0.3,1.0,0.461538,0.0,0.7,0.15,0.85,60,9,51,0.35
0.8,0.2,,0.025,0,9,30,0,21,0.65,1.0,0.3,1.0,0.461538,0.0,0.7,0.15,0.85,60,9,51,0.35
0.8,0.2,,0.025,1,9,30,0,21,0.65,1.0,0.3,1.0,0.461538,0.0,0.7,0.15,0.85,60,9,51,0.35
0.8,0.2,,0.03,0,9,30,0,21,0.65,1.0,0.3,1.0,0.461538,0.0,0.7,0.15,0.85,60,9,51,0.35
0.8,0.2,,0.03,1,9,30,0,21,0.65,1.0,0.3,1.0,0.461538,0.0,0.7,0.15,0.85,60,9,51,0.35
0.8,0.2,0.65,0.015,0,9,30,0,21,0.65,1.0,0.3,1.0,0.461538,0.0,0.7,0.15,0.85,60,9,51,0.35
0.8,0.2,0.65,0.015,1,9,30,0,21,0.65,1.0,0.3,1.0,0.461538,0.0,0.7,0.15,0.85,60,9,51,0.35
0.8,0.2,0.65,0.02,0,9,30,0,21,0.65,1.0,0.3,1.0,0.461538,0.0,0.7,0.15,0.85,60,9,51,0.35
0.8,0.2,0.65,0.02,1,9,30,0,21,0.65,1.0,0.3,1.0,0.461538,0.0,0.7,0.15,0.85,60,9,51,0.35
0.8,0.2,0.65,0.025,0,9,30,0,21,0.65,1.0,0.3,1.0,0.461538,0.0,0.7,0.15,0.85,60,9,51,0.35
0.8,0.2,0.65,0.025,1,9,30,0,21,0.65,1.0,0.3,1.0,0.461538,0.0,0.7,0.15,0.85,60,9,51,0.35
0.8,0.2,0.65,0.03,0,9,30,0,21,0.65,1.0,0.3,1.0,0.461538,0.0,0.7,0.15,0.85,60,9,51,0.35
0.8,0.2,0.65,0.03,1,9,30,0,21,0.65,1.0,0.3,1.0,0.461538,0.0,0.7,0.15,0.85,60,9,51,0.35
0.8,0.2,0.7,0.015,0,9,30,0,21,0.65,1.0,0.3,1.0,0.461538,0.0,0.7,0.15,0.85,60,9,51,0.35
0.8,0.2,0.7,0.015,1,9,30,0,21,0.65,1.0,0.3,1.0,0.461538,0.0,0.7,0.15,0.85,60,9,51,0.35
0.8,0.2,0.7,0.02,0,9,30,0,21,0.65,1.0,0.3,1.0,0.461538,0.0,0.7,0.15,0.85,60,9,51,0.35
0.8,0.2,0.7,0.02,1,9,30,0,21,0.65,1.0,0.3,1.0,0.461538,0.0,0.7,0.15,0.85,60,9,51,0.35
0.8,0.2,0.7,0.025,0,9,30,0,21,0.65,1.0,0.3,1.0,0.461538,0.0,0.7,0.15,0.85,60,9,51,0.35
0.8,0.2,0.7,0.025,1,9,30,0,21,0.65,1.0,0.3,1.0,0.461538,0.0,0.7,0.15,0.85,60,9,51,0.35
0.8,0.2,0.7,0.03,0,9,30,0,21,0.65,1.0,0.3,1.0,0.461538,0.0,0.7,0.15,0.85,60,9,51,0.35
0.8,0.2,0.7,0.03,1,9,30,0,21,0.65,1.0,0.3,1.0,0.461538,0.0,0.7,0.15,0.85,60,9,51,0.35
0.8,0.2,0.75,,0,9,30,0,21,0.65,1.0,0.3,1.0,0.461538,0.0,0.7,0.15,0.85,60,9,51,0.35
0.8,0.2,0.75,,1,9,30,0,21,0.65,1.0,0.3,1.0,0.461538,0.0,0.7,0.15,0.85,60,9,51,0.35
0.8,0.2,0.75,0.015,0,9,30,0,21,0.65,1.0,0.3,1.0,0.461538,0.0,0.7,0.15,0.85,60,9,51,0.35
0.8,0.2,0.75,0.015,1,9,30,0,21,0.65,1.0,0.3,1.0,0.461538,0.0,0.7,0.15,0.85,60,9,51,0.35
0.8,0.2,0.75,0.02,0,9,30,0,21,0.65,1.0,0.3,1.0,0.461538,0.0,0.7,0.15,0.85,60,9,51,0.35
0.8,0.2,0.75,0.02,1,9,30,0,21,0.65,1.0,0.3,1.0,0.461538,0.0,0.7,0.15,0.85,60,9,51,0.35
0.8,0.2,0.75,0.025,0,9,30,0,21,0.65,1.0,0.3,1.0,0.461538,0.0,0.7,0.15,0.85,60,9,51,0.35
0.8,0.2,0.75,0.025,1,9,30,0,21,0.65,1.0,0.3,1.0,0.461538,0.0,0.7,0.15,0.85,60,9,51,0.35
0.8,0.2,0.75,0.03,0,9,30,0,21,0.65,1.0,0.3,1.0,0.461538,0.0,0.7,0.15,0.85,60,9,51,0.35
0.8,0.2,0.75,0.03,1,9,30,0,21,0.65,1.0,0.3,1.0,0.461538,0.0,0.7,0.15,0.85,60,9,51,0.35
0.8,0.2,0.8,,0,9,30,0,21,0.65,1.0,0.3,1.0,0.461538,0.0,0.7,0.15,0.85,60,9,51,0.35
0.8,0.2,0.8,,1,9,30,0,21,0.65,1.0,0.3,1.0,0.461538,0.0,0.7,0.15,0.85,60,9,51,0.35
0.8,0.2,0.8,0.015,0,9,30,0,21,0.65,1.0,0.3,1.0,0.461538,0.0,0.7,0.15,0.85,60,9,51,0.35
0.8,0.2,0.8,0.015,1,9,30,0,21,0.65,1.0,0.3,1.0,0.461538,0.0,0.7,0.15,0.85,60,9,51,0.35
0.8,0.2,0.8,0.02,0,9,30,0,21,0.65,1.0,0.3,1.0,0.461538,0.0,0.7,0.15,0.85,60,9,51,0.35
0.8,0.2,0.8,0.02,1,9,30,0,21,0.65,1.0,0.3,1.0,0.461538,0.0,0.7,0.15,0.85,60,9,51,0.35
0.8,0.2,0.8,0.025,0,9,30,0,21,0.65,1.0,0.3,1.0,0.461538,0.0,0.7,0.15,0.85,60,9,51,0.35
0.8,0.2,0.8,0.025,1,9,30,0,21,0.65,1.0,0.3,1.0,0.461538,0.0,0.7,0.15,0.85,60,9,51,0.35
0.8,0.2,0.8,0.03,0,9,30,0,21,0.65,1.0,0.3,1.0,0.461538,0.0,0.7,0.15,0.85,60,9,51,0.35
0.8,0.2,0.8,0.03,1,9,30,0,21,0.65,1.0,0.3,1.0,0.461538,0.0,0.7,0.15,0.85,60,9,51,0.35
0.85,0.05,,,3,9,30,0,21,0.65,1.0,0.3,1.0,0.461538,0.0,0.7,0.15,0.85,60,9,51,0.35
0.85,0.05,,0.015,3,9,30,0,21,0.65,1.0,0.3,1.0,0.461538,0.0,0.7,0.15,0.85,60,9,51,0.35
0.85,0.05,,0.02,3,9,30,0,21,0.65,1.0,0.3,1.0,0.461538,0.0,0.7,0.15,0.85,60,9,51,0.35
0.85,0.05,,0.025,3,9,30,0,21,0.65,1.0,0.3,1.0,0.461538,0.0,0.7,0.15,0.85,60,9,51,0.35
0.85,0.05,,0.03,2,9,30,0,21,0.65,1.0,0.3,1.0,0.461538,0.0,0.7,0.15,0.85,60,9,51,0.35
0.85,0.05,0.65,,3,9,30,0,21,0.65,1.0,0.3,1.0,0.461538,0.0,0.7,0.15,0.85,60,9,51,0.35
0.85,0.05,0.65,0.015,3,9,30,0,21,0.65,1.0,0.3,1.0,0.461538,0.0,0.7,0.15,0.85,60,9,51,0.35
0.85,0.05,0.65,0.02,3,9,30,0,21,0.65,1.0,0.3,1.0,0.461538,0.0,0.7,0.15,0.85,60,9,51,0.35
0.85,0.05,0.65,0.025,3,9,30,0,21,0.65,1.0,0.3,1.0,0.461538,0.0,0.7,0.15,0.85,60,9,51,0.35
0.85,0.05,0.65,0.03,2,9,30,0,21,0.65,1.0,0.3,1.0,0.461538,0.0,0.7,0.15,0.85,60,9,51,0.35
0.85,0.05,0.7,,3,9,30,0,21,0.65,1.0,0.3,1.0,0.461538,0.0,0.7,0.15,0.85,60,9,51,0.35
0.85,0.05,0.7,0.015,3,9,30,0,21,0.65,1.0,0.3,1.0,0.461538,0.0,0.7,0.15,0.85,60,9,51,0.35
0.85,0.05,0.7,0.02,3,9,30,0,21,0.65,1.0,0.3,1.0,0.461538,0.0,0.7,0.15,0.85,60,9,51,0.35
0.85,0.05,0.7,0.025,3,9,30,0,21,0.65,1.0,0.3,1.0,0.461538,0.0,0.7,0.15,0.85,60,9,51,0.35
0.85,0.05,0.7,0.03,2,9,30,0,21,0.65,1.0,0.3,1.0,0.461538,0.0,0.7,0.15,0.85,60,9,51,0.35
0.85,0.05,0.75,,3,9,30,0,21,0.65,1.0,0.3,1.0,0.461538,0.0,0.7,0.15,0.85,60,9,51,0.35
0.85,0.05,0.75,0.015,3,9,30,0,21,0.65,1.0,0.3,1.0,0.461538,0.0,0.7,0.15,0.85,60,9,51,0.35
0.85,0.05,0.75,0.02,3,9,30,0,21,0.65,1.0,0.3,1.0,0.461538,0.0,0.7,0.15,0.85,60,9,51,0.35
0.85,0.05,0.75,0.025,3,9,30,0,21,0.65,1.0,0.3,1.0,0.461538,0.0,0.7,0.15,0.85,60,9,51,0.35
0.85,0.05,0.75,0.03,2,9,30,0,21,0.65,1.0,0.3,1.0,0.461538,0.0,0.7,0.15,0.85,60,9,51,0.35
0.85,0.05,0.8,,3,9,30,0,21,0.65,1.0,0.3,1.0,0.461538,0.0,0.7,0.15,0.85,60,9,51,0.35
0.85,0.05,0.8,0.015,3,9,30,0,21,0.65,1.0,0.3,1.0,0.461538,0.0,0.7,0.15,0.85,60,9,51,0.35
0.85,0.05,0.8,0.02,3,9,30,0,21,0.65,1.0,0.3,1.0,0.461538,0.0,0.7,0.15,0.85,60,9,51,0.35
0.85,0.05,0.8,0.025,3,9,30,0,21,0.65,1.0,0.3,1.0,0.461538,0.0,0.7,0.15,0.85,60,9,51,0.35
0.85,0.05,0.8,0.03,2,9,30,0,21,0.65,1.0,0.3,1.0,0.461538,0.0,0.7,0.15,0.85,60,9,51,0.35
0.85,0.15,,0.015,0,9,30,0,21,0.65,1.0,0.3,1.0,0.461538,0.0,0.7,0.15,0.85,60,9,51,0.35
0.85,0.15,,0.015,1,9,30,0,21,0.65,1.0,0.3,1.0,0.461538,0.0,0.7,0.15,0.85,60,9,51,0.35
0.85,0.15,,0.02,0,9,30,0,21,0.65,1.0,0.3,1.0,0.461538,0.0,0.7,0.15,0.85,60,9,51,0.35
0.85,0.15,,0.02,1,9,30,0,21,0.65,1.0,0.3,1.0,0.461538,0.0,0.7,0.15,0.85,60,9,51,0.35
0.85,0.15,,0.025,0,9,30,0,21,0.65,1.0,0.3,1.0,0.461538,0.0,0.7,0.15,0.85,60,9,51,0.35
0.85,0.15,,0.025,1,9,30,0,21,0.65,1.0,0.3,1.0,0.461538,0.0,0.7,0.15,0.85,60,9,51,0.35
0.85,0.15,,0.03,0,9,30,0,21,0.65,1.0,0.3,1.0,0.461538,0.0,0.7,0.15,0.85,60,9,51,0.35
0.85,0.15,,0.03,1,9,30,0,21,0.65,1.0,0.3,1.0,0.461538,0.0,0.7,0.15,0.85,60,9,51,0.35
0.85,0.15,0.65,0.015,0,9,30,0,21,0.65,1.0,0.3,1.0,0.461538,0.0,0.7,0.15,0.85,60,9,51,0.35
0.85,0.15,0.65,0.015,1,9,30,0,21,0.65,1.0,0.3,1.0,0.461538,0.0,0.7,0.15,0.85,60,9,51,0.35
0.85,0.15,0.65,0.02,0,9,30,0,21,0.65,1.0,0.3,1.0,0.461538,0.0,0.7,0.15,0.85,60,9,51,0.35
0.85,0.15,0.65,0.02,1,9,30,0,21,0.65,1.0,0.3,1.0,0.461538,0.0,0.7,0.15,0.85,60,9,51,0.35
0.85,0.15,0.65,0.025,0,9,30,0,21,0.65,1.0,0.3,1.0,0.461538,0.0,0.7,0.15,0.85,60,9,51,0.35
0.85,0.15,0.65,0.025,1,9,30,0,21,0.65,1.0,0.3,1.0,0.461538,0.0,0.7,0.15,0.85,60,9,51,0.35
0.85,0.15,0.65,0.03,0,9,30,0,21,0.65,1.0,0.3,1.0,0.461538,0.0,0.7,0.15,0.85,60,9,51,0.35
0.85,0.15,0.65,0.03,1,9,30,0,21,0.65,1.0,0.3,1.0,0.461538,0.0,0.7,0.15,0.85,60,9,51,0.35
0.85,0.15,0.7,0.015,0,9,30,0,21,0.65,1.0,0.3,1.0,0.461538,0.0,0.7,0.15,0.85,60,9,51,0.35
0.85,0.15,0.7,0.015,1,9,30,0,21,0.65,1.0,0.3,1.0,0.461538,0.0,0.7,0.15,0.85,60,9,51,0.35
0.85,0.15,0.7,0.02,0,9,30,0,21,0.65,1.0,0.3,1.0,0.461538,0.0,0.7,0.15,0.85,60,9,51,0.35
0.85,0.15,0.7,0.02,1,9,30,0,21,0.65,1.0,0.3,1.0,0.461538,0.0,0.7,0.15,0.85,60,9,51,0.35
0.85,0.15,0.7,0.025,0,9,30,0,21,0.65,1.0,0.3,1.0,0.461538,0.0,0.7,0.15,0.85,60,9,51,0.35
0.85,0.15,0.7,0.025,1,9,30,0,21,0.65,1.0,0.3,1.0,0.461538,0.0,0.7,0.15,0.85,60,9,51,0.35
0.85,0.15,0.7,0.03,0,9,30,0,21,0.65,1.0,0.3,1.0,0.461538,0.0,0.7,0.15,0.85,60,9,51,0.35
0.85,0.15,0.7,0.03,1,9,30,0,21,0.65,1.0,0.3,1.0,0.461538,0.0,0.7,0.15,0.85,60,9,51,0.35
0.85,0.15,0.75,,0,9,30,0,21,0.65,1.0,0.3,1.0,0.461538,0.0,0.7,0.15,0.85,60,9,51,0.35
0.85,0.15,0.75,,1,9,30,0,21,0.65,1.0,0.3,1.0,0.461538,0.0,0.7,0.15,0.85,60,9,51,0.35
0.85,0.15,0.75,0.015,0,9,30,0,21,0.65,1.0,0.3,1.0,0.461538,0.0,0.7,0.15,0.85,60,9,51,0.35
0.85,0.15,0.75,0.015,1,9,30,0,21,0.65,1.0,0.3,1.0,0.461538,0.0,0.7,0.15,0.85,60,9,51,0.35
0.85,0.15,0.75,0.02,0,9,30,0,21,0.65,1.0,0.3,1.0,0.461538,0.0,0.7,0.15,0.85,60,9,51,0.35
0.85,0.15,0.75,0.02,1,9,30,0,21,0.65,1.0,0.3,1.0,0.461538,0.0,0.7,0.15,0.85,60,9,51,0.35
0.85,0.15,0.75,0.025,0,9,30,0,21,0.65,1.0,0.3,1.0,0.461538,0.0,0.7,0.15,0.85,60,9,51,0.35
0.85,0.15,0.75,0.025,1,9,30,0,21,0.65,1.0,0.3,1.0,0.461538,0.0,0.7,0.15,0.85,60,9,51,0.35
0.85,0.15,0.75,0.03,0,9,30,0,21,0.65,1.0,0.3,1.0,0.461538,0.0,0.7,0.15,0.85,60,9,51,0.35
0.85,0.15,0.75,0.03,1,9,30,0,21,0.65,1.0,0.3,1.0,0.461538,0.0,0.7,0.15,0.85,60,9,51,0.35
0.85,0.15,0.8,,0,9,30,0,21,0.65,1.0,0.3,1.0,0.461538,0.0,0.7,0.15,0.85,60,9,51,0.35
0.85,0.15,0.8,,1,9,30,0,21,0.65,1.0,0.3,1.0,0.461538,0.0,0.7,0.15,0.85,60,9,51,0.35
0.85,0.15,0.8,0.015,0,9,30,0,21,0.65,1.0,0.3,1.0,0.461538,0.0,0.7,0.15,0.85,60,9,51,0.35
0.85,0.15,0.8,0.015,1,9,30,0,21,0.65,1.0,0.3,1.0,0.461538,0.0,0.7,0.15,0.85,60,9,51,0.35
0.85,0.15,0.8,0.02,0,9,30,0,21,0.65,1.0,0.3,1.0,0.461538,0.0,0.7,0.15,0.85,60,9,51,0.35
0.85,0.15,0.8,0.02,1,9,30,0,21,0.65,1.0,0.3,1.0,0.461538,0.0,0.7,0.15,0.85,60,9,51,0.35
0.85,0.15,0.8,0.025,0,9,30,0,21,0.65,1.0,0.3,1.0,0.461538,0.0,0.7,0.15,0.85,60,9,51,0.35
0.85,0.15,0.8,0.025,1,9,30,0,21,0.65,1.0,0.3,1.0,0.461538,0.0,0.7,0.15,0.85,60,9,51,0.35
0.85,0.15,0.8,0.03,0,9,30,0,21,0.65,1.0,0.3,1.0,0.461538,0.0,0.7,0.15,0.85,60,9,51,0.35
0.85,0.15,0.8,0.03,1,9,30,0,21,0.65,1.0,0.3,1.0,0.461538,0.0,0.7,0.15,0.85,60,9,51,0.35
0.9,0.05,,,3,9,30,0,21,0.65,1.0,0.3,1.0,0.461538,0.0,0.7,0.15,0.85,60,9,51,0.35
0.9,0.05,,0.015,3,9,30,0,21,0.65,1.0,0.3,1.0,0.461538,0.0,0.7,0.15,0.85,60,9,51,0.35
0.9,0.05,,0.02,3,9,30,0,21,0.65,1.0,0.3,1.0,0.461538,0.0,0.7,0.15,0.85,60,9,51,0.35
0.9,0.05,,0.025,3,9,30,0,21,0.65,1.0,0.3,1.0,0.461538,0.0,0.7,0.15,0.85,60,9,51,0.35
0.9,0.05,,0.03,2,9,30,0,21,0.65,1.0,0.3,1.0,0.461538,0.0,0.7,0.15,0.85,60,9,51,0.35
0.9,0.05,0.65,,3,9,30,0,21,0.65,1.0,0.3,1.0,0.461538,0.0,0.7,0.15,0.85,60,9,51,0.35
0.9,0.05,0.65,0.015,3,9,30,0,21,0.65,1.0,0.3,1.0,0.461538,0.0,0.7,0.15,0.85,60,9,51,0.35
0.9,0.05,0.65,0.02,3,9,30,0,21,0.65,1.0,0.3,1.0,0.461538,0.0,0.7,0.15,0.85,60,9,51,0.35
0.9,0.05,0.65,0.025,3,9,30,0,21,0.65,1.0,0.3,1.0,0.461538,0.0,0.7,0.15,0.85,60,9,51,0.35
0.9,0.05,0.65,0.03,2,9,30,0,21,0.65,1.0,0.3,1.0,0.461538,0.0,0.7,0.15,0.85,60,9,51,0.35
0.9,0.05,0.7,,3,9,30,0,21,0.65,1.0,0.3,1.0,0.461538,0.0,0.7,0.15,0.85,60,9,51,0.35
0.9,0.05,0.7,0.015,3,9,30,0,21,0.65,1.0,0.3,1.0,0.461538,0.0,0.7,0.15,0.85,60,9,51,0.35
0.9,0.05,0.7,0.02,3,9,30,0,21,0.65,1.0,0.3,1.0,0.461538,0.0,0.7,0.15,0.85,60,9,51,0.35
0.9,0.05,0.7,0.025,3,9,30,0,21,0.65,1.0,0.3,1.0,0.461538,0.0,0.7,0.15,0.85,60,9,51,0.35
0.9,0.05,0.7,0.03,2,9,30,0,21,0.65,1.0,0.3,1.0,0.461538,0.0,0.7,0.15,0.85,60,9,51,0.35
0.9,0.05,0.75,,3,9,30,0,21,0.65,1.0,0.3,1.0,0.461538,0.0,0.7,0.15,0.85,60,9,51,0.35
0.9,0.05,0.75,0.015,3,9,30,0,21,0.65,1.0,0.3,1.0,0.461538,0.0,0.7,0.15,0.85,60,9,51,0.35
0.9,0.05,0.75,0.02,3,9,30,0,21,0.65,1.0,0.3,1.0,0.461538,0.0,0.7,0.15,0.85,60,9,51,0.35
0.9,0.05,0.75,0.025,3,9,30,0,21,0.65,1.0,0.3,1.0,0.461538,0.0,0.7,0.15,0.85,60,9,51,0.35
0.9,0.05,0.75,0.03,2,9,30,0,21,0.65,1.0,0.3,1.0,0.461538,0.0,0.7,0.15,0.85,60,9,51,0.35
0.9,0.05,0.8,,3,9,30,0,21,0.65,1.0,0.3,1.0,0.461538,0.0,0.7,0.15,0.85,60,9,51,0.35
0.9,0.05,0.8,0.015,3,9,30,0,21,0.65,1.0,0.3,1.0,0.461538,0.0,0.7,0.15,0.85,60,9,51,0.35
0.9,0.05,0.8,0.02,3,9,30,0,21,0.65,1.0,0.3,1.0,0.461538,0.0,0.7,0.15,0.85,60,9,51,0.35
0.9,0.05,0.8,0.025,3,9,30,0,21,0.65,1.0,0.3,1.0,0.461538,0.0,0.7,0.15,0.85,60,9,51,0.35
0.9,0.05,0.8,0.03,2,9,30,0,21,0.65,1.0,0.3,1.0,0.461538,0.0,0.7,0.15,0.85,60,9,51,0.35
0.9,0.15,,0.015,0,9,30,0,21,0.65,1.0,0.3,1.0,0.461538,0.0,0.7,0.15,0.85,60,9,51,0.35
0.9,0.15,,0.015,1,9,30,0,21,0.65,1.0,0.3,1.0,0.461538,0.0,0.7,0.15,0.85,60,9,51,0.35
0.9,0.15,,0.02,0,9,30,0,21,0.65,1.0,0.3,1.0,0.461538,0.0,0.7,0.15,0.85,60,9,51,0.35
0.9,0.15,,0.02,1,9,30,0,21,0.65,1.0,0.3,1.0,0.461538,0.0,0.7,0.15,0.85,60,9,51,0.35
0.9,0.15,,0.025,0,9,30,0,21,0.65,1.0,0.3,1.0,0.461538,0.0,0.7,0.15,0.85,60,9,51,0.35
0.9,0.15,,0.025,1,9,30,0,21,0.65,1.0,0.3,1.0,0.461538,0.0,0.7,0.15,0.85,60,9,51,0.35
0.9,0.15,,0.03,0,9,30,0,21,0.65,1.0,0.3,1.0,0.461538,0.0,0.7,0.15,0.85,60,9,51,0.35
0.9,0.15,,0.03,1,9,30,0,21,0.65,1.0,0.3,1.0,0.461538,0.0,0.7,0.15,0.85,60,9,51,0.35
0.9,0.15,0.65,0.015,0,9,30,0,21,0.65,1.0,0.3,1.0,0.461538,0.0,0.7,0.15,0.85,60,9,51,0.35
0.9,0.15,0.65,0.015,1,9,30,0,21,0.65,1.0,0.3,1.0,0.461538,0.0,0.7,0.15,0.85,60,9,51,0.35
0.9,0.15,0.65,0.02,0,9,30,0,21,0.65,1.0,0.3,1.0,0.461538,0.0,0.7,0.15,0.85,60,9,51,0.35
0.9,0.15,0.65,0.02,1,9,30,0,21,0.65,1.0,0.3,1.0,0.461538,0.0,0.7,0.15,0.85,60,9,51,0.35
0.9,0.15,0.65,0.025,0,9,30,0,21,0.65,1.0,0.3,1.0,0.461538,0.0,0.7,0.15,0.85,60,9,51,0.35
0.9,0.15,0.65,0.025,1,9,30,0,21,0.65,1.0,0.3,1.0,0.461538,0.0,0.7,0.15,0.85,60,9,51,0.35
0.9,0.15,0.65,0.03,0,9,30,0,21,0.65,1.0,0.3,1.0,0.461538,0.0,0.7,0.15,0.85,60,9,51,0.35
0.9,0.15,0.65,0.03,1,9,30,0,21,0.65,1.0,0.3,1.0,0.461538,0.0,0.7,0.15,0.85,60,9,51,0.35
0.9,0.15,0.7,0.015,0,9,30,0,21,0.65,1.0,0.3,1.0,0.461538,0.0,0.7,0.15,0.85,60,9,51,0.35
0.9,0.15,0.7,0.015,1,9,30,0,21,0.65,1.0,0.3,1.0,0.461538,0.0,0.7,0.15,0.85,60,9,51,0.35
0.9,0.15,0.7,0.02,0,9,30,0,21,0.65,1.0,0.3,1.0,0.461538,0.0,0.7,0.15,0.85,60,9,51,0.35
0.9,0.15,0.7,0.02,1,9,30,0,21,0.65,1.0,0.3,1.0,0.461538,0.0,0.7,0.15,0.85,60,9,51,0.35
0.9,0.15,0.7,0.025,0,9,30,0,21,0.65,1.0,0.3,1.0,0.461538,0.0,0.7,0.15,0.85,60,9,51,0.35
0.9,0.15,0.7,0.025,1,9,30,0,21,0.65,1.0,0.3,1.0,0.461538,0.0,0.7,0.15,0.85,60,9,51,0.35
0.9,0.15,0.7,0.03,0,9,30,0,21,0.65,1.0,0.3,1.0,0.461538,0.0,0.7,0.15,0.85,60,9,51,0.35
0.9,0.15,0.7,0.03,1,9,30,0,21,0.65,1.0,0.3,1.0,0.461538,0.0,0.7,0.15,0.85,60,9,51,0.35
0.9,0.15,0.75,,0,9,30,0,21,0.65,1.0,0.3,1.0,0.461538,0.0,0.7,0.15,0.85,60,9,51,0.35
0.9,0.15,0.75,,1,9,30,0,21,0.65,1.0,0.3,1.0,0.461538,0.0,0.7,0.15,0.85,60,9,51,0.35
0.9,0.15,0.75,0.015,0,9,30,0,21,0.65,1.0,0.3,1.0,0.461538,0.0,0.7,0.15,0.85,60,9,51,0.35
0.9,0.15,0.75,0.015,1,9,30,0,21,0.65,1.0,0.3,1.0,0.461538,0.0,0.7,0.15,0.85,60,9,51,0.35
0.9,0.15,0.75,0.02,0,9,30,0,21,0.65,1.0,0.3,1.0,0.461538,0.0,0.7,0.15,0.85,60,9,51,0.35
0.9,0.15,0.75,0.02,1,9,30,0,21,0.65,1.0,0.3,1.0,0.461538,0.0,0.7,0.15,0.85,60,9,51,0.35
0.9,0.15,0.75,0.025,0,9,30,0,21,0.65,1.0,0.3,1.0,0.461538,0.0,0.7,0.15,0.85,60,9,51,0.35
0.9,0.15,0.75,0.025,1,9,30,0,21,0.65,1.0,0.3,1.0,0.461538,0.0,0.7,0.15,0.85,60,9,51,0.35
0.9,0.15,0.75,0.03,0,9,30,0,21,0.65,1.0,0.3,1.0,0.461538,0.0,0.7,0.15,0.85,60,9,51,0.35
0.9,0.15,0.75,0.03,1,9,30,0,21,0.65,1.0,0.3,1.0,0.461538,0.0,0.7,0.15,0.85,60,9,51,0.35
0.9,0.15,0.8,,0,9,30,0,21,0.65,1.0,0.3,1.0,0.461538,0.0,0.7,0.15,0.85,60,9,51,0.35
0.9,0.15,0.8,,1,9,30,0,21,0.65,1.0,0.3,1.0,0.461538,0.0,0.7,0.15,0.85,60,9,51,0.35
0.9,0.15,0.8,0.015,0,9,30,0,21,0.65,1.0,0.3,1.0,0.461538,0.0,0.7,0.15,0.85,60,9,51,0.35
0.9,0.15,0.8,0.015,1,9,30,0,21,0.65,1.0,0.3,1.0,0.461538,0.0,0.7,0.15,0.85,60,9,51,0.35
0.9,0.15,0.8,0.02,0,9,30,0,21,0.65,1.0,0.3,1.0,0.461538,0.0,0.7,0.15,0.85,60,9,51,0.35
0.9,0.15,0.8,0.02,1,9,30,0,21,0.65,1.0,0.3,1.0,0.461538,0.0,0.7,0.15,0.85,60,9,51,0.35
0.9,0.15,0.8,0.025,0,9,30,0,21,0.65,1.0,0.3,1.0,0.461538,0.0,0.7,0.15,0.85,60,9,51,0.35
0.9,0.15,0.8,0.025,1,9,30,0,21,0.65,1.0,0.3,1.0,0.461538,0.0,0.7,0.15,0.85,60,9,51,0.35
0.9,0.15,0.8,0.03,0,9,30,0,21,0.65,1.0,0.3,1.0,0.461538,0.0,0.7,0.15,0.85,60,9,51,0.35
0.9,0.15,0.8,0.03,1,9,30,0,21,0.65,1.0,0.3,1.0,0.461538,0.0,0.7,0.15,0.85,60,9,51,0.35
0.95,0.02,,0.03,3,9,30,0,21,0.65,1.0,0.3,1.0,0.461538,0.0,0.7,0.15,0.85,60,9,51,0.35
0.95,0.02,0.65,0.03,3,9,30,0,21,0.65,1.0,0.3,1.0,0.461538,0.0,0.7,0.15,0.85,60,9,51,0.35
0.95,0.02,0.7,0.03,3,9,30,0,21,0.65,1.0,0.3,1.0,0.461538,0.0,0.7,0.15,0.85,60,9,51,0.35
0.95,0.02,0.75,0.03,3,9,30,0,21,0.65,1.0,0.3,1.0,0.461538,0.0,0.7,0.15,0.85,60,9,51,0.35
0.95,0.02,0.8,0.03,3,9,30,0,21,0.65,1.0,0.3,1.0,0.461538,0.0,0.7,0.15,0.85,60,9,51,0.35
0.95,0.02,0.85,,2,9,30,0,21,0.65,1.0,0.3,1.0,0.461538,0.0,0.7,0.15,0.85,60,9,51,0.35
0.95,0.02,0.85,0.015,2,9,30,0,21,0.65,1.0,0.3,1.0,0.461538,0.0,0.7,0.15,0.85,60,9,51,0.35
0.95,0.02,0.85,0.02,2,9,30,0,21,0.65,1.0,0.3,1.0,0.461538,0.0,0.7,0.15,0.85,60,9,51,0.35
0.95,0.02,0.85,0.025,2,9,30,0,21,0.65,1.0,0.3,1.0,0.461538,0.0,0.7,0.15,0.85,60,9,51,0.35
0.95,0.02,0.85,0.03,2,9,30,0,21,0.65,1.0,0.3,1.0,0.461538,0.0,0.7,0.15,0.85,60,9,51,0.35
0.95,0.05,,0.015,2,9,30,0,21,0.65,1.0,0.3,1.0,0.461538,0.0,0.7,0.15,0.85,60,9,51,0.35
0.95,0.05,,0.02,2,9,30,0,21,0.65,1.0,0.3,1.0,0.461538,0.0,0.7,0.15,0.85,60,9,51,0.35
0.95,0.05,,0.025,2,9,30,0,21,0.65,1.0,0.3,1.0,0.461538,0.0,0.7,0.15,0.85,60,9,51,0.35
0.95,0.05,0.65,0.015,2,9,30,0,21,0.65,1.0,0.3,1.0,0.461538,0.0,0.7,0.15,0.85,60,9,51,0.35
0.95,0.05,0.65,0.02,2,9,30,0,21,0.65,1.0,0.3,1.0,0.461538,0.0,0.7,0.15,0.85,60,9,51,0.35
0.95,0.05,0.65,0.025,2,9,30,0,21,0.65,1.0,0.3,1.0,0.461538,0.0,0.7,0.15,0.85,60,9,51,0.35
0.95,0.05,0.7,0.015,2,9,30,0,21,0.65,1.0,0.3,1.0,0.461538,0.0,0.7,0.15,0.85,60,9,51,0.35
0.95,0.05,0.7,0.02,2,9,30,0,21,0.65,1.0,0.3,1.0,0.461538,0.0,0.7,0.15,0.85,60,9,51,0.35
0.95,0.05,0.7,0.025,2,9,30,0,21,0.65,1.0,0.3,1.0,0.461538,0.0,0.7,0.15,0.85,60,9,51,0.35
0.95,0.05,0.75,,2,9,30,0,21,0.65,1.0,0.3,1.0,0.461538,0.0,0.7,0.15,0.85,60,9,51,0.35
0.95,0.05,0.75,0.015,2,9,30,0,21,0.65,1.0,0.3,1.0,0.461538,0.0,0.7,0.15,0.85,60,9,51,0.35
0.95,0.05,0.75,0.02,2,9,30,0,21,0.65,1.0,0.3,1.0,0.461538,0.0,0.7,0.15,0.85,60,9,51,0.35
0.95,0.05,0.75,0.025,2,9,30,0,21,0.65,1.0,0.3,1.0,0.461538,0.0,0.7,0.15,0.85,60,9,51,0.35
0.95,0.05,0.8,,2,9,30,0,21,0.65,1.0,0.3,1.0,0.461538,0.0,0.7,0.15,0.85,60,9,51,0.35
0.95,0.05,0.8,0.015,2,9,30,0,21,0.65,1.0,0.3,1.0,0.461538,0.0,0.7,0.15,0.85,60,9,51,0.35
0.95,0.05,0.8,0.02,2,9,30,0,21,0.65,1.0,0.3,1.0,0.461538,0.0,0.7,0.15,0.85,60,9,51,0.35
0.95,0.05,0.8,0.025,2,9,30,0,21,0.65,1.0,0.3,1.0,0.461538,0.0,0.7,0.15,0.85,60,9,51,0.35
0.3,0.05,,0.03,3,8,30,0,22,0.633333,1.0,0.266667,1.0,0.421053,0.0,0.733333,0.133333,0.866667,60,8,52,0.366667
0.3,0.05,0.65,0.03,3,8,30,0,22,0.633333,1.0,0.266667,1.0,0.421053,0.0,0.733333,0.133333,0.866667,60,8,52,0.366667
0.3,0.05,0.7,0.03,3,8,30,0,22,0.633333,1.0,0.266667,1.0,0.421053,0.0,0.733333,0.133333,0.866667,60,8,52,0.366667
0.3,0.05,0.75,0.03,3,8,30,0,22,0.633333,1.0,0.266667,1.0,0.421053,0.0,0.733333,0.133333,0.866667,60,8,52,0.366667
0.3,0.05,0.8,0.03,3,8,30,0,22,0.633333,1.0,0.266667,1.0,0.421053,0.0,0.733333,0.133333,0.866667,60,8,52,0.366667
0.3,0.05,0.85,,3,8,30,0,22,0.633333,1.0,0.266667,1.0,0.421053,0.0,0.733333,0.133333,0.866667,60,8,52,0.366667
0.3,0.05,0.85,0.015,3,8,30,0,22,0.633333,1.0,0.266667,1.0,0.421053,0.0,0.733333,0.133333,0.866667,60,8,52,0.366667
0.3,0.05,0.85,0.02,3,8,30,0,22,0.633333,1.0,0.266667,1.0,0.421053,0.0,0.733333,0.133333,0.866667,60,8,52,0.366667
0.3,0.05,0.85,0.025,3,8,30,0,22,0.633333,1.0,0.266667,1.0,0.421053,0.0,0.733333,0.133333,0.866667,60,8,52,0.366667
0.3,0.1,0.85,0.03,0,8,30,0,22,0.633333,1.0,0.266667,1.0,0.421053,0.0,0.733333,0.133333,0.866667,60,8,52,0.366667
0.3,0.1,0.85,0.03,1,8,30,0,22,0.633333,1.0,0.266667,1.0,0.421053,0.0,0.733333,0.133333,0.866667,60,8,52,0.366667
0.4,0.05,,0.03,3,8,30,0,22,0.633333,1.0,0.266667,1.0,0.421053,0.0,0.733333,0.133333,0.866667,60,8,52,0.366667
0.4,0.05,0.65,0.03,3,8,30,0,22,0.633333,1.0,0.266667,1.0,0.421053,0.0,0.733333,0.133333,0.866667,60,8,52,0.366667
0.4,0.05,0.7,0.03,3,8,30,0,22,0.633333,1.0,0.266667,1.0,0.421053,0.0,0.733333,0.133333,0.866667,60,8,52,0.366667
0.4,0.05,0.75,0.03,3,8,30,0,22,0.633333,1.0,0.266667,1.0,0.421053,0.0,0.733333,0.133333,0.866667,60,8,52,0.366667
0.4,0.05,0.8,0.03,3,8,30,0,22,0.633333,1.0,0.266667,1.0,0.421053,0.0,0.733333,0.133333,0.866667,60,8,52,0.366667
0.4,0.05,0.85,,3,8,30,0,22,0.633333,1.0,0.266667,1.0,0.421053,0.0,0.733333,0.133333,0.866667,60,8,52,0.366667
0.4,0.05,0.85,0.015,3,8,30,0,22,0.633333,1.0,0.266667,1.0,0.421053,0.0,0.733333,0.133333,0.866667,60,8,52,0.366667
0.4,0.05,0.85,0.02,3,8,30,0,22,0.633333,1.0,0.266667,1.0,0.421053,0.0,0.733333,0.133333,0.866667,60,8,52,0.366667
0.4,0.05,0.85,0.025,3,8,30,0,22,0.633333,1.0,0.266667,1.0,0.421053,0.0,0.733333,0.133333,0.866667,60,8,52,0.366667
0.4,0.1,0.85,0.03,0,8,30,0,22,0.633333,1.0,0.266667,1.0,0.421053,0.0,0.733333,0.133333,0.866667,60,8,52,0.366667
0.4,0.1,0.85,0.03,1,8,30,0,22,0.633333,1.0,0.266667,1.0,0.421053,0.0,0.733333,0.133333,0.866667,60,8,52,0.366667
0.5,0.05,,0.03,3,8,30,0,22,0.633333,1.0,0.266667,1.0,0.421053,0.0,0.733333,0.133333,0.866667,60,8,52,0.366667
0.5,0.05,0.65,0.03,3,8,30,0,22,0.633333,1.0,0.266667,1.0,0.421053,0.0,0.733333,0.133333,0.866667,60,8,52,0.366667
0.5,0.05,0.7,0.03,3,8,30,0,22,0.633333,1.0,0.266667,1.0,0.421053,0.0,0.733333,0.133333,0.866667,60,8,52,0.366667
0.5,0.05,0.75,0.03,3,8,30,0,22,0.633333,1.0,0.266667,1.0,0.421053,0.0,0.733333,0.133333,0.866667,60,8,52,0.366667
0.5,0.05,0.8,0.03,3,8,30,0,22,0.633333,1.0,0.266667,1.0,0.421053,0.0,0.733333,0.133333,0.866667,60,8,52,0.366667
0.5,0.05,0.85,,3,8,30,0,22,0.633333,1.0,0.266667,1.0,0.421053,0.0,0.733333,0.133333,0.866667,60,8,52,0.366667
0.5,0.05,0.85,0.015,3,8,30,0,22,0.633333,1.0,0.266667,1.0,0.421053,0.0,0.733333,0.133333,0.866667,60,8,52,0.366667
0.5,0.05,0.85,0.02,3,8,30,0,22,0.633333,1.0,0.266667,1.0,0.421053,0.0,0.733333,0.133333,0.866667,60,8,52,0.366667
0.5,0.05,0.85,0.025,3,8,30,0,22,0.633333,1.0,0.266667,1.0,0.421053,0.0,0.733333,0.133333,0.866667,60,8,52,0.366667
0.5,0.1,0.85,0.03,0,8,30,0,22,0.633333,1.0,0.266667,1.0,0.421053,0.0,0.733333,0.133333,0.866667,60,8,52,0.366667
0.5,0.1,0.85,0.03,1,8,30,0,22,0.633333,1.0,0.266667,1.0,0.421053,0.0,0.733333,0.133333,0.866667,60,8,52,0.366667
0.6,0.05,,0.03,3,8,30,0,22,0.633333,1.0,0.266667,1.0,0.421053,0.0,0.733333,0.133333,0.866667,60,8,52,0.366667
0.6,0.05,0.65,0.03,3,8,30,0,22,0.633333,1.0,0.266667,1.0,0.421053,0.0,0.733333,0.133333,0.866667,60,8,52,0.366667
0.6,0.05,0.7,0.03,3,8,30,0,22,0.633333,1.0,0.266667,1.0,0.421053,0.0,0.733333,0.133333,0.866667,60,8,52,0.366667
0.6,0.05,0.75,0.03,3,8,30,0,22,0.633333,1.0,0.266667,1.0,0.421053,0.0,0.733333,0.133333,0.866667,60,8,52,0.366667
0.6,0.05,0.8,0.03,3,8,30,0,22,0.633333,1.0,0.266667,1.0,0.421053,0.0,0.733333,0.133333,0.866667,60,8,52,0.366667
0.6,0.05,0.85,,3,8,30,0,22,0.633333,1.0,0.266667,1.0,0.421053,0.0,0.733333,0.133333,0.866667,60,8,52,0.366667
0.6,0.05,0.85,0.015,3,8,30,0,22,0.633333,1.0,0.266667,1.0,0.421053,0.0,0.733333,0.133333,0.866667,60,8,52,0.366667
0.6,0.05,0.85,0.02,3,8,30,0,22,0.633333,1.0,0.266667,1.0,0.421053,0.0,0.733333,0.133333,0.866667,60,8,52,0.366667
0.6,0.05,0.85,0.025,3,8,30,0,22,0.633333,1.0,0.266667,1.0,0.421053,0.0,0.733333,0.133333,0.866667,60,8,52,0.366667
0.6,0.1,0.85,0.03,0,8,30,0,22,0.633333,1.0,0.266667,1.0,0.421053,0.0,0.733333,0.133333,0.866667,60,8,52,0.366667
0.6,0.1,0.85,0.03,1,8,30,0,22,0.633333,1.0,0.266667,1.0,0.421053,0.0,0.733333,0.133333,0.866667,60,8,52,0.366667
0.7,0.05,,0.03,3,8,30,0,22,0.633333,1.0,0.266667,1.0,0.421053,0.0,0.733333,0.133333,0.866667,60,8,52,0.366667
0.7,0.05,0.65,0.03,3,8,30,0,22,0.633333,1.0,0.266667,1.0,0.421053,0.0,0.733333,0.133333,0.866667,60,8,52,0.366667
0.7,0.05,0.7,0.03,3,8,30,0,22,0.633333,1.0,0.266667,1.0,0.421053,0.0,0.733333,0.133333,0.866667,60,8,52,0.366667
0.7,0.05,0.75,0.03,3,8,30,0,22,0.633333,1.0,0.266667,1.0,0.421053,0.0,0.733333,0.133333,0.866667,60,8,52,0.366667
0.7,0.05,0.8,0.03,3,8,30,0,22,0.633333,1.0,0.266667,1.0,0.421053,0.0,0.733333,0.133333,0.866667,60,8,52,0.366667
0.7,0.05,0.85,,3,8,30,0,22,0.633333,1.0,0.266667,1.0,0.421053,0.0,0.733333,0.133333,0.866667,60,8,52,0.366667
0.7,0.05,0.85,0.015,3,8,30,0,22,0.633333,1.0,0.266667,1.0,0.421053,0.0,0.733333,0.133333,0.866667,60,8,52,0.366667
0.7,0.05,0.85,0.02,3,8,30,0,22,0.633333,1.0,0.266667,1.0,0.421053,0.0,0.733333,0.133333,0.866667,60,8,52,0.366667
0.7,0.05,0.85,0.025,3,8,30,0,22,0.633333,1.0,0.266667,1.0,0.421053,0.0,0.733333,0.133333,0.866667,60,8,52,0.366667
0.7,0.1,0.85,0.03,0,8,30,0,22,0.633333,1.0,0.266667,1.0,0.421053,0.0,0.733333,0.133333,0.866667,60,8,52,0.366667
0.7,0.1,0.85,0.03,1,8,30,0,22,0.633333,1.0,0.266667,1.0,0.421053,0.0,0.733333,0.133333,0.866667,60,8,52,0.366667
0.75,0.05,,0.03,3,8,30,0,22,0.633333,1.0,0.266667,1.0,0.421053,0.0,0.733333,0.133333,0.866667,60,8,52,0.366667
0.75,0.05,0.65,0.03,3,8,30,0,22,0.633333,1.0,0.266667,1.0,0.421053,0.0,0.733333,0.133333,0.866667,60,8,52,0.366667
0.75,0.05,0.7,0.03,3,8,30,0,22,0.633333,1.0,0.266667,1.0,0.421053,0.0,0.733333,0.133333,0.866667,60,8,52,0.366667
0.75,0.05,0.75,0.03,3,8,30,0,22,0.633333,1.0,0.266667,1.0,0.421053,0.0,0.733333,0.133333,0.866667,60,8,52,0.366667
0.75,0.05,0.8,0.03,3,8,30,0,22,0.633333,1.0,0.266667,1.0,0.421053,0.0,0.733333,0.133333,0.866667,60,8,52,0.366667
0.75,0.05,0.85,,3,8,30,0,22,0.633333,1.0,0.266667,1.0,0.421053,0.0,0.733333,0.133333,0.866667,60,8,52,0.366667
0.75,0.05,0.85,0.015,3,8,30,0,22,0.633333,1.0,0.266667,1.0,0.421053,0.0,0.733333,0.133333,0.866667,60,8,52,0.366667
0.75,0.05,0.85,0.02,3,8,30,0,22,0.633333,1.0,0.266667,1.0,0.421053,0.0,0.733333,0.133333,0.866667,60,8,52,0.366667
0.75,0.05,0.85,0.025,3,8,30,0,22,0.633333,1.0,0.266667,1.0,0.421053,0.0,0.733333,0.133333,0.866667,60,8,52,0.366667
0.75,0.1,0.85,0.03,0,8,30,0,22,0.633333,1.0,0.266667,1.0,0.421053,0.0,0.733333,0.133333,0.866667,60,8,52,0.366667
0.75,0.1,0.85,0.03,1,8,30,0,22,0.633333,1.0,0.266667,1.0,0.421053,0.0,0.733333,0.133333,0.866667,60,8,52,0.366667
0.8,0.05,,0.03,3,8,30,0,22,0.633333,1.0,0.266667,1.0,0.421053,0.0,0.733333,0.133333,0.866667,60,8,52,0.366667
0.8,0.05,0.65,0.03,3,8,30,0,22,0.633333,1.0,0.266667,1.0,0.421053,0.0,0.733333,0.133333,0.866667,60,8,52,0.366667
0.8,0.05,0.7,0.03,3,8,30,0,22,0.633333,1.0,0.266667,1.0,0.421053,0.0,0.733333,0.133333,0.866667,60,8,52,0.366667
0.8,0.05,0.75,0.03,3,8,30,0,22,0.633333,1.0,0.266667,1.0,0.421053,0.0,0.733333,0.133333,0.866667,60,8,52,0.366667
0.8,0.05,0.8,0.03,3,8,30,0,22,0.633333,1.0,0.266667,1.0,0.421053,0.0,0.733333,0.133333,0.866667,60,8,52,0.366667
0.8,0.1,0.85,,0,8,30,0,22,0.633333,1.0,0.266667,1.0,0.421053,0.0,0.733333,0.133333,0.866667,60,8,52,0.366667
0.8,0.1,0.85,,1,8,30,0,22,0.633333,1.0,0.266667,1.0,0.421053,0.0,0.733333,0.133333,0.866667,60,8,52,0.366667
0.8,0.1,0.85,0.015,0,8,30,0,22,0.633333,1.0,0.266667,1.0,0.421053,0.0,0.733333,0.133333,0.866667,60,8,52,0.366667
0.8,0.1,0.85,0.015,1,8,30,0,22,0.633333,1.0,0.266667,1.0,0.421053,0.0,0.733333,0.133333,0.866667,60,8,52,0.366667
0.8,0.1,0.85,0.02,0,8,30,0,22,0.633333,1.0,0.266667,1.0,0.421053,0.0,0.733333,0.133333,0.866667,60,8,52,0.366667
0.8,0.1,0.85,0.02,1,8,30,0,22,0.633333,1.0,0.266667,1.0,0.421053,0.0,0.733333,0.133333,0.866667,60,8,52,0.366667
0.8,0.1,0.85,0.025,0,8,30,0,22,0.633333,1.0,0.266667,1.0,0.421053,0.0,0.733333,0.133333,0.866667,60,8,52,0.366667
0.8,0.1,0.85,0.025,1,8,30,0,22,0.633333,1.0,0.266667,1.0,0.421053,0.0,0.733333,0.133333,0.866667,60,8,52,0.366667
0.8,0.1,0.85,0.03,0,8,30,0,22,0.633333,1.0,0.266667,1.0,0.421053,0.0,0.733333,0.133333,0.866667,60,8,52,0.366667
0.8,0.1,0.85,0.03,1,8,30,0,22,0.633333,1.0,0.266667,1.0,0.421053,0.0,0.733333,0.133333,0.866667,60,8,52,0.366667
0.85,0.05,,0.03,3,8,30,0,22,0.633333,1.0,0.266667,1.0,0.421053,0.0,0.733333,0.133333,0.866667,60,8,52,0.366667
0.85,0.05,0.65,0.03,3,8,30,0,22,0.633333,1.0,0.266667,1.0,0.421053,0.0,0.733333,0.133333,0.866667,60,8,52,0.366667
0.85,0.05,0.7,0.03,3,8,30,0,22,0.633333,1.0,0.266667,1.0,0.421053,0.0,0.733333,0.133333,0.866667,60,8,52,0.366667
0.85,0.05,0.75,0.03,3,8,30,0,22,0.633333,1.0,0.266667,1.0,0.421053,0.0,0.733333,0.133333,0.866667,60,8,52,0.366667
0.85,0.05,0.8,0.03,3,8,30,0,22,0.633333,1.0,0.266667,1.0,0.421053,0.0,0.733333,0.133333,0.866667,60,8,52,0.366667
0.85,0.05,0.85,,2,8,30,0,22,0.633333,1.0,0.266667,1.0,0.421053,0.0,0.733333,0.133333,0.866667,60,8,52,0.366667
0.85,0.05,0.85,0.015,2,8,30,0,22,0.633333,1.0,0.266667,1.0,0.421053,0.0,0.733333,0.133333,0.866667,60,8,52,0.366667
0.85,0.05,0.85,0.02,2,8,30,0,22,0.633333,1.0,0.266667,1.0,0.421053,0.0,0.733333,0.133333,0.866667,60,8,52,0.366667
0.85,0.05,0.85,0.025,2,8,30,0,22,0.633333,1.0,0.266667,1.0,0.421053,0.0,0.733333,0.133333,0.866667,60,8,52,0.366667
0.85,0.05,0.85,0.03,2,8,30,0,22,0.633333,1.0,0.266667,1.0,0.421053,0.0,0.733333,0.133333,0.866667,60,8,52,0.366667
0.85,0.2,,0.015,0,8,30,0,22,0.633333,1.0,0.266667,1.0,0.421053,0.0,0.733333,0.133333,0.866667,60,8,52,0.366667
0.85,0.2,,0.015,1,8,30,0,22,0.633333,1.0,0.266667,1.0,0.421053,0.0,0.733333,0.133333,0.866667,60,8,52,0.366667
0.85,0.2,,0.02,0,8,30,0,22,0.633333,1.0,0.266667,1.0,0.421053,0.0,0.733333,0.133333,0.866667,60,8,52,0.366667
0.85,0.2,,0.02,1,8,30,0,22,0.633333,1.0,0.266667,1.0,0.421053,0.0,0.733333,0.133333,0.866667,60,8,52,0.366667
0.85,0.2,,0.025,0,8,30,0,22,0.633333,1.0,0.266667,1.0,0.421053,0.0,0.733333,0.133333,0.866667,60,8,52,0.366667
0.85,0.2,,0.025,1,8,30,0,22,0.633333,1.0,0.266667,1.0,0.421053,0.0,0.733333,0.133333,0.866667,60,8,52,0.366667
0.85,0.2,,0.03,0,8,30,0,22,0.633333,1.0,0.266667,1.0,0.421053,0.0,0.733333,0.133333,0.866667,60,8,52,0.366667
0.85,0.2,,0.03,1,8,30,0,22,0.633333,1.0,0.266667,1.0,0.421053,0.0,0.733333,0.133333,0.866667,60,8,52,0.366667
0.85,0.2,0.65,0.015,0,8,30,0,22,0.633333,1.0,0.266667,1.0,0.421053,0.0,0.733333,0.133333,0.866667,60,8,52,0.366667
0.85,0.2,0.65,0.015,1,8,30,0,22,0.633333,1.0,0.266667,1.0,0.421053,0.0,0.733333,0.133333,0.866667,60,8,52,0.366667
0.85,0.2,0.65,0.02,0,8,30,0,22,0.633333,1.0,0.266667,1.0,0.421053,0.0,0.733333,0.133333,0.866667,60,8,52,0.366667
0.85,0.2,0.65,0.02,1,8,30,0,22,0.633333,1.0,0.266667,1.0,0.421053,0.0,0.733333,0.133333,0.866667,60,8,52,0.366667
0.85,0.2,0.65,0.025,0,8,30,0,22,0.633333,1.0,0.266667,1.0,0.421053,0.0,0.733333,0.133333,0.866667,60,8,52,0.366667
0.85,0.2,0.65,0.025,1,8,30,0,22,0.633333,1.0,0.266667,1.0,0.421053,0.0,0.733333,0.133333,0.866667,60,8,52,0.366667
0.85,0.2,0.65,0.03,0,8,30,0,22,0.633333,1.0,0.266667,1.0,0.421053,0.0,0.733333,0.133333,0.866667,60,8,52,0.366667
0.85,0.2,0.65,0.03,1,8,30,0,22,0.633333,1.0,0.266667,1.0,0.421053,0.0,0.733333,0.133333,0.866667,60,8,52,0.366667
0.85,0.2,0.7,0.015,0,8,30,0,22,0.633333,1.0,0.266667,1.0,0.421053,0.0,0.733333,0.133333,0.866667,60,8,52,0.366667
0.85,0.2,0.7,0.015,1,8,30,0,22,0.633333,1.0,0.266667,1.0,0.421053,0.0,0.733333,0.133333,0.866667,60,8,52,0.366667
0.85,0.2,0.7,0.02,0,8,30,0,22,0.633333,1.0,0.266667,1.0,0.421053,0.0,0.733333,0.133333,0.866667,60,8,52,0.366667
0.85,0.2,0.7,0.02,1,8,30,0,22,0.633333,1.0,0.266667,1.0,0.421053,0.0,0.733333,0.133333,0.866667,60,8,52,0.366667
0.85,0.2,0.7,0.025,0,8,30,0,22,0.633333,1.0,0.266667,1.0,0.421053,0.0,0.733333,0.133333,0.866667,60,8,52,0.366667
0.85,0.2,0.7,0.025,1,8,30,0,22,0.633333,1.0,0.266667,1.0,0.421053,0.0,0.733333,0.133333,0.866667,60,8,52,0.366667
0.85,0.2,0.7,0.03,0,8,30,0,22,0.633333,1.0,0.266667,1.0,0.421053,0.0,0.733333,0.133333,0.866667,60,8,52,0.366667
0.85,0.2,0.7,0.03,1,8,30,0,22,0.633333,1.0,0.266667,1.0,0.421053,0.0,0.733333,0.133333,0.866667,60,8,52,0.366667
0.85,0.2,0.75,,0,8,30,0,22,0.633333,1.0,0.266667,1.0,0.421053,0.0,0.733333,0.133333,0.866667,60,8,52,0.366667
0.85,0.2,0.75,,1,8,30,0,22,0.633333,1.0,0.266667,1.0,0.421053,0.0,0.733333,0.133333,0.866667,60,8,52,0.366667
0.85,0.2,0.75,0.015,0,8,30,0,22,0.633333,1.0,0.266667,1.0,0.421053,0.0,0.733333,0.133333,0.866667,60,8,52,0.366667
0.85,0.2,0.75,0.015,1,8,30,0,22,0.633333,1.0,0.266667,1.0,0.421053,0.0,0.733333,0.133333,0.866667,60,8,52,0.366667
0.85,0.2,0.75,0.02,0,8,30,0,22,0.633333,1.0,0.266667,1.0,0.421053,0.0,0.733333,0.133333,0.866667,60,8,52,0.366667
0.85,0.2,0.75,0.02,1,8,30,0,22,0.633333,1.0,0.266667,1.0,0.421053,0.0,0.733333,0.133333,0.866667,60,8,52,0.366667
0.85,0.2,0.75,0.025,0,8,30,0,22,0.633333,1.0,0.266667,1.0,0.421053,0.0,0.733333,0.133333,0.866667,60,8,52,0.366667
0.85,0.2,0.75,0.025,1,8,30,0,22,0.633333,1.0,0.266667,1.0,0.421053,0.0,0.733333,0.133333,0.866667,60,8,52,0.366667
0.85,0.2,0.75,0.03,0,8,30,0,22,0.633333,1.0,0.266667,1.0,0.421053,0.0,0.733333,0.133333,0.866667,60,8,52,0.366667
0.85,0.2,0.75,0.03,1,8,30,0,22,0.633333,1.0,0.266667,1.0,0.421053,0.0,0.733333,0.133333,0.866667,60,8,52,0.366667
0.85,0.2,0.8,,0,8,30,0,22,0.633333,1.0,0.266667,1.0,0.421053,0.0,0.733333,0.133333,0.866667,60,8,52,0.366667
0.85,0.2,0.8,,1,8,30,0,22,0.633333,1.0,0.266667,1.0,0.421053,0.0,0.733333,0.133333,0.866667,60,8,52,0.366667
0.85,0.2,0.8,0.015,0,8,30,0,22,0.633333,1.0,0.266667,1.0,0.421053,0.0,0.733333,0.133333,0.866667,60,8,52,0.366667
0.85,0.2,0.8,0.015,1,8,30,0,22,0.633333,1.0,0.266667,1.0,0.421053,0.0,0.733333,0.133333,0.866667,60,8,52,0.366667
0.85,0.2,0.8,0.02,0,8,30,0,22,0.633333,1.0,0.266667,1.0,0.421053,0.0,0.733333,0.133333,0.866667,60,8,52,0.366667
0.85,0.2,0.8,0.02,1,8,30,0,22,0.633333,1.0,0.266667,1.0,0.421053,0.0,0.733333,0.133333,0.866667,60,8,52,0.366667
0.85,0.2,0.8,0.025,0,8,30,0,22,0.633333,1.0,0.266667,1.0,0.421053,0.0,0.733333,0.133333,0.866667,60,8,52,0.366667
0.85,0.2,0.8,0.025,1,8,30,0,22,0.633333,1.0,0.266667,1.0,0.421053,0.0,0.733333,0.133333,0.866667,60,8,52,0.366667
0.85,0.2,0.8,0.03,0,8,30,0,22,0.633333,1.0,0.266667,1.0,0.421053,0.0,0.733333,0.133333,0.866667,60,8,52,0.366667
0.85,0.2,0.8,0.03,1,8,30,0,22,0.633333,1.0,0.266667,1.0,0.421053,0.0,0.733333,0.133333,0.866667,60,8,52,0.366667
0.9,0.05,,0.03,3,8,30,0,22,0.633333,1.0,0.266667,1.0,0.421053,0.0,0.733333,0.133333,0.866667,60,8,52,0.366667
0.9,0.05,0.65,0.03,3,8,30,0,22,0.633333,1.0,0.266667,1.0,0.421053,0.0,0.733333,0.133333,0.866667,60,8,52,0.366667
0.9,0.05,0.7,0.03,3,8,30,0,22,0.633333,1.0,0.266667,1.0,0.421053,0.0,0.733333,0.133333,0.866667,60,8,52,0.366667
0.9,0.05,0.75,0.03,3,8,30,0,22,0.633333,1.0,0.266667,1.0,0.421053,0.0,0.733333,0.133333,0.866667,60,8,52,0.366667
0.9,0.05,0.8,0.03,3,8,30,0,22,0.633333,1.0,0.266667,1.0,0.421053,0.0,0.733333,0.133333,0.866667,60,8,52,0.366667
0.9,0.05,0.85,,2,8,30,0,22,0.633333,1.0,0.266667,1.0,0.421053,0.0,0.733333,0.133333,0.866667,60,8,52,0.366667
0.9,0.05,0.85,0.015,2,8,30,0,22,0.633333,1.0,0.266667,1.0,0.421053,0.0,0.733333,0.133333,0.866667,60,8,52,0.366667
0.9,0.05,0.85,0.02,2,8,30,0,22,0.633333,1.0,0.266667,1.0,0.421053,0.0,0.733333,0.133333,0.866667,60,8,52,0.366667
0.9,0.05,0.85,0.025,2,8,30,0,22,0.633333,1.0,0.266667,1.0,0.421053,0.0,0.733333,0.133333,0.866667,60,8,52,0.366667
0.9,0.05,0.85,0.03,2,8,30,0,22,0.633333,1.0,0.266667,1.0,0.421053,0.0,0.733333,0.133333,0.866667,60,8,52,0.366667
0.9,0.2,,0.015,0,8,30,0,22,0.633333,1.0,0.266667,1.0,0.421053,0.0,0.733333,0.133333,0.866667,60,8,52,0.366667
0.9,0.2,,0.015,1,8,30,0,22,0.633333,1.0,0.266667,1.0,0.421053,0.0,0.733333,0.133333,0.866667,60,8,52,0.366667
0.9,0.2,,0.02,0,8,30,0,22,0.633333,1.0,0.266667,1.0,0.421053,0.0,0.733333,0.133333,0.866667,60,8,52,0.366667
0.9,0.2,,0.02,1,8,30,0,22,0.633333,1.0,0.266667,1.0,0.421053,0.0,0.733333,0.133333,0.866667,60,8,52,0.366667
0.9,0.2,,0.025,0,8,30,0,22,0.633333,1.0,0.266667,1.0,0.421053,0.0,0.733333,0.133333,0.866667,60,8,52,0.366667
0.9,0.2,,0.025,1,8,30,0,22,0.633333,1.0,0.266667,1.0,0.421053,0.0,0.733333,0.133333,0.866667,60,8,52,0.366667
0.9,0.2,,0.03,0,8,30,0,22,0.633333,1.0,0.266667,1.0,0.421053,0.0,0.733333,0.133333,0.866667,60,8,52,0.366667
0.9,0.2,,0.03,1,8,30,0,22,0.633333,1.0,0.266667,1.0,0.421053,0.0,0.733333,0.133333,0.866667,60,8,52,0.366667
0.9,0.2,0.65,0.015,0,8,30,0,22,0.633333,1.0,0.266667,1.0,0.421053,0.0,0.733333,0.133333,0.866667,60,8,52,0.366667
0.9,0.2,0.65,0.015,1,8,30,0,22,0.633333,1.0,0.266667,1.0,0.421053,0.0,0.733333,0.133333,0.866667,60,8,52,0.366667
0.9,0.2,0.65,0.02,0,8,30,0,22,0.633333,1.0,0.266667,1.0,0.421053,0.0,0.733333,0.133333,0.866667,60,8,52,0.366667
0.9,0.2,0.65,0.02,1,8,30,0,22,0.633333,1.0,0.266667,1.0,0.421053,0.0,0.733333,0.133333,0.866667,60,8,52,0.366667
0.9,0.2,0.65,0.025,0,8,30,0,22,0.633333,1.0,0.266667,1.0,0.421053,0.0,0.733333,0.133333,0.866667,60,8,52,0.366667
0.9,0.2,0.65,0.025,1,8,30,0,22,0.633333,1.0,0.266667,1.0,0.421053,0.0,0.733333,0.133333,0.866667,60,8,52,0.366667
0.9,0.2,0.65,0.03,0,8,30,0,22,0.633333,1.0,0.266667,1.0,0.421053,0.0,0.733333,0.133333,0.866667,60,8,52,0.366667
0.9,0.2,0.65,0.03,1,8,30,0,22,0.633333,1.0,0.266667,1.0,0.421053,0.0,0.733333,0.133333,0.866667,60,8,52,0.366667
0.9,0.2,0.7,0.015,0,8,30,0,22,0.633333,1.0,0.266667,1.0,0.421053,0.0,0.733333,0.133333,0.866667,60,8,52,0.366667
0.9,0.2,0.7,0.015,1,8,30,0,22,0.633333,1.0,0.266667,1.0,0.421053,0.0,0.733333,0.133333,0.866667,60,8,52,0.366667
0.9,0.2,0.7,0.02,0,8,30,0,22,0.633333,1.0,0.266667,1.0,0.421053,0.0,0.733333,0.133333,0.866667,60,8,52,0.366667
0.9,0.2,0.7,0.02,1,8,30,0,22,0.633333,1.0,0.266667,1.0,0.421053,0.0,0.733333,0.133333,0.866667,60,8,52,0.366667
0.9,0.2,0.7,0.025,0,8,30,0,22,0.633333,1.0,0.266667,1.0,0.421053,0.0,0.733333,0.133333,0.866667,60,8,52,0.366667
0.9,0.2,0.7,0.025,1,8,30,0,22,0.633333,1.0,0.266667,1.0,0.421053,0.0,0.733333,0.133333,0.866667,60,8,52,0.366667
0.9,0.2,0.7,0.03,0,8,30,0,22,0.633333,1.0,0.266667,1.0,0.421053,0.0,0.733333,0.133333,0.866667,60,8,52,0.366667
0.9,0.2,0.7,0.03,1,8,30,0,22,0.633333,1.0,0.266667,1.0,0.421053,0.0,0.733333,0.133333,0.866667,60,8,52,0.366667
0.9,0.2,0.75,,0,8,30,0,22,0.633333,1.0,0.266667,1.0,0.421053,0.0,0.733333,0.133333,0.866667,60,8,52,0.366667
0.9,0.2,0.75,,1,8,30,0,22,0.633333,1.0,0.266667,1.0,0.421053,0.0,0.733333,0.133333,0.866667,60,8,52,0.366667
0.9,0.2,0.75,0.015,0,8,30,0,22,0.633333,1.0,0.266667,1.0,0.421053,0.0,0.733333,0.133333,0.866667,60,8,52,0.366667
0.9,0.2,0.75,0.015,1,8,30,0,22,0.633333,1.0,0.266667,1.0,0.421053,0.0,0.733333,0.133333,0.866667,60,8,52,0.366667
0.9,0.2,0.75,0.02,0,8,30,0,22,0.633333,1.0,0.266667,1.0,0.421053,0.0,0.733333,0.133333,0.866667,60,8,52,0.366667
0.9,0.2,0.75,0.02,1,8,30,0,22,0.633333,1.0,0.266667,1.0,0.421053,0.0,0.733333,0.133333,0.866667,60,8,52,0.366667
0.9,0.2,0.75,0.025,0,8,30,0,22,0.633333,1.0,0.266667,1.0,0.421053,0.0,0.733333,0.133333,0.866667,60,8,52,0.366667
0.9,0.2,0.75,0.025,1,8,30,0,22,0.633333,1.0,0.266667,1.0,0.421053,0.0,0.733333,0.133333,0.866667,60,8,52,0.366667
0.9,0.2,0.75,0.03,0,8,30,0,22,0.633333,1.0,0.266667,1.0,0.421053,0.0,0.733333,0.133333,0.866667,60,8,52,0.366667
0.9,0.2,0.75,0.03,1,8,30,0,22,0.633333,1.0,0.266667,1.0,0.421053,0.0,0.733333,0.133333,0.866667,60,8,52,0.366667
0.9,0.2,0.8,,0,8,30,0,22,0.633333,1.0,0.266667,1.0,0.421053,0.0,0.733333,0.133333,0.866667,60,8,52,0.366667
0.9,0.2,0.8,,1,8,30,0,22,0.633333,1.0,0.266667,1.0,0.421053,0.0,0.733333,0.133333,0.866667,60,8,52,0.366667
0.9,0.2,0.8,0.015,0,8,30,0,22,0.633333,1.0,0.266667,1.0,0.421053,0.0,0.733333,0.133333,0.866667,60,8,52,0.366667
0.9,0.2,0.8,0.015,1,8,30,0,22,0.633333,1.0,0.266667,1.0,0.421053,0.0,0.733333,0.133333,0.866667,60,8,52,0.366667
0.9,0.2,0.8,0.02,0,8,30,0,22,0.633333,1.0,0.266667,1.0,0.421053,0.0,0.733333,0.133333,0.866667,60,8,52,0.366667
0.9,0.2,0.8,0.02,1,8,30,0,22,0.633333,1.0,0.266667,1.0,0.421053,0.0,0.733333,0.133333,0.866667,60,8,52,0.366667
0.9,0.2,0.8,0.025,0,8,30,0,22,0.633333,1.0,0.266667,1.0,0.421053,0.0,0.733333,0.133333,0.866667,60,8,52,0.366667
0.9,0.2,0.8,0.025,1,8,30,0,22,0.633333,1.0,0.266667,1.0,0.421053,0.0,0.733333,0.133333,0.866667,60,8,52,0.366667
0.9,0.2,0.8,0.03,0,8,30,0,22,0.633333,1.0,0.266667,1.0,0.421053,0.0,0.733333,0.133333,0.866667,60,8,52,0.366667
0.9,0.2,0.8,0.03,1,8,30,0,22,0.633333,1.0,0.266667,1.0,0.421053,0.0,0.733333,0.133333,0.866667,60,8,52,0.366667
0.95,0.02,0.85,,3,8,30,0,22,0.633333,1.0,0.266667,1.0,0.421053,0.0,0.733333,0.133333,0.866667,60,8,52,0.366667
0.95,0.02,0.85,0.015,3,8,30,0,22,0.633333,1.0,0.266667,1.0,0.421053,0.0,0.733333,0.133333,0.866667,60,8,52,0.366667
0.95,0.02,0.85,0.02,3,8,30,0,22,0.633333,1.0,0.266667,1.0,0.421053,0.0,0.733333,0.133333,0.866667,60,8,52,0.366667
0.95,0.02,0.85,0.025,3,8,30,0,22,0.633333,1.0,0.266667,1.0,0.421053,0.0,0.733333,0.133333,0.866667,60,8,52,0.366667
0.95,0.02,0.85,0.03,3,8,30,0,22,0.633333,1.0,0.266667,1.0,0.421053,0.0,0.733333,0.133333,0.866667,60,8,52,0.366667
0.95,0.05,,,3,8,30,0,22,0.633333,1.0,0.266667,1.0,0.421053,0.0,0.733333,0.133333,0.866667,60,8,52,0.366667
0.95,0.05,,0.015,3,8,30,0,22,0.633333,1.0,0.266667,1.0,0.421053,0.0,0.733333,0.133333,0.866667,60,8,52,0.366667
0.95,0.05,,0.02,3,8,30,0,22,0.633333,1.0,0.266667,1.0,0.421053,0.0,0.733333,0.133333,0.866667,60,8,52,0.366667
0.95,0.05,,0.025,3,8,30,0,22,0.633333,1.0,0.266667,1.0,0.421053,0.0,0.733333,0.133333,0.866667,60,8,52,0.366667
0.95,0.05,,0.03,2,8,30,0,22,0.633333,1.0,0.266667,1.0,0.421053,0.0,0.733333,0.133333,0.866667,60,8,52,0.366667
0.95,0.05,0.65,,3,8,30,0,22,0.633333,1.0,0.266667,1.0,0.421053,0.0,0.733333,0.133333,0.866667,60,8,52,0.366667
0.95,0.05,0.65,0.015,3,8,30,0,22,0.633333,1.0,0.266667,1.0,0.421053,0.0,0.733333,0.133333,0.866667,60,8,52,0.366667
0.95,0.05,0.65,0.02,3,8,30,0,22,0.633333,1.0,0.266667,1.0,0.421053,0.0,0.733333,0.133333,0.866667,60,8,52,0.366667
0.95,0.05,0.65,0.025,3,8,30,0,22,0.633333,1.0,0.266667,1.0,0.421053,0.0,0.733333,0.133333,0.866667,60,8,52,0.366667
0.95,0.05,0.65,0.03,2,8,30,0,22,0.633333,1.0,0.266667,1.0,0.421053,0.0,0.733333,0.133333,0.866667,60,8,52,0.366667
0.95,0.05,0.7,,3,8,30,0,22,0.633333,1.0,0.266667,1.0,0.421053,0.0,0.733333,0.133333,0.866667,60,8,52,0.366667
0.95,0.05,0.7,0.015,3,8,30,0,22,0.633333,1.0,0.266667,1.0,0.421053,0.0,0.733333,0.133333,0.866667,60,8,52,0.366667
0.95,0.05,0.7,0.02,3,8,30,0,22,0.633333,1.0,0.266667,1.0,0.421053,0.0,0.733333,0.133333,0.866667,60,8,52,0.366667
0.95,0.05,0.7,0.025,3,8,30,0,22,0.633333,1.0,0.266667,1.0,0.421053,0.0,0.733333,0.133333,0.866667,60,8,52,0.366667
0.95,0.05,0.7,0.03,2,8,30,0,22,0.633333,1.0,0.266667,1.0,0.421053,0.0,0.733333,0.133333,0.866667,60,8,52,0.366667
0.95,0.05,0.75,,3,8,30,0,22,0.633333,1.0,0.266667,1.0,0.421053,0.0,0.733333,0.133333,0.866667,60,8,52,0.366667
0.95,0.05,0.75,0.015,3,8,30,0,22,0.633333,1.0,0.266667,1.0,0.421053,0.0,0.733333,0.133333,0.866667,60,8,52,0.366667
0.95,0.05,0.75,0.02,3,8,30,0,22,0.633333,1.0,0.266667,1.0,0.421053,0.0,0.733333,0.133333,0.866667,60,8,52,0.366667
0.95,0.05,0.75,0.025,3,8,30,0,22,0.633333,1.0,0.266667,1.0,0.421053,0.0,0.733333,0.133333,0.866667,60,8,52,0.366667
0.95,0.05,0.75,0.03,2,8,30,0,22,0.633333,1.0,0.266667,1.0,0.421053,0.0,0.733333,0.133333,0.866667,60,8,52,0.366667
0.95,0.05,0.8,,3,8,30,0,22,0.633333,1.0,0.266667,1.0,0.421053,0.0,0.733333,0.133333,0.866667,60,8,52,0.366667
0.95,0.05,0.8,0.015,3,8,30,0,22,0.633333,1.0,0.266667,1.0,0.421053,0.0,0.733333,0.133333,0.866667,60,8,52,0.366667
0.95,0.05,0.8,0.02,3,8,30,0,22,0.633333,1.0,0.266667,1.0,0.421053,0.0,0.733333,0.133333,0.866667,60,8,52,0.366667
0.95,0.05,0.8,0.025,3,8,30,0,22,0.633333,1.0,0.266667,1.0,0.421053,0.0,0.733333,0.133333,0.866667,60,8,52,0.366667
0.95,0.05,0.8,0.03,2,8,30,0,22,0.633333,1.0,0.266667,1.0,0.421053,0.0,0.733333,0.133333,0.866667,60,8,52,0.366667
0.95,0.1,,0.015,0,8,30,0,22,0.633333,1.0,0.266667,1.0,0.421053,0.0,0.733333,0.133333,0.866667,60,8,52,0.366667
0.95,0.1,,0.015,1,8,30,0,22,0.633333,1.0,0.266667,1.0,0.421053,0.0,0.733333,0.133333,0.866667,60,8,52,0.366667
0.95,0.1,,0.02,0,8,30,0,22,0.633333,1.0,0.266667,1.0,0.421053,0.0,0.733333,0.133333,0.866667,60,8,52,0.366667
0.95,0.1,,0.02,1,8,30,0,22,0.633333,1.0,0.266667,1.0,0.421053,0.0,0.733333,0.133333,0.866667,60,8,52,0.366667
0.95,0.1,,0.025,0,8,30,0,22,0.633333,1.0,0.266667,1.0,0.421053,0.0,0.733333,0.133333,0.866667,60,8,52,0.366667
0.95,0.1,,0.025,1,8,30,0,22,0.633333,1.0,0.266667,1.0,0.421053,0.0,0.733333,0.133333,0.866667,60,8,52,0.366667
0.95,0.1,,0.03,0,8,30,0,22,0.633333,1.0,0.266667,1.0,0.421053,0.0,0.733333,0.133333,0.866667,60,8,52,0.366667
0.95,0.1,,0.03,1,8,30,0,22,0.633333,1.0,0.266667,1.0,0.421053,0.0,0.733333,0.133333,0.866667,60,8,52,0.366667
0.95,0.1,0.65,0.015,0,8,30,0,22,0.633333,1.0,0.266667,1.0,0.421053,0.0,0.733333,0.133333,0.866667,60,8,52,0.366667
0.95,0.1,0.65,0.015,1,8,30,0,22,0.633333,1.0,0.266667,1.0,0.421053,0.0,0.733333,0.133333,0.866667,60,8,52,0.366667
0.95,0.1,0.65,0.02,0,8,30,0,22,0.633333,1.0,0.266667,1.0,0.421053,0.0,0.733333,0.133333,0.866667,60,8,52,0.366667
0.95,0.1,0.65,0.02,1,8,30,0,22,0.633333,1.0,0.266667,1.0,0.421053,0.0,0.733333,0.133333,0.866667,60,8,52,0.366667
0.95,0.1,0.65,0.025,0,8,30,0,22,0.633333,1.0,0.266667,1.0,0.421053,0.0,0.733333,0.133333,0.866667,60,8,52,0.366667
0.95,0.1,0.65,0.025,1,8,30,0,22,0.633333,1.0,0.266667,1.0,0.421053,0.0,0.733333,0.133333,0.866667,60,8,52,0.366667
0.95,0.1,0.65,0.03,0,8,30,0,22,0.633333,1.0,0.266667,1.0,0.421053,0.0,0.733333,0.133333,0.866667,60,8,52,0.366667
0.95,0.1,0.65,0.03,1,8,30,0,22,0.633333,1.0,0.266667,1.0,0.421053,0.0,0.733333,0.133333,0.866667,60,8,52,0.366667
0.95,0.1,0.7,0.015,0,8,30,0,22,0.633333,1.0,0.266667,1.0,0.421053,0.0,0.733333,0.133333,0.866667,60,8,52,0.366667
0.95,0.1,0.7,0.015,1,8,30,0,22,0.633333,1.0,0.266667,1.0,0.421053,0.0,0.733333,0.133333,0.866667,60,8,52,0.366667
0.95,0.1,0.7,0.02,0,8,30,0,22,0.633333,1.0,0.266667,1.0,0.421053,0.0,0.733333,0.133333,0.866667,60,8,52,0.366667
0.95,0.1,0.7,0.02,1,8,30,0,22,0.633333,1.0,0.266667,1.0,0.421053,0.0,0.733333,0.133333,0.866667,60,8,52,0.366667
0.95,0.1,0.7,0.025,0,8,30,0,22,0.633333,1.0,0.266667,1.0,0.421053,0.0,0.733333,0.133333,0.866667,60,8,52,0.366667
0.95,0.1,0.7,0.025,1,8,30,0,22,0.633333,1.0,0.266667,1.0,0.421053,0.0,0.733333,0.133333,0.866667,60,8,52,0.366667
0.95,0.1,0.7,0.03,0,8,30,0,22,0.633333,1.0,0.266667,1.0,0.421053,0.0,0.733333,0.133333,0.866667,60,8,52,0.366667
0.95,0.1,0.7,0.03,1,8,30,0,22,0.633333,1.0,0.266667,1.0,0.421053,0.0,0.733333,0.133333,0.866667,60,8,52,0.366667
0.95,0.1,0.75,,0,8,30,0,22,0.633333,1.0,0.266667,1.0,0.421053,0.0,0.733333,0.133333,0.866667,60,8,52,0.366667
0.95,0.1,0.75,,1,8,30,0,22,0.633333,1.0,0.266667,1.0,0.421053,0.0,0.733333,0.133333,0.866667,60,8,52,0.366667
0.95,0.1,0.75,0.015,0,8,30,0,22,0.633333,1.0,0.266667,1.0,0.421053,0.0,0.733333,0.133333,0.866667,60,8,52,0.366667
0.95,0.1,0.75,0.015,1,8,30,0,22,0.633333,1.0,0.266667,1.0,0.421053,0.0,0.733333,0.133333,0.866667,60,8,52,0.366667
0.95,0.1,0.75,0.02,0,8,30,0,22,0.633333,1.0,0.266667,1.0,0.421053,0.0,0.733333,0.133333,0.866667,60,8,52,0.366667
0.95,0.1,0.75,0.02,1,8,30,0,22,0.633333,1.0,0.266667,1.0,0.421053,0.0,0.733333,0.133333,0.866667,60,8,52,0.366667
0.95,0.1,0.75,0.025,0,8,30,0,22,0.633333,1.0,0.266667,1.0,0.421053,0.0,0.733333,0.133333,0.866667,60,8,52,0.366667
0.95,0.1,0.75,0.025,1,8,30,0,22,0.633333,1.0,0.266667,1.0,0.421053,0.0,0.733333,0.133333,0.866667,60,8,52,0.366667
0.95,0.1,0.75,0.03,0,8,30,0,22,0.633333,1.0,0.266667,1.0,0.421053,0.0,0.733333,0.133333,0.866667,60,8,52,0.366667
0.95,0.1,0.75,0.03,1,8,30,0,22,0.633333,1.0,0.266667,1.0,0.421053,0.0,0.733333,0.133333,0.866667,60,8,52,0.366667
0.95,0.1,0.8,,0,8,30,0,22,0.633333,1.0,0.266667,1.0,0.421053,0.0,0.733333,0.133333,0.866667,60,8,52,0.366667
0.95,0.1,0.8,,1,8,30,0,22,0.633333,1.0,0.266667,1.0,0.421053,0.0,0.733333,0.133333,0.866667,60,8,52,0.366667
0.95,0.1,0.8,0.015,0,8,30,0,22,0.633333,1.0,0.266667,1.0,0.421053,0.0,0.733333,0.133333,0.866667,60,8,52,0.366667
0.95,0.1,0.8,0.015,1,8,30,0,22,0.633333,1.0,0.266667,1.0,0.421053,0.0,0.733333,0.133333,0.866667,60,8,52,0.366667
0.95,0.1,0.8,0.02,0,8,30,0,22,0.633333,1.0,0.266667,1.0,0.421053,0.0,0.733333,0.133333,0.866667,60,8,52,0.366667
0.95,0.1,0.8,0.02,1,8,30,0,22,0.633333,1.0,0.266667,1.0,0.421053,0.0,0.733333,0.133333,0.866667,60,8,52,0.366667
0.95,0.1,0.8,0.025,0,8,30,0,22,0.633333,1.0,0.266667,1.0,0.421053,0.0,0.733333,0.133333,0.866667,60,8,52,0.366667
0.95,0.1,0.8,0.025,1,8,30,0,22,0.633333,1.0,0.266667,1.0,0.421053,0.0,0.733333,0.133333,0.866667,60,8,52,0.366667
0.95,0.1,0.8,0.03,0,8,30,0,22,0.633333,1.0,0.266667,1.0,0.421053,0.0,0.733333,0.133333,0.866667,60,8,52,0.366667
0.95,0.1,0.8,0.03,1,8,30,0,22,0.633333,1.0,0.266667,1.0,0.421053,0.0,0.733333,0.133333,0.866667,60,8,52,0.366667
0.3,0.05,0.85,0.03,3,7,30,0,23,0.616667,1.0,0.233333,1.0,0.378378,0.0,0.766667,0.116667,0.883333,60,7,53,0.383333
0.3,0.1,,0.015,2,7,30,0,23,0.616667,1.0,0.233333,1.0,0.378378,0.0,0.766667,0.116667,0.883333,60,7,53,0.383333
0.3,0.1,,0.02,2,7,30,0,23,0.616667,1.0,0.233333,1.0,0.378378,0.0,0.766667,0.116667,0.883333,60,7,53,0.383333
0.3,0.1,,0.025,2,7,30,0,23,0.616667,1.0,0.233333,1.0,0.378378,0.0,0.766667,0.116667,0.883333,60,7,53,0.383333
0.3,0.1,0.65,0.015,2,7,30,0,23,0.616667,1.0,0.233333,1.0,0.378378,0.0,0.766667,0.116667,0.883333,60,7,53,0.383333
0.3,0.1,0.65,0.02,2,7,30,0,23,0.616667,1.0,0.233333,1.0,0.378378,0.0,0.766667,0.116667,0.883333,60,7,53,0.383333
0.3,0.1,0.65,0.025,2,7,30,0,23,0.616667,1.0,0.233333,1.0,0.378378,0.0,0.766667,0.116667,0.883333,60,7,53,0.383333
0.3,0.1,0.7,0.015,2,7,30,0,23,0.616667,1.0,0.233333,1.0,0.378378,0.0,0.766667,0.116667,0.883333,60,7,53,0.383333
0.3,0.1,0.7,0.02,2,7,30,0,23,0.616667,1.0,0.233333,1.0,0.378378,0.0,0.766667,0.116667,0.883333,60,7,53,0.383333
0.3,0.1,0.7,0.025,2,7,30,0,23,0.616667,1.0,0.233333,1.0,0.378378,0.0,0.766667,0.116667,0.883333,60,7,53,0.383333
0.3,0.1,0.75,,2,7,30,0,23,0.616667,1.0,0.233333,1.0,0.378378,0.0,0.766667,0.116667,0.883333,60,7,53,0.383333
0.3,0.1,0.75,0.015,2,7,30,0,23,0.616667,1.0,0.233333,1.0,0.378378,0.0,0.766667,0.116667,0.883333,60,7,53,0.383333
0.3,0.1,0.75,0.02,2,7,30,0,23,0.616667,1.0,0.233333,1.0,0.378378,0.0,0.766667,0.116667,0.883333,60,7,53,0.383333
0.3,0.1,0.75,0.025,2,7,30,0,23,0.616667,1.0,0.233333,1.0,0.378378,0.0,0.766667,0.116667,0.883333,60,7,53,0.383333
0.3,0.1,0.8,,2,7,30,0,23,0.616667,1.0,0.233333,1.0,0.378378,0.0,0.766667,0.116667,0.883333,60,7,53,0.383333
0.3,0.1,0.8,0.015,2,7,30,0,23,0.616667,1.0,0.233333,1.0,0.378378,0.0,0.766667,0.116667,0.883333,60,7,53,0.383333
0.3,0.1,0.8,0.02,2,7,30,0,23,0.616667,1.0,0.233333,1.0,0.378378,0.0,0.766667,0.116667,0.883333,60,7,53,0.383333
0.3,0.1,0.8,0.025,2,7,30,0,23,0.616667,1.0,0.233333,1.0,0.378378,0.0,0.766667,0.116667,0.883333,60,7,53,0.383333
0.3,0.15,0.85,,0,7,30,0,23,0.616667,1.0,0.233333,1.0,0.378378,0.0,0.766667,0.116667,0.883333,60,7,53,0.383333
0.3,0.15,0.85,,1,7,30,0,23,0.616667,1.0,0.233333,1.0,0.378378,0.0,0.766667,0.116667,0.883333,60,7,53,0.383333
0.3,0.15,0.85,0.015,0,7,30,0,23,0.616667,1.0,0.233333,1.0,0.378378,0.0,0.766667,0.116667,0.883333,60,7,53,0.383333
0.3,0.15,0.85,0.015,1,7,30,0,23,0.616667,1.0,0.233333,1.0,0.378378,0.0,0.766667,0.116667,0.883333,60,7,53,0.383333
0.3,0.15,0.85,0.02,0,7,30,0,23,0.616667,1.0,0.233333,1.0,0.378378,0.0,0.766667,0.116667,0.883333,60,7,53,0.383333
0.3,0.15,0.85,0.02,1,7,30,0,23,0.616667,1.0,0.233333,1.0,0.378378,0.0,0.766667,0.116667,0.883333,60,7,53,0.383333
0.3,0.15,0.85,0.025,0,7,30,0,23,0.616667,1.0,0.233333,1.0,0.378378,0.0,0.766667,0.116667,0.883333,60,7,53,0.383333
0.3,0.15,0.85,0.025,1,7,30,0,23,0.616667,1.0,0.233333,1.0,0.378378,0.0,0.766667,0.116667,0.883333,60,7,53,0.383333
0.3,0.3,,0.015,0,7,30,0,23,0.616667,1.0,0.233333,1.0,0.378378,0.0,0.766667,0.116667,0.883333,60,7,53,0.383333
0.3,0.3,,0.015,1,7,30,0,23,0.616667,1.0,0.233333,1.0,0.378378,0.0,0.766667,0.116667,0.883333,60,7,53,0.383333
0.3,0.3,,0.02,0,7,30,0,23,0.616667,1.0,0.233333,1.0,0.378378,0.0,0.766667,0.116667,0.883333,60,7,53,0.383333
0.3,0.3,,0.02,1,7,30,0,23,0.616667,1.0,0.233333,1.0,0.378378,0.0,0.766667,0.116667,0.883333,60,7,53,0.383333
0.3,0.3,,0.025,0,7,30,0,23,0.616667,1.0,0.233333,1.0,0.378378,0.0,0.766667,0.116667,0.883333,60,7,53,0.383333
0.3,0.3,,0.025,1,7,30,0,23,0.616667,1.0,0.233333,1.0,0.378378,0.0,0.766667,0.116667,0.883333,60,7,53,0.383333
0.3,0.3,0.65,0.015,0,7,30,0,23,0.616667,1.0,0.233333,1.0,0.378378,0.0,0.766667,0.116667,0.883333,60,7,53,0.383333
0.3,0.3,0.65,0.015,1,7,30,0,23,0.616667,1.0,0.233333,1.0,0.378378,0.0,0.766667,0.116667,0.883333,60,7,53,0.383333
0.3,0.3,0.65,0.02,0,7,30,0,23,0.616667,1.0,0.233333,1.0,0.378378,0.0,0.766667,0.116667,0.883333,60,7,53,0.383333
0.3,0.3,0.65,0.02,1,7,30,0,23,0.616667,1.0,0.233333,1.0,0.378378,0.0,0.766667,0.116667,0.883333,60,7,53,0.383333
0.3,0.3,0.65,0.025,0,7,30,0,23,0.616667,1.0,0.233333,1.0,0.378378,0.0,0.766667,0.116667,0.883333,60,7,53,0.383333
0.3,0.3,0.65,0.025,1,7,30,0,23,0.616667,1.0,0.233333,1.0,0.378378,0.0,0.766667,0.116667,0.883333,60,7,53,0.383333
0.3,0.3,0.7,0.015,0,7,30,0,23,0.616667,1.0,0.233333,1.0,0.378378,0.0,0.766667,0.116667,0.883333,60,7,53,0.383333
0.3,0.3,0.7,0.015,1,7,30,0,23,0.616667,1.0,0.233333,1.0,0.378378,0.0,0.766667,0.116667,0.883333,60,7,53,0.383333
0.3,0.3,0.7,0.02,0,7,30,0,23,0.616667,1.0,0.233333,1.0,0.378378,0.0,0.766667,0.116667,0.883333,60,7,53,0.383333
0.3,0.3,0.7,0.02,1,7,30,0,23,0.616667,1.0,0.233333,1.0,0.378378,0.0,0.766667,0.116667,0.883333,60,7,53,0.383333
0.3,0.3,0.7,0.025,0,7,30,0,23,0.616667,1.0,0.233333,1.0,0.378378,0.0,0.766667,0.116667,0.883333,60,7,53,0.383333
0.3,0.3,0.7,0.025,1,7,30,0,23,0.616667,1.0,0.233333,1.0,0.378378,0.0,0.766667,0.116667,0.883333,60,7,53,0.383333
0.3,0.3,0.75,,0,7,30,0,23,0.616667,1.0,0.233333,1.0,0.378378,0.0,0.766667,0.116667,0.883333,60,7,53,0.383333
0.3,0.3,0.75,,1,7,30,0,23,0.616667,1.0,0.233333,1.0,0.378378,0.0,0.766667,0.116667,0.883333,60,7,53,0.383333
0.3,0.3,0.75,0.015,0,7,30,0,23,0.616667,1.0,0.233333,1.0,0.378378,0.0,0.766667,0.116667,0.883333,60,7,53,0.383333
0.3,0.3,0.75,0.015,1,7,30,0,23,0.616667,1.0,0.233333,1.0,0.378378,0.0,0.766667,0.116667,0.883333,60,7,53,0.383333
0.3,0.3,0.75,0.02,0,7,30,0,23,0.616667,1.0,0.233333,1.0,0.378378,0.0,0.766667,0.116667,0.883333,60,7,53,0.383333
0.3,0.3,0.75,0.02,1,7,30,0,23,0.616667,1.0,0.233333,1.0,0.378378,0.0,0.766667,0.116667,0.883333,60,7,53,0.383333
0.3,0.3,0.75,0.025,0,7,30,0,23,0.616667,1.0,0.233333,1.0,0.378378,0.0,0.766667,0.116667,0.883333,60,7,53,0.383333
0.3,0.3,0.75,0.025,1,7,30,0,23,0.616667,1.0,0.233333,1.0,0.378378,0.0,0.766667,0.116667,0.883333,60,7,53,0.383333
0.3,0.3,0.8,,0,7,30,0,23,0.616667,1.0,0.233333,1.0,0.378378,0.0,0.766667,0.116667,0.883333,60,7,53,0.383333
0.3,0.3,0.8,,1,7,30,0,23,0.616667,1.0,0.233333,1.0,0.378378,0.0,0.766667,0.116667,0.883333,60,7,53,0.383333
0.3,0.3,0.8,0.015,0,7,30,0,23,0.616667,1.0,0.233333,1.0,0.378378,0.0,0.766667,0.116667,0.883333,60,7,53,0.383333
0.3,0.3,0.8,0.015,1,7,30,0,23,0.616667,1.0,0.233333,1.0,0.378378,0.0,0.766667,0.116667,0.883333,60,7,53,0.383333
0.3,0.3,0.8,0.02,0,7,30,0,23,0.616667,1.0,0.233333,1.0,0.378378,0.0,0.766667,0.116667,0.883333,60,7,53,0.383333
0.3,0.3,0.8,0.02,1,7,30,0,23,0.616667,1.0,0.233333,1.0,0.378378,0.0,0.766667,0.116667,0.883333,60,7,53,0.383333
0.3,0.3,0.8,0.025,0,7,30,0,23,0.616667,1.0,0.233333,1.0,0.378378,0.0,0.766667,0.116667,0.883333,60,7,53,0.383333
0.3,0.3,0.8,0.025,1,7,30,0,23,0.616667,1.0,0.233333,1.0,0.378378,0.0,0.766667,0.116667,0.883333,60,7,53,0.383333
0.4,0.05,0.85,0.03,3,7,30,0,23,0.616667,1.0,0.233333,1.0,0.378378,0.0,0.766667,0.116667,0.883333,60,7,53,0.383333
0.4,0.1,,0.015,2,7,30,0,23,0.616667,1.0,0.233333,1.0,0.378378,0.0,0.766667,0.116667,0.883333,60,7,53,0.383333
0.4,0.1,,0.02,2,7,30,0,23,0.616667,1.0,0.233333,1.0,0.378378,0.0,0.766667,0.116667,0.883333,60,7,53,0.383333
0.4,0.1,,0.025,2,7,30,0,23,0.616667,1.0,0.233333,1.0,0.378378,0.0,0.766667,0.116667,0.883333,60,7,53,0.383333
0.4,0.1,0.65,0.015,2,7,30,0,23,0.616667,1.0,0.233333,1.0,0.378378,0.0,0.766667,0.116667,0.883333,60,7,53,0.383333
0.4,0.1,0.65,0.02,2,7,30,0,23,0.616667,1.0,0.233333,1.0,0.378378,0.0,0.766667,0.116667,0.883333,60,7,53,0.383333
0.4,0.1,0.65,0.025,2,7,30,0,23,0.616667,1.0,0.233333,1.0,0.378378,0.0,0.766667,0.116667,0.883333,60,7,53,0.383333
0.4,0.1,0.7,0.015,2,7,30,0,23,0.616667,1.0,0.233333,1.0,0.378378,0.0,0.766667,0.116667,0.883333,60,7,53,0.383333
0.4,0.1,0.7,0.02,2,7,30,0,23,0.616667,1.0,0.233333,1.0,0.378378,0.0,0.766667,0.116667,0.883333,60,7,53,0.383333
0.4,0.1,0.7,0.025,2,7,30,0,23,0.616667,1.0,0.233333,1.0,0.378378,0.0,0.766667,0.116667,0.883333,60,7,53,0.383333
0.4,0.1,0.75,,2,7,30,0,23,0.616667,1.0,0.233333,1.0,0.378378,0.0,0.766667,0.116667,0.883333,60,7,53,0.383333
0.4,0.1,0.75,0.015,2,7,30,0,23,0.616667,1.0,0.233333,1.0,0.378378,0.0,0.766667,0.116667,0.883333,60,7,53,0.383333
0.4,0.1,0.75,0.02,2,7,30,0,23,0.616667,1.0,0.233333,1.0,0.378378,0.0,0.766667,0.116667,0.883333,60,7,53,0.383333
0.4,0.1,0.75,0.025,2,7,30,0,23,0.616667,1.0,0.233333,1.0,0.378378,0.0,0.766667,0.116667,0.883333,60,7,53,0.383333
0.4,0.1,0.8,,2,7,30,0,23,0.616667,1.0,0.233333,1.0,0.378378,0.0,0.766667,0.116667,0.883333,60,7,53,0.383333
0.4,0.1,0.8,0.015,2,7,30,0,23,0.616667,1.0,0.233333,1.0,0.378378,0.0,0.766667,0.116667,0.883333,60,7,53,0.383333
0.4,0.1,0.8,0.02,2,7,30,0,23,0.616667,1.0,0.233333,1.0,0.378378,0.0,0.766667,0.116667,0.883333,60,7,53,0.383333
0.4,0.1,0.8,0.025,2,7,30,0,23,0.616667,1.0,0.233333,1.0,0.378378,0.0,0.766667,0.116667,0.883333,60,7,53,0.383333
0.4,0.15,0.85,,0,7,30,0,23,0.616667,1.0,0.233333,1.0,0.378378,0.0,0.766667,0.116667,0.883333,60,7,53,0.383333
0.4,0.15,0.85,,1,7,30,0,23,0.616667,1.0,0.233333,1.0,0.378378,0.0,0.766667,0.116667,0.883333,60,7,53,0.383333
0.4,0.15,0.85,0.015,0,7,30,0,23,0.616667,1.0,0.233333,1.0,0.378378,0.0,0.766667,0.116667,0.883333,60,7,53,0.383333
0.4,0.15,0.85,0.015,1,7,30,0,23,0.616667,1.0,0.233333,1.0,0.378378,0.0,0.766667,0.116667,0.883333,60,7,53,0.383333
0.4,0.15,0.85,0.02,0,7,30,0,23,0.616667,1.0,0.233333,1.0,0.378378,0.0,0.766667,0.116667,0.883333,60,7,53,0.383333
0.4,0.15,0.85,0.02,1,7,30,0,23,0.616667,1.0,0.233333,1.0,0.378378,0.0,0.766667,0.116667,0.883333,60,7,53,0.383333
0.4,0.15,0.85,0.025,0,7,30,0,23,0.616667,1.0,0.233333,1.0,0.378378,0.0,0.766667,0.116667,0.883333,60,7,53,0.383333
0.4,0.15,0.85,0.025,1,7,30,0,23,0.616667,1.0,0.233333,1.0,0.378378,0.0,0.766667,0.116667,0.883333,60,7,53,0.383333
0.4,0.3,,0.015,0,7,30,0,23,0.616667,1.0,0.233333,1.0,0.378378,0.0,0.766667,0.116667,0.883333,60,7,53,0.383333
0.4,0.3,,0.015,1,7,30,0,23,0.616667,1.0,0.233333,1.0,0.378378,0.0,0.766667,0.116667,0.883333,60,7,53,0.383333
0.4,0.3,,0.02,0,7,30,0,23,0.616667,1.0,0.233333,1.0,0.378378,0.0,0.766667,0.116667,0.883333,60,7,53,0.383333
0.4,0.3,,0.02,1,7,30,0,23,0.616667,1.0,0.233333,1.0,0.378378,0.0,0.766667,0.116667,0.883333,60,7,53,0.383333
0.4,0.3,,0.025,0,7,30,0,23,0.616667,1.0,0.233333,1.0,0.378378,0.0,0.766667,0.116667,0.883333,60,7,53,0.383333
0.4,0.3,,0.025,1,7,30,0,23,0.616667,1.0,0.233333,1.0,0.378378,0.0,0.766667,0.116667,0.883333,60,7,53,0.383333
0.4,0.3,0.65,0.015,0,7,30,0,23,0.616667,1.0,0.233333,1.0,0.378378,0.0,0.766667,0.116667,0.883333,60,7,53,0.383333
0.4,0.3,0.65,0.015,1,7,30,0,23,0.616667,1.0,0.233333,1.0,0.378378,0.0,0.766667,0.116667,0.883333,60,7,53,0.383333
0.4,0.3,0.65,0.02,0,7,30,0,23,0.616667,1.0,0.233333,1.0,0.378378,0.0,0.766667,0.116667,0.883333,60,7,53,0.383333
0.4,0.3,0.65,0.02,1,7,30,0,23,0.616667,1.0,0.233333,1.0,0.378378,0.0,0.766667,0.116667,0.883333,60,7,53,0.383333
0.4,0.3,0.65,0.025,0,7,30,0,23,0.616667,1.0,0.233333,1.0,0.378378,0.0,0.766667,0.116667,0.883333,60,7,53,0.383333
0.4,0.3,0.65,0.025,1,7,30,0,23,0.616667,1.0,0.233333,1.0,0.378378,0.0,0.766667,0.116667,0.883333,60,7,53,0.383333
0.4,0.3,0.7,0.015,0,7,30,0,23,0.616667,1.0,0.233333,1.0,0.378378,0.0,0.766667,0.116667,0.883333,60,7,53,0.383333
0.4,0.3,0.7,0.015,1,7,30,0,23,0.616667,1.0,0.233333,1.0,0.378378,0.0,0.766667,0.116667,0.883333,60,7,53,0.383333
0.4,0.3,0.7,0.02,0,7,30,0,23,0.616667,1.0,0.233333,1.0,0.378378,0.0,0.766667,0.116667,0.883333,60,7,53,0.383333
0.4,0.3,0.7,0.02,1,7,30,0,23,0.616667,1.0,0.233333,1.0,0.378378,0.0,0.766667,0.116667,0.883333,60,7,53,0.383333
0.4,0.3,0.7,0.025,0,7,30,0,23,0.616667,1.0,0.233333,1.0,0.378378,0.0,0.766667,0.116667,0.883333,60,7,53,0.383333
0.4,0.3,0.7,0.025,1,7,30,0,23,0.616667,1.0,0.233333,1.0,0.378378,0.0,0.766667,0.116667,0.883333,60,7,53,0.383333
0.4,0.3,0.75,,0,7,30,0,23,0.616667,1.0,0.233333,1.0,0.378378,0.0,0.766667,0.116667,0.883333,60,7,53,0.383333
0.4,0.3,0.75,,1,7,30,0,23,0.616667,1.0,0.233333,1.0,0.378378,0.0,0.766667,0.116667,0.883333,60,7,53,0.383333
0.4,0.3,0.75,0.015,0,7,30,0,23,0.616667,1.0,0.233333,1.0,0.378378,0.0,0.766667,0.116667,0.883333,60,7,53,0.383333
0.4,0.3,0.75,0.015,1,7,30,0,23,0.616667,1.0,0.233333,1.0,0.378378,0.0,0.766667,0.116667,0.883333,60,7,53,0.383333
0.4,0.3,0.75,0.02,0,7,30,0,23,0.616667,1.0,0.233333,1.0,0.378378,0.0,0.766667,0.116667,0.883333,60,7,53,0.383333
0.4,0.3,0.75,0.02,1,7,30,0,23,0.616667,1.0,0.233333,1.0,0.378378,0.0,0.766667,0.116667,0.883333,60,7,53,0.383333
0.4,0.3,0.75,0.025,0,7,30,0,23,0.616667,1.0,0.233333,1.0,0.378378,0.0,0.766667,0.116667,0.883333,60,7,53,0.383333
0.4,0.3,0.75,0.025,1,7,30,0,23,0.616667,1.0,0.233333,1.0,0.378378,0.0,0.766667,0.116667,0.883333,60,7,53,0.383333
0.4,0.3,0.8,,0,7,30,0,23,0.616667,1.0,0.233333,1.0,0.378378,0.0,0.766667,0.116667,0.883333,60,7,53,0.383333
0.4,0.3,0.8,,1,7,30,0,23,0.616667,1.0,0.233333,1.0,0.378378,0.0,0.766667,0.116667,0.883333,60,7,53,0.383333
0.4,0.3,0.8,0.015,0,7,30,0,23,0.616667,1.0,0.233333,1.0,0.378378,0.0,0.766667,0.116667,0.883333,60,7,53,0.383333
0.4,0.3,0.8,0.015,1,7,30,0,23,0.616667,1.0,0.233333,1.0,0.378378,0.0,0.766667,0.116667,0.883333,60,7,53,0.383333
0.4,0.3,0.8,0.02,0,7,30,0,23,0.616667,1.0,0.233333,1.0,0.378378,0.0,0.766667,0.116667,0.883333,60,7,53,0.383333
0.4,0.3,0.8,0.02,1,7,30,0,23,0.616667,1.0,0.233333,1.0,0.378378,0.0,0.766667,0.116667,0.883333,60,7,53,0.383333
0.4,0.3,0.8,0.025,0,7,30,0,23,0.616667,1.0,0.233333,1.0,0.378378,0.0,0.766667,0.116667,0.883333,60,7,53,0.383333
0.4,0.3,0.8,0.025,1,7,30,0,23,0.616667,1.0,0.233333,1.0,0.378378,0.0,0.766667,0.116667,0.883333,60,7,53,0.383333
0.5,0.05,0.85,0.03,3,7,30,0,23,0.616667,1.0,0.233333,1.0,0.378378,0.0,0.766667,0.116667,0.883333,60,7,53,0.383333
0.5,0.1,,0.015,2,7,30,0,23,0.616667,1.0,0.233333,1.0,0.378378,0.0,0.766667,0.116667,0.883333,60,7,53,0.383333
0.5,0.1,,0.02,2,7,30,0,23,0.616667,1.0,0.233333,1.0,0.378378,0.0,0.766667,0.116667,0.883333,60,7,53,0.383333
0.5,0.1,,0.025,2,7,30,0,23,0.616667,1.0,0.233333,1.0,0.378378,0.0,0.766667,0.116667,0.883333,60,7,53,0.383333
0.5,0.1,0.65,0.015,2,7,30,0,23,0.616667,1.0,0.233333,1.0,0.378378,0.0,0.766667,0.116667,0.883333,60,7,53,0.383333
0.5,0.1,0.65,0.02,2,7,30,0,23,0.616667,1.0,0.233333,1.0,0.378378,0.0,0.766667,0.116667,0.883333,60,7,53,0.383333
0.5,0.1,0.65,0.025,2,7,30,0,23,0.616667,1.0,0.233333,1.0,0.378378,0.0,0.766667,0.116667,0.883333,60,7,53,0.383333
0.5,0.1,0.7,0.015,2,7,30,0,23,0.616667,1.0,0.233333,1.0,0.378378,0.0,0.766667,0.116667,0.883333,60,7,53,0.383333
0.5,0.1,0.7,0.02,2,7,30,0,23,0.616667,1.0,0.233333,1.0,0.378378,0.0,0.766667,0.116667,0.883333,60,7,53,0.383333
0.5,0.1,0.7,0.025,2,7,30,0,23,0.616667,1.0,0.233333,1.0,0.378378,0.0,0.766667,0.116667,0.883333,60,7,53,0.383333
0.5,0.1,0.75,,2,7,30,0,23,0.616667,1.0,0.233333,1.0,0.378378,0.0,0.766667,0.116667,0.883333,60,7,53,0.383333
0.5,0.1,0.75,0.015,2,7,30,0,23,0.616667,1.0,0.233333,1.0,0.378378,0.0,0.766667,0.116667,0.883333,60,7,53,0.383333
0.5,0.1,0.75,0.02,2,7,30,0,23,0.616667,1.0,0.233333,1.0,0.378378,0.0,0.766667,0.116667,0.883333,60,7,53,0.383333
0.5,0.1,0.75,0.025,2,7,30,0,23,0.616667,1.0,0.233333,1.0,0.378378,0.0,0.766667,0.116667,0.883333,60,7,53,0.383333
0.5,0.1,0.8,,2,7,30,0,23,0.616667,1.0,0.233333,1.0,0.378378,0.0,0.766667,0.116667,0.883333,60,7,53,0.383333
0.5,0.1,0.8,0.015,2,7,30,0,23,0.616667,1.0,0.233333,1.0,0.378378,0.0,0.766667,0.116667,0.883333,60,7,53,0.383333
0.5,0.1,0.8,0.02,2,7,30,0,23,0.616667,1.0,0.233333,1.0,0.378378,0.0,0.766667,0.116667,0.883333,60,7,53,0.383333
0.5,0.1,0.8,0.025,2,7,30,0,23,0.616667,1.0,0.233333,1.0,0.378378,0.0,0.766667,0.116667,0.883333,60,7,53,0.383333
0.5,0.15,0.85,,0,7,30,0,23,0.616667,1.0,0.233333,1.0,0.378378,0.0,0.766667,0.116667,0.883333,60,7,53,0.383333
0.5,0.15,0.85,,1,7,30,0,23,0.616667,1.0,0.233333,1.0,0.378378,0.0,0.766667,0.116667,0.883333,60,7,53,0.383333
0.5,0.15,0.85,0.015,0,7,30,0,23,0.616667,1.0,0.233333,1.0,0.378378,0.0,0.766667,0.116667,0.883333,60,7,53,0.383333
0.5,0.15,0.85,0.015,1,7,30,0,23,0.616667,1.0,0.233333,1.0,0.378378,0.0,0.766667,0.116667,0.883333,60,7,53,0.383333
0.5,0.15,0.85,0.02,0,7,30,0,23,0.616667,1.0,0.233333,1.0,0.378378,0.0,0.766667,0.116667,0.883333,60,7,53,0.383333
0.5,0.15,0.85,0.02,1,7,30,0,23,0.616667,1.0,0.233333,1.0,0.378378,0.0,0.766667,0.116667,0.883333,60,7,53,0.383333
0.5,0.15,0.85,0.025,0,7,30,0,23,0.616667,1.0,0.233333,1.0,0.378378,0.0,0.766667,0.116667,0.883333,60,7,53,0.383333
0.5,0.15,0.85,0.025,1,7,30,0,23,0.616667,1.0,0.233333,1.0,0.378378,0.0,0.766667,0.116667,0.883333,60,7,53,0.383333
0.5,0.3,,0.015,0,7,30,0,23,0.616667,1.0,0.233333,1.0,0.378378,0.0,0.766667,0.116667,0.883333,60,7,53,0.383333
0.5,0.3,,0.015,1,7,30,0,23,0.616667,1.0,0.233333,1.0,0.378378,0.0,0.766667,0.116667,0.883333,60,7,53,0.383333
0.5,0.3,,0.02,0,7,30,0,23,0.616667,1.0,0.233333,1.0,0.378378,0.0,0.766667,0.116667,0.883333,60,7,53,0.383333
0.5,0.3,,0.02,1,7,30,0,23,0.616667,1.0,0.233333,1.0,0.378378,0.0,0.766667,0.116667,0.883333,60,7,53,0.383333
0.5,0.3,,0.025,0,7,30,0,23,0.616667,1.0,0.233333,1.0,0.378378,0.0,0.766667,0.116667,0.883333,60,7,53,0.383333
0.5,0.3,,0.025,1,7,30,0,23,0.616667,1.0,0.233333,1.0,0.378378,0.0,0.766667,0.116667,0.883333,60,7,53,0.383333
0.5,0.3,0.65,0.015,0,7,30,0,23,0.616667,1.0,0.233333,1.0,0.378378,0.0,0.766667,0.116667,0.883333,60,7,53,0.383333
0.5,0.3,0.65,0.015,1,7,30,0,23,0.616667,1.0,0.233333,1.0,0.378378,0.0,0.766667,0.116667,0.883333,60,7,53,0.383333
0.5,0.3,0.65,0.02,0,7,30,0,23,0.616667,1.0,0.233333,1.0,0.378378,0.0,0.766667,0.116667,0.883333,60,7,53,0.383333
0.5,0.3,0.65,0.02,1,7,30,0,23,0.616667,1.0,0.233333,1.0,0.378378,0.0,0.766667,0.116667,0.883333,60,7,53,0.383333
0.5,0.3,0.65,0.025,0,7,30,0,23,0.616667,1.0,0.233333,1.0,0.378378,0.0,0.766667,0.116667,0.883333,60,7,53,0.383333
0.5,0.3,0.65,0.025,1,7,30,0,23,0.616667,1.0,0.233333,1.0,0.378378,0.0,0.766667,0.116667,0.883333,60,7,53,0.383333
0.5,0.3,0.7,0.015,0,7,30,0,23,0.616667,1.0,0.233333,1.0,0.378378,0.0,0.766667,0.116667,0.883333,60,7,53,0.383333
0.5,0.3,0.7,0.015,1,7,30,0,23,0.616667,1.0,0.233333,1.0,0.378378,0.0,0.766667,0.116667,0.883333,60,7,53,0.383333
0.5,0.3,0.7,0.02,0,7,30,0,23,0.616667,1.0,0.233333,1.0,0.378378,0.0,0.766667,0.116667,0.883333,60,7,53,0.383333
0.5,0.3,0.7,0.02,1,7,30,0,23,0.616667,1.0,0.233333,1.0,0.378378,0.0,0.766667,0.116667,0.883333,60,7,53,0.383333
0.5,0.3,0.7,0.025,0,7,30,0,23,0.616667,1.0,0.233333,1.0,0.378378,0.0,0.766667,0.116667,0.883333,60,7,53,0.383333
0.5,0.3,0.7,0.025,1,7,30,0,23,0.616667,1.0,0.233333,1.0,0.378378,0.0,0.766667,0.116667,0.883333,60,7,53,0.383333
0.5,0.3,0.75,,0,7,30,0,23,0.616667,1.0,0.233333,1.0,0.378378,0.0,0.766667,0.116667,0.883333,60,7,53,0.383333
0.5,0.3,0.75,,1,7,30,0,23,0.616667,1.0,0.233333,1.0,0.378378,0.0,0.766667,0.116667,0.883333,60,7,53,0.383333
0.5,0.3,0.75,0.015,0,7,30,0,23,0.616667,1.0,0.233333,1.0,0.378378,0.0,0.766667,0.116667,0.883333,60,7,53,0.383333
0.5,0.3,0.75,0.015,1,7,30,0,23,0.616667,1.0,0.233333,1.0,0.378378,0.0,0.766667,0.116667,0.883333,60,7,53,0.383333
0.5,0.3,0.75,0.02,0,7,30,0,23,0.616667,1.0,0.233333,1.0,0.378378,0.0,0.766667,0.116667,0.883333,60,7,53,0.383333
0.5,0.3,0.75,0.02,1,7,30,0,23,0.616667,1.0,0.233333,1.0,0.378378,0.0,0.766667,0.116667,0.883333,60,7,53,0.383333
0.5,0.3,0.75,0.025,0,7,30,0,23,0.616667,1.0,0.233333,1.0,0.378378,0.0,0.766667,0.116667,0.883333,60,7,53,0.383333
0.5,0.3,0.75,0.025,1,7,30,0,23,0.616667,1.0,0.233333,1.0,0.378378,0.0,0.766667,0.116667,0.883333,60,7,53,0.383333
0.5,0.3,0.8,,0,7,30,0,23,0.616667,1.0,0.233333,1.0,0.378378,0.0,0.766667,0.116667,0.883333,60,7,53,0.383333
0.5,0.3,0.8,,1,7,30,0,23,0.616667,1.0,0.233333,1.0,0.378378,0.0,0.766667,0.116667,0.883333,60,7,53,0.383333
0.5,0.3,0.8,0.015,0,7,30,0,23,0.616667,1.0,0.233333,1.0,0.378378,0.0,0.766667,0.116667,0.883333,60,7,53,0.383333
0.5,0.3,0.8,0.015,1,7,30,0,23,0.616667,1.0,0.233333,1.0,0.378378,0.0,0.766667,0.116667,0.883333,60,7,53,0.383333
0.5,0.3,0.8,0.02,0,7,30,0,23,0.616667,1.0,0.233333,1.0,0.378378,0.0,0.766667,0.116667,0.883333,60,7,53,0.383333
0.5,0.3,0.8,0.02,1,7,30,0,23,0.616667,1.0,0.233333,1.0,0.378378,0.0,0.766667,0.116667,0.883333,60,7,53,0.383333
0.5,0.3,0.8,0.025,0,7,30,0,23,0.616667,1.0,0.233333,1.0,0.378378,0.0,0.766667,0.116667,0.883333,60,7,53,0.383333
0.5,0.3,0.8,0.025,1,7,30,0,23,0.616667,1.0,0.233333,1.0,0.378378,0.0,0.766667,0.116667,0.883333,60,7,53,0.383333
0.6,0.05,0.85,0.03,3,7,30,0,23,0.616667,1.0,0.233333,1.0,0.378378,0.0,0.766667,0.116667,0.883333,60,7,53,0.383333
0.6,0.1,,0.015,2,7,30,0,23,0.616667,1.0,0.233333,1.0,0.378378,0.0,0.766667,0.116667,0.883333,60,7,53,0.383333
0.6,0.1,,0.02,2,7,30,0,23,0.616667,1.0,0.233333,1.0,0.378378,0.0,0.766667,0.116667,0.883333,60,7,53,0.383333
0.6,0.1,,0.025,2,7,30,0,23,0.616667,1.0,0.233333,1.0,0.378378,0.0,0.766667,0.116667,0.883333,60,7,53,0.383333
0.6,0.1,0.65,0.015,2,7,30,0,23,0.616667,1.0,0.233333,1.0,0.378378,0.0,0.766667,0.116667,0.883333,60,7,53,0.383333
0.6,0.1,0.65,0.02,2,7,30,0,23,0.616667,1.0,0.233333,1.0,0.378378,0.0,0.766667,0.116667,0.883333,60,7,53,0.383333
0.6,0.1,0.65,0.025,2,7,30,0,23,0.616667,1.0,0.233333,1.0,0.378378,0.0,0.766667,0.116667,0.883333,60,7,53,0.383333
0.6,0.1,0.7,0.015,2,7,30,0,23,0.616667,1.0,0.233333,1.0,0.378378,0.0,0.766667,0.116667,0.883333,60,7,53,0.383333
0.6,0.1,0.7,0.02,2,7,30,0,23,0.616667,1.0,0.233333,1.0,0.378378,0.0,0.766667,0.116667,0.883333,60,7,53,0.383333
0.6,0.1,0.7,0.025,2,7,30,0,23,0.616667,1.0,0.233333,1.0,0.378378,0.0,0.766667,0.116667,0.883333,60,7,53,0.383333
0.6,0.1,0.75,,2,7,30,0,23,0.616667,1.0,0.233333,1.0,0.378378,0.0,0.766667,0.116667,0.883333,60,7,53,0.383333
0.6,0.1,0.75,0.015,2,7,30,0,23,0.616667,1.0,0.233333,1.0,0.378378,0.0,0.766667,0.116667,0.883333,60,7,53,0.383333
0.6,0.1,0.75,0.02,2,7,30,0,23,0.616667,1.0,0.233333,1.0,0.378378,0.0,0.766667,0.116667,0.883333,60,7,53,0.383333
0.6,0.1,0.75,0.025,2,7,30,0,23,0.616667,1.0,0.233333,1.0,0.378378,0.0,0.766667,0.116667,0.883333,60,7,53,0.383333
0.6,0.1,0.8,,2,7,30,0,23,0.616667,1.0,0.233333,1.0,0.378378,0.0,0.766667,0.116667,0.883333,60,7,53,0.383333
0.6,0.1,0.8,0.015,2,7,30,0,23,0.616667,1.0,0.233333,1.0,0.378378,0.0,0.766667,0.116667,0.883333,60,7,53,0.383333
0.6,0.1,0.8,0.02,2,7,30,0,23,0.616667,1.0,0.233333,1.0,0.378378,0.0,0.766667,0.116667,0.883333,60,7,53,0.383333
0.6,0.1,0.8,0.025,2,7,30,0,23,0.616667,1.0,0.233333,1.0,0.378378,0.0,0.766667,0.116667,0.883333,60,7,53,0.383333
0.6,0.15,0.85,,0,7,30,0,23,0.616667,1.0,0.233333,1.0,0.378378,0.0,0.766667,0.116667,0.883333,60,7,53,0.383333
0.6,0.15,0.85,,1,7,30,0,23,0.616667,1.0,0.233333,1.0,0.378378,0.0,0.766667,0.116667,0.883333,60,7,53,0.383333
0.6,0.15,0.85,0.015,0,7,30,0,23,0.616667,1.0,0.233333,1.0,0.378378,0.0,0.766667,0.116667,0.883333,60,7,53,0.383333
0.6,0.15,0.85,0.015,1,7,30,0,23,0.616667,1.0,0.233333,1.0,0.378378,0.0,0.766667,0.116667,0.883333,60,7,53,0.383333
0.6,0.15,0.85,0.02,0,7,30,0,23,0.616667,1.0,0.233333,1.0,0.378378,0.0,0.766667,0.116667,0.883333,60,7,53,0.383333
0.6,0.15,0.85,0.02,1,7,30,0,23,0.616667,1.0,0.233333,1.0,0.378378,0.0,0.766667,0.116667,0.883333,60,7,53,0.383333
0.6,0.15,0.85,0.025,0,7,30,0,23,0.616667,1.0,0.233333,1.0,0.378378,0.0,0.766667,0.116667,0.883333,60,7,53,0.383333
0.6,0.15,0.85,0.025,1,7,30,0,23,0.616667,1.0,0.233333,1.0,0.378378,0.0,0.766667,0.116667,0.883333,60,7,53,0.383333
0.6,0.3,,0.015,0,7,30,0,23,0.616667,1.0,0.233333,1.0,0.378378,0.0,0.766667,0.116667,0.883333,60,7,53,0.383333
0.6,0.3,,0.015,1,7,30,0,23,0.616667,1.0,0.233333,1.0,0.378378,0.0,0.766667,0.116667,0.883333,60,7,53,0.383333
0.6,0.3,,0.02,0,7,30,0,23,0.616667,1.0,0.233333,1.0,0.378378,0.0,0.766667,0.116667,0.883333,60,7,53,0.383333
0.6,0.3,,0.02,1,7,30,0,23,0.616667,1.0,0.233333,1.0,0.378378,0.0,0.766667,0.116667,0.883333,60,7,53,0.383333
0.6,0.3,,0.025,0,7,30,0,23,0.616667,1.0,0.233333,1.0,0.378378,0.0,0.766667,0.116667,0.883333,60,7,53,0.383333
0.6,0.3,,0.025,1,7,30,0,23,0.616667,1.0,0.233333,1.0,0.378378,0.0,0.766667,0.116667,0.883333,60,7,53,0.383333
0.6,0.3,0.65,0.015,0,7,30,0,23,0.616667,1.0,0.233333,1.0,0.378378,0.0,0.766667,0.116667,0.883333,60,7,53,0.383333
0.6,0.3,0.65,0.015,1,7,30,0,23,0.616667,1.0,0.233333,1.0,0.378378,0.0,0.766667,0.116667,0.883333,60,7,53,0.383333
0.6,0.3,0.65,0.02,0,7,30,0,23,0.616667,1.0,0.233333,1.0,0.378378,0.0,0.766667,0.116667,0.883333,60,7,53,0.383333
0.6,0.3,0.65,0.02,1,7,30,0,23,0.616667,1.0,0.233333,1.0,0.378378,0.0,0.766667,0.116667,0.883333,60,7,53,0.383333
0.6,0.3,0.65,0.025,0,7,30,0,23,0.616667,1.0,0.233333,1.0,0.378378,0.0,0.766667,0.116667,0.883333,60,7,53,0.383333
0.6,0.3,0.65,0.025,1,7,30,0,23,0.616667,1.0,0.233333,1.0,0.378378,0.0,0.766667,0.116667,0.883333,60,7,53,0.383333
0.6,0.3,0.7,0.015,0,7,30,0,23,0.616667,1.0,0.233333,1.0,0.378378,0.0,0.766667,0.116667,0.883333,60,7,53,0.383333
0.6,0.3,0.7,0.015,1,7,30,0,23,0.616667,1.0,0.233333,1.0,0.378378,0.0,0.766667,0.116667,0.883333,60,7,53,0.383333
0.6,0.3,0.7,0.02,0,7,30,0,23,0.616667,1.0,0.233333,1.0,0.378378,0.0,0.766667,0.116667,0.883333,60,7,53,0.383333
0.6,0.3,0.7,0.02,1,7,30,0,23,0.616667,1.0,0.233333,1.0,0.378378,0.0,0.766667,0.116667,0.883333,60,7,53,0.383333
0.6,0.3,0.7,0.025,0,7,30,0,23,0.616667,1.0,0.233333,1.0,0.378378,0.0,0.766667,0.116667,0.883333,60,7,53,0.383333
0.6,0.3,0.7,0.025,1,7,30,0,23,0.616667,1.0,0.233333,1.0,0.378378,0.0,0.766667,0.116667,0.883333,60,7,53,0.383333
0.6,0.3,0.75,,0,7,30,0,23,0.616667,1.0,0.233333,1.0,0.378378,0.0,0.766667,0.116667,0.883333,60,7,53,0.383333
0.6,0.3,0.75,,1,7,30,0,23,0.616667,1.0,0.233333,1.0,0.378378,0.0,0.766667,0.116667,0.883333,60,7,53,0.383333
0.6,0.3,0.75,0.015,0,7,30,0,23,0.616667,1.0,0.233333,1.0,0.378378,0.0,0.766667,0.116667,0.883333,60,7,53,0.383333
0.6,0.3,0.75,0.015,1,7,30,0,23,0.616667,1.0,0.233333,1.0,0.378378,0.0,0.766667,0.116667,0.883333,60,7,53,0.383333
0.6,0.3,0.75,0.02,0,7,30,0,23,0.616667,1.0,0.233333,1.0,0.378378,0.0,0.766667,0.116667,0.883333,60,7,53,0.383333
0.6,0.3,0.75,0.02,1,7,30,0,23,0.616667,1.0,0.233333,1.0,0.378378,0.0,0.766667,0.116667,0.883333,60,7,53,0.383333
0.6,0.3,0.75,0.025,0,7,30,0,23,0.616667,1.0,0.233333,1.0,0.378378,0.0,0.766667,0.116667,0.883333,60,7,53,0.383333
0.6,0.3,0.75,0.025,1,7,30,0,23,0.616667,1.0,0.233333,1.0,0.378378,0.0,0.766667,0.116667,0.883333,60,7,53,0.383333
0.6,0.3,0.8,,0,7,30,0,23,0.616667,1.0,0.233333,1.0,0.378378,0.0,0.766667,0.116667,0.883333,60,7,53,0.383333
0.6,0.3,0.8,,1,7,30,0,23,0.616667,1.0,0.233333,1.0,0.378378,0.0,0.766667,0.116667,0.883333,60,7,53,0.383333
0.6,0.3,0.8,0.015,0,7,30,0,23,0.616667,1.0,0.233333,1.0,0.378378,0.0,0.766667,0.116667,0.883333,60,7,53,0.383333
0.6,0.3,0.8,0.015,1,7,30,0,23,0.616667,1.0,0.233333,1.0,0.378378,0.0,0.766667,0.116667,0.883333,60,7,53,0.383333
0.6,0.3,0.8,0.02,0,7,30,0,23,0.616667,1.0,0.233333,1.0,0.378378,0.0,0.766667,0.116667,0.883333,60,7,53,0.383333
0.6,0.3,0.8,0.02,1,7,30,0,23,0.616667,1.0,0.233333,1.0,0.378378,0.0,0.766667,0.116667,0.883333,60,7,53,0.383333
0.6,0.3,0.8,0.025,0,7,30,0,23,0.616667,1.0,0.233333,1.0,0.378378,0.0,0.766667,0.116667,0.883333,60,7,53,0.383333
0.6,0.3,0.8,0.025,1,7,30,0,23,0.616667,1.0,0.233333,1.0,0.378378,0.0,0.766667,0.116667,0.883333,60,7,53,0.383333
0.7,0.05,0.85,0.03,3,7,30,0,23,0.616667,1.0,0.233333,1.0,0.378378,0.0,0.766667,0.116667,0.883333,60,7,53,0.383333
0.7,0.1,,0.015,2,7,30,0,23,0.616667,1.0,0.233333,1.0,0.378378,0.0,0.766667,0.116667,0.883333,60,7,53,0.383333
0.7,0.1,,0.02,2,7,30,0,23,0.616667,1.0,0.233333,1.0,0.378378,0.0,0.766667,0.116667,0.883333,60,7,53,0.383333
0.7,0.1,,0.025,2,7,30,0,23,0.616667,1.0,0.233333,1.0,0.378378,0.0,0.766667,0.116667,0.883333,60,7,53,0.383333
0.7,0.1,0.65,0.015,2,7,30,0,23,0.616667,1.0,0.233333,1.0,0.378378,0.0,0.766667,0.116667,0.883333,60,7,53,0.383333
0.7,0.1,0.65,0.02,2,7,30,0,23,0.616667,1.0,0.233333,1.0,0.378378,0.0,0.766667,0.116667,0.883333,60,7,53,0.383333
0.7,0.1,0.65,0.025,2,7,30,0,23,0.616667,1.0,0.233333,1.0,0.378378,0.0,0.766667,0.116667,0.883333,60,7,53,0.383333
0.7,0.1,0.7,0.015,2,7,30,0,23,0.616667,1.0,0.233333,1.0,0.378378,0.0,0.766667,0.116667,0.883333,60,7,53,0.383333
0.7,0.1,0.7,0.02,2,7,30,0,23,0.616667,1.0,0.233333,1.0,0.378378,0.0,0.766667,0.116667,0.883333,60,7,53,0.383333
0.7,0.1,0.7,0.025,2,7,30,0,23,0.616667,1.0,0.233333,1.0,0.378378,0.0,0.766667,0.116667,0.883333,60,7,53,0.383333
0.7,0.1,0.75,,2,7,30,0,23,0.616667,1.0,0.233333,1.0,0.378378,0.0,0.766667,0.116667,0.883333,60,7,53,0.383333
0.7,0.1,0.75,0.015,2,7,30,0,23,0.616667,1.0,0.233333,1.0,0.378378,0.0,0.766667,0.116667,0.883333,60,7,53,0.383333
0.7,0.1,0.75,0.02,2,7,30,0,23,0.616667,1.0,0.233333,1.0,0.378378,0.0,0.766667,0.116667,0.883333,60,7,53,0.383333
0.7,0.1,0.75,0.025,2,7,30,0,23,0.616667,1.0,0.233333,1.0,0.378378,0.0,0.766667,0.116667,0.883333,60,7,53,0.383333
0.7,0.1,0.8,,2,7,30,0,23,0.616667,1.0,0.233333,1.0,0.378378,0.0,0.766667,0.116667,0.883333,60,7,53,0.383333
0.7,0.1,0.8,0.015,2,7,30,0,23,0.616667,1.0,0.233333,1.0,0.378378,0.0,0.766667,0.116667,0.883333,60,7,53,0.383333
0.7,0.1,0.8,0.02,2,7,30,0,23,0.616667,1.0,0.233333,1.0,0.378378,0.0,0.766667,0.116667,0.883333,60,7,53,0.383333
0.7,0.1,0.8,0.025,2,7,30,0,23,0.616667,1.0,0.233333,1.0,0.378378,0.0,0.766667,0.116667,0.883333,60,7,53,0.383333
0.7,0.15,0.85,,0,7,30,0,23,0.616667,1.0,0.233333,1.0,0.378378,0.0,0.766667,0.116667,0.883333,60,7,53,0.383333
0.7,0.15,0.85,,1,7,30,0,23,0.616667,1.0,0.233333,1.0,0.378378,0.0,0.766667,0.116667,0.883333,60,7,53,0.383333
0.7,0.15,0.85,0.015,0,7,30,0,23,0.616667,1.0,0.233333,1.0,0.378378,0.0,0.766667,0.116667,0.883333,60,7,53,0.383333
0.7,0.15,0.85,0.015,1,7,30,0,23,0.616667,1.0,0.233333,1.0,0.378378,0.0,0.766667,0.116667,0.883333,60,7,53,0.383333
0.7,0.15,0.85,0.02,0,7,30,0,23,0.616667,1.0,0.233333,1.0,0.378378,0.0,0.766667,0.116667,0.883333,60,7,53,0.383333
0.7,0.15,0.85,0.02,1,7,30,0,23,0.616667,1.0,0.233333,1.0,0.378378,0.0,0.766667,0.116667,0.883333,60,7,53,0.383333
0.7,0.15,0.85,0.025,0,7,30,0,23,0.616667,1.0,0.233333,1.0,0.378378,0.0,0.766667,0.116667,0.883333,60,7,53,0.383333
0.7,0.15,0.85,0.025,1,7,30,0,23,0.616667,1.0,0.233333,1.0,0.378378,0.0,0.766667,0.116667,0.883333,60,7,53,0.383333
0.7,0.3,,0.015,0,7,30,0,23,0.616667,1.0,0.233333,1.0,0.378378,0.0,0.766667,0.116667,0.883333,60,7,53,0.383333
0.7,0.3,,0.015,1,7,30,0,23,0.616667,1.0,0.233333,1.0,0.378378,0.0,0.766667,0.116667,0.883333,60,7,53,0.383333
0.7,0.3,,0.02,0,7,30,0,23,0.616667,1.0,0.233333,1.0,0.378378,0.0,0.766667,0.116667,0.883333,60,7,53,0.383333
0.7,0.3,,0.02,1,7,30,0,23,0.616667,1.0,0.233333,1.0,0.378378,0.0,0.766667,0.116667,0.883333,60,7,53,0.383333
0.7,0.3,,0.025,0,7,30,0,23,0.616667,1.0,0.233333,1.0,0.378378,0.0,0.766667,0.116667,0.883333,60,7,53,0.383333
0.7,0.3,,0.025,1,7,30,0,23,0.616667,1.0,0.233333,1.0,0.378378,0.0,0.766667,0.116667,0.883333,60,7,53,0.383333
0.7,0.3,0.65,0.015,0,7,30,0,23,0.616667,1.0,0.233333,1.0,0.378378,0.0,0.766667,0.116667,0.883333,60,7,53,0.383333
0.7,0.3,0.65,0.015,1,7,30,0,23,0.616667,1.0,0.233333,1.0,0.378378,0.0,0.766667,0.116667,0.883333,60,7,53,0.383333
0.7,0.3,0.65,0.02,0,7,30,0,23,0.616667,1.0,0.233333,1.0,0.378378,0.0,0.766667,0.116667,0.883333,60,7,53,0.383333
0.7,0.3,0.65,0.02,1,7,30,0,23,0.616667,1.0,0.233333,1.0,0.378378,0.0,0.766667,0.116667,0.883333,60,7,53,0.383333
0.7,0.3,0.65,0.025,0,7,30,0,23,0.616667,1.0,0.233333,1.0,0.378378,0.0,0.766667,0.116667,0.883333,60,7,53,0.383333
0.7,0.3,0.65,0.025,1,7,30,0,23,0.616667,1.0,0.233333,1.0,0.378378,0.0,0.766667,0.116667,0.883333,60,7,53,0.383333
0.7,0.3,0.7,0.015,0,7,30,0,23,0.616667,1.0,0.233333,1.0,0.378378,0.0,0.766667,0.116667,0.883333,60,7,53,0.383333
0.7,0.3,0.7,0.015,1,7,30,0,23,0.616667,1.0,0.233333,1.0,0.378378,0.0,0.766667,0.116667,0.883333,60,7,53,0.383333
0.7,0.3,0.7,0.02,0,7,30,0,23,0.616667,1.0,0.233333,1.0,0.378378,0.0,0.766667,0.116667,0.883333,60,7,53,0.383333
0.7,0.3,0.7,0.02,1,7,30,0,23,0.616667,1.0,0.233333,1.0,0.378378,0.0,0.766667,0.116667,0.883333,60,7,53,0.383333
0.7,0.3,0.7,0.025,0,7,30,0,23,0.616667,1.0,0.233333,1.0,0.378378,0.0,0.766667,0.116667,0.883333,60,7,53,0.383333
0.7,0.3,0.7,0.025,1,7,30,0,23,0.616667,1.0,0.233333,1.0,0.378378,0.0,0.766667,0.116667,0.883333,60,7,53,0.383333
0.7,0.3,0.75,,0,7,30,0,23,0.616667,1.0,0.233333,1.0,0.378378,0.0,0.766667,0.116667,0.883333,60,7,53,0.383333
0.7,0.3,0.75,,1,7,30,0,23,0.616667,1.0,0.233333,1.0,0.378378,0.0,0.766667,0.116667,0.883333,60,7,53,0.383333
0.7,0.3,0.75,0.015,0,7,30,0,23,0.616667,1.0,0.233333,1.0,0.378378,0.0,0.766667,0.116667,0.883333,60,7,53,0.383333
0.7,0.3,0.75,0.015,1,7,30,0,23,0.616667,1.0,0.233333,1.0,0.378378,0.0,0.766667,0.116667,0.883333,60,7,53,0.383333
0.7,0.3,0.75,0.02,0,7,30,0,23,0.616667,1.0,0.233333,1.0,0.378378,0.0,0.766667,0.116667,0.883333,60,7,53,0.383333
0.7,0.3,0.75,0.02,1,7,30,0,23,0.616667,1.0,0.233333,1.0,0.378378,0.0,0.766667,0.116667,0.883333,60,7,53,0.383333
0.7,0.3,0.75,0.025,0,7,30,0,23,0.616667,1.0,0.233333,1.0,0.378378,0.0,0.766667,0.116667,0.883333,60,7,53,0.383333
0.7,0.3,0.75,0.025,1,7,30,0,23,0.616667,1.0,0.233333,1.0,0.378378,0.0,0.766667,0.116667,0.883333,60,7,53,0.383333
0.7,0.3,0.8,,0,7,30,0,23,0.616667,1.0,0.233333,1.0,0.378378,0.0,0.766667,0.116667,0.883333,60,7,53,0.383333
0.7,0.3,0.8,,1,7,30,0,23,0.616667,1.0,0.233333,1.0,0.378378,0.0,0.766667,0.116667,0.883333,60,7,53,0.383333
0.7,0.3,0.8,0.015,0,7,30,0,23,0.616667,1.0,0.233333,1.0,0.378378,0.0,0.766667,0.116667,0.883333,60,7,53,0.383333
0.7,0.3,0.8,0.015,1,7,30,0,23,0.616667,1.0,0.233333,1.0,0.378378,0.0,0.766667,0.116667,0.883333,60,7,53,0.383333
0.7,0.3,0.8,0.02,0,7,30,0,23,0.616667,1.0,0.233333,1.0,0.378378,0.0,0.766667,0.116667,0.883333,60,7,53,0.383333
0.7,0.3,0.8,0.02,1,7,30,0,23,0.616667,1.0,0.233333,1.0,0.378378,0.0,0.766667,0.116667,0.883333,60,7,53,0.383333
0.7,0.3,0.8,0.025,0,7,30,0,23,0.616667,1.0,0.233333,1.0,0.378378,0.0,0.766667,0.116667,0.883333,60,7,53,0.383333
0.7,0.3,0.8,0.025,1,7,30,0,23,0.616667,1.0,0.233333,1.0,0.378378,0.0,0.766667,0.116667,0.883333,60,7,53,0.383333
0.75,0.05,0.85,0.03,3,7,30,0,23,0.616667,1.0,0.233333,1.0,0.378378,0.0,0.766667,0.116667,0.883333,60,7,53,0.383333
0.75,0.1,,0.015,2,7,30,0,23,0.616667,1.0,0.233333,1.0,0.378378,0.0,0.766667,0.116667,0.883333,60,7,53,0.383333
0.75,0.1,,0.02,2,7,30,0,23,0.616667,1.0,0.233333,1.0,0.378378,0.0,0.766667,0.116667,0.883333,60,7,53,0.383333
0.75,0.1,,0.025,2,7,30,0,23,0.616667,1.0,0.233333,1.0,0.378378,0.0,0.766667,0.116667,0.883333,60,7,53,0.383333
0.75,0.1,0.65,0.015,2,7,30,0,23,0.616667,1.0,0.233333,1.0,0.378378,0.0,0.766667,0.116667,0.883333,60,7,53,0.383333
0.75,0.1,0.65,0.02,2,7,30,0,23,0.616667,1.0,0.233333,1.0,0.378378,0.0,0.766667,0.116667,0.883333,60,7,53,0.383333
0.75,0.1,0.65,0.025,2,7,30,0,23,0.616667,1.0,0.233333,1.0,0.378378,0.0,0.766667,0.116667,0.883333,60,7,53,0.383333
0.75,0.1,0.7,0.015,2,7,30,0,23,0.616667,1.0,0.233333,1.0,0.378378,0.0,0.766667,0.116667,0.883333,60,7,53,0.383333
0.75,0.1,0.7,0.02,2,7,30,0,23,0.616667,1.0,0.233333,1.0,0.378378,0.0,0.766667,0.116667,0.883333,60,7,53,0.383333
0.75,0.1,0.7,0.025,2,7,30,0,23,0.616667,1.0,0.233333,1.0,0.378378,0.0,0.766667,0.116667,0.883333,60,7,53,0.383333
0.75,0.1,0.75,,2,7,30,0,23,0.616667,1.0,0.233333,1.0,0.378378,0.0,0.766667,0.116667,0.883333,60,7,53,0.383333
0.75,0.1,0.75,0.015,2,7,30,0,23,0.616667,1.0,0.233333,1.0,0.378378,0.0,0.766667,0.116667,0.883333,60,7,53,0.383333
0.75,0.1,0.75,0.02,2,7,30,0,23,0.616667,1.0,0.233333,1.0,0.378378,0.0,0.766667,0.116667,0.883333,60,7,53,0.383333
0.75,0.1,0.75,0.025,2,7,30,0,23,0.616667,1.0,0.233333,1.0,0.378378,0.0,0.766667,0.116667,0.883333,60,7,53,0.383333
0.75,0.1,0.8,,2,7,30,0,23,0.616667,1.0,0.233333,1.0,0.378378,0.0,0.766667,0.116667,0.883333,60,7,53,0.383333
0.75,0.1,0.8,0.015,2,7,30,0,23,0.616667,1.0,0.233333,1.0,0.378378,0.0,0.766667,0.116667,0.883333,60,7,53,0.383333
0.75,0.1,0.8,0.02,2,7,30,0,23,0.616667,1.0,0.233333,1.0,0.378378,0.0,0.766667,0.116667,0.883333,60,7,53,0.383333
0.75,0.1,0.8,0.025,2,7,30,0,23,0.616667,1.0,0.233333,1.0,0.378378,0.0,0.766667,0.116667,0.883333,60,7,53,0.383333
0.75,0.15,0.85,,0,7,30,0,23,0.616667,1.0,0.233333,1.0,0.378378,0.0,0.766667,0.116667,0.883333,60,7,53,0.383333
0.75,0.15,0.85,,1,7,30,0,23,0.616667,1.0,0.233333,1.0,0.378378,0.0,0.766667,0.116667,0.883333,60,7,53,0.383333
0.75,0.15,0.85,0.015,0,7,30,0,23,0.616667,1.0,0.233333,1.0,0.378378,0.0,0.766667,0.116667,0.883333,60,7,53,0.383333
0.75,0.15,0.85,0.015,1,7,30,0,23,0.616667,1.0,0.233333,1.0,0.378378,0.0,0.766667,0.116667,0.883333,60,7,53,0.383333
0.75,0.15,0.85,0.02,0,7,30,0,23,0.616667,1.0,0.233333,1.0,0.378378,0.0,0.766667,0.116667,0.883333,60,7,53,0.383333
0.75,0.15,0.85,0.02,1,7,30,0,23,0.616667,1.0,0.233333,1.0,0.378378,0.0,0.766667,0.116667,0.883333,60,7,53,0.383333
0.75,0.15,0.85,0.025,0,7,30,0,23,0.616667,1.0,0.233333,1.0,0.378378,0.0,0.766667,0.116667,0.883333,60,7,53,0.383333
0.75,0.15,0.85,0.025,1,7,30,0,23,0.616667,1.0,0.233333,1.0,0.378378,0.0,0.766667,0.116667,0.883333,60,7,53,0.383333
0.8,0.05,0.85,,3,7,30,0,23,0.616667,1.0,0.233333,1.0,0.378378,0.0,0.766667,0.116667,0.883333,60,7,53,0.383333
0.8,0.05,0.85,0.015,3,7,30,0,23,0.616667,1.0,0.233333,1.0,0.378378,0.0,0.766667,0.116667,0.883333,60,7,53,0.383333
0.8,0.05,0.85,0.02,3,7,30,0,23,0.616667,1.0,0.233333,1.0,0.378378,0.0,0.766667,0.116667,0.883333,60,7,53,0.383333
0.8,0.05,0.85,0.025,3,7,30,0,23,0.616667,1.0,0.233333,1.0,0.378378,0.0,0.766667,0.116667,0.883333,60,7,53,0.383333
0.8,0.05,0.85,0.03,3,7,30,0,23,0.616667,1.0,0.233333,1.0,0.378378,0.0,0.766667,0.116667,0.883333,60,7,53,0.383333
0.85,0.05,0.85,,3,7,30,0,23,0.616667,1.0,0.233333,1.0,0.378378,0.0,0.766667,0.116667,0.883333,60,7,53,0.383333
0.85,0.05,0.85,0.015,3,7,30,0,23,0.616667,1.0,0.233333,1.0,0.378378,0.0,0.766667,0.116667,0.883333,60,7,53,0.383333
0.85,0.05,0.85,0.02,3,7,30,0,23,0.616667,1.0,0.233333,1.0,0.378378,0.0,0.766667,0.116667,0.883333,60,7,53,0.383333
0.85,0.05,0.85,0.025,3,7,30,0,23,0.616667,1.0,0.233333,1.0,0.378378,0.0,0.766667,0.116667,0.883333,60,7,53,0.383333
0.85,0.05,0.85,0.03,3,7,30,0,23,0.616667,1.0,0.233333,1.0,0.378378,0.0,0.766667,0.116667,0.883333,60,7,53,0.383333
0.85,0.1,0.85,,0,7,30,0,23,0.616667,1.0,0.233333,1.0,0.378378,0.0,0.766667,0.116667,0.883333,60,7,53,0.383333
0.85,0.1,0.85,,1,7,30,0,23,0.616667,1.0,0.233333,1.0,0.378378,0.0,0.766667,0.116667,0.883333,60,7,53,0.383333
0.85,0.1,0.85,0.015,0,7,30,0,23,0.616667,1.0,0.233333,1.0,0.378378,0.0,0.766667,0.116667,0.883333,60,7,53,0.383333
0.85,0.1,0.85,0.015,1,7,30,0,23,0.616667,1.0,0.233333,1.0,0.378378,0.0,0.766667,0.116667,0.883333,60,7,53,0.383333
0.85,0.1,0.85,0.02,0,7,30,0,23,0.616667,1.0,0.233333,1.0,0.378378,0.0,0.766667,0.116667,0.883333,60,7,53,0.383333
0.85,0.1,0.85,0.02,1,7,30,0,23,0.616667,1.0,0.233333,1.0,0.378378,0.0,0.766667,0.116667,0.883333,60,7,53,0.383333
0.85,0.1,0.85,0.025,0,7,30,0,23,0.616667,1.0,0.233333,1.0,0.378378,0.0,0.766667,0.116667,0.883333,60,7,53,0.383333
0.85,0.1,0.85,0.025,1,7,30,0,23,0.616667,1.0,0.233333,1.0,0.378378,0.0,0.766667,0.116667,0.883333,60,7,53,0.383333
0.85,0.1,0.85,0.03,0,7,30,0,23,0.616667,1.0,0.233333,1.0,0.378378,0.0,0.766667,0.116667,0.883333,60,7,53,0.383333
0.85,0.1,0.85,0.03,1,7,30,0,23,0.616667,1.0,0.233333,1.0,0.378378,0.0,0.766667,0.116667,0.883333,60,7,53,0.383333
0.9,0.05,0.85,,3,7,30,0,23,0.616667,1.0,0.233333,1.0,0.378378,0.0,0.766667,0.116667,0.883333,60,7,53,0.383333
0.9,0.05,0.85,0.015,3,7,30,0,23,0.616667,1.0,0.233333,1.0,0.378378,0.0,0.766667,0.116667,0.883333,60,7,53,0.383333
0.9,0.05,0.85,0.02,3,7,30,0,23,0.616667,1.0,0.233333,1.0,0.378378,0.0,0.766667,0.116667,0.883333,60,7,53,0.383333
0.9,0.05,0.85,0.025,3,7,30,0,23,0.616667,1.0,0.233333,1.0,0.378378,0.0,0.766667,0.116667,0.883333,60,7,53,0.383333
0.9,0.05,0.85,0.03,3,7,30,0,23,0.616667,1.0,0.233333,1.0,0.378378,0.0,0.766667,0.116667,0.883333,60,7,53,0.383333
0.9,0.1,0.85,,0,7,30,0,23,0.616667,1.0,0.233333,1.0,0.378378,0.0,0.766667,0.116667,0.883333,60,7,53,0.383333
0.9,0.1,0.85,,1,7,30,0,23,0.616667,1.0,0.233333,1.0,0.378378,0.0,0.766667,0.116667,0.883333,60,7,53,0.383333
0.9,0.1,0.85,0.015,0,7,30,0,23,0.616667,1.0,0.233333,1.0,0.378378,0.0,0.766667,0.116667,0.883333,60,7,53,0.383333
0.9,0.1,0.85,0.015,1,7,30,0,23,0.616667,1.0,0.233333,1.0,0.378378,0.0,0.766667,0.116667,0.883333,60,7,53,0.383333
0.9,0.1,0.85,0.02,0,7,30,0,23,0.616667,1.0,0.233333,1.0,0.378378,0.0,0.766667,0.116667,0.883333,60,7,53,0.383333
0.9,0.1,0.85,0.02,1,7,30,0,23,0.616667,1.0,0.233333,1.0,0.378378,0.0,0.766667,0.116667,0.883333,60,7,53,0.383333
0.9,0.1,0.85,0.025,0,7,30,0,23,0.616667,1.0,0.233333,1.0,0.378378,0.0,0.766667,0.116667,0.883333,60,7,53,0.383333
0.9,0.1,0.85,0.025,1,7,30,0,23,0.616667,1.0,0.233333,1.0,0.378378,0.0,0.766667,0.116667,0.883333,60,7,53,0.383333
0.9,0.1,0.85,0.03,0,7,30,0,23,0.616667,1.0,0.233333,1.0,0.378378,0.0,0.766667,0.116667,0.883333,60,7,53,0.383333
0.9,0.1,0.85,0.03,1,7,30,0,23,0.616667,1.0,0.233333,1.0,0.378378,0.0,0.766667,0.116667,0.883333,60,7,53,0.383333
0.95,0.05,,0.03,3,7,30,0,23,0.616667,1.0,0.233333,1.0,0.378378,0.0,0.766667,0.116667,0.883333,60,7,53,0.383333
0.95,0.05,0.65,0.03,3,7,30,0,23,0.616667,1.0,0.233333,1.0,0.378378,0.0,0.766667,0.116667,0.883333,60,7,53,0.383333
0.95,0.05,0.7,0.03,3,7,30,0,23,0.616667,1.0,0.233333,1.0,0.378378,0.0,0.766667,0.116667,0.883333,60,7,53,0.383333
0.95,0.05,0.75,0.03,3,7,30,0,23,0.616667,1.0,0.233333,1.0,0.378378,0.0,0.766667,0.116667,0.883333,60,7,53,0.383333
0.95,0.05,0.8,0.03,3,7,30,0,23,0.616667,1.0,0.233333,1.0,0.378378,0.0,0.766667,0.116667,0.883333,60,7,53,0.383333
0.95,0.05,0.85,,2,7,30,0,23,0.616667,1.0,0.233333,1.0,0.378378,0.0,0.766667,0.116667,0.883333,60,7,53,0.383333
0.95,0.05,0.85,0.015,2,7,30,0,23,0.616667,1.0,0.233333,1.0,0.378378,0.0,0.766667,0.116667,0.883333,60,7,53,0.383333
0.95,0.05,0.85,0.02,2,7,30,0,23,0.616667,1.0,0.233333,1.0,0.378378,0.0,0.766667,0.116667,0.883333,60,7,53,0.383333
0.95,0.05,0.85,0.025,2,7,30,0,23,0.616667,1.0,0.233333,1.0,0.378378,0.0,0.766667,0.116667,0.883333,60,7,53,0.383333
0.95,0.05,0.85,0.03,2,7,30,0,23,0.616667,1.0,0.233333,1.0,0.378378,0.0,0.766667,0.116667,0.883333,60,7,53,0.383333
0.95,0.1,0.85,,0,7,30,0,23,0.616667,1.0,0.233333,1.0,0.378378,0.0,0.766667,0.116667,0.883333,60,7,53,0.383333
0.95,0.1,0.85,,1,7,30,0,23,0.616667,1.0,0.233333,1.0,0.378378,0.0,0.766667,0.116667,0.883333,60,7,53,0.383333
0.95,0.1,0.85,0.015,0,7,30,0,23,0.616667,1.0,0.233333,1.0,0.378378,0.0,0.766667,0.116667,0.883333,60,7,53,0.383333
0.95,0.1,0.85,0.015,1,7,30,0,23,0.616667,1.0,0.233333,1.0,0.378378,0.0,0.766667,0.116667,0.883333,60,7,53,0.383333
0.95,0.1,0.85,0.02,0,7,30,0,23,0.616667,1.0,0.233333,1.0,0.378378,0.0,0.766667,0.116667,0.883333,60,7,53,0.383333
0.95,0.1,0.85,0.02,1,7,30,0,23,0.616667,1.0,0.233333,1.0,0.378378,0.0,0.766667,0.116667,0.883333,60,7,53,0.383333
0.95,0.1,0.85,0.025,0,7,30,0,23,0.616667,1.0,0.233333,1.0,0.378378,0.0,0.766667,0.116667,0.883333,60,7,53,0.383333
0.95,0.1,0.85,0.025,1,7,30,0,23,0.616667,1.0,0.233333,1.0,0.378378,0.0,0.766667,0.116667,0.883333,60,7,53,0.383333
0.95,0.1,0.85,0.03,0,7,30,0,23,0.616667,1.0,0.233333,1.0,0.378378,0.0,0.766667,0.116667,0.883333,60,7,53,0.383333
0.95,0.1,0.85,0.03,1,7,30,0,23,0.616667,1.0,0.233333,1.0,0.378378,0.0,0.766667,0.116667,0.883333,60,7,53,0.383333
0.95,0.15,,0.015,0,7,30,0,23,0.616667,1.0,0.233333,1.0,0.378378,0.0,0.766667,0.116667,0.883333,60,7,53,0.383333
0.95,0.15,,0.015,1,7,30,0,23,0.616667,1.0,0.233333,1.0,0.378378,0.0,0.766667,0.116667,0.883333,60,7,53,0.383333
0.95,0.15,,0.02,0,7,30,0,23,0.616667,1.0,0.233333,1.0,0.378378,0.0,0.766667,0.116667,0.883333,60,7,53,0.383333
0.95,0.15,,0.02,1,7,30,0,23,0.616667,1.0,0.233333,1.0,0.378378,0.0,0.766667,0.116667,0.883333,60,7,53,0.383333
0.95,0.15,,0.025,0,7,30,0,23,0.616667,1.0,0.233333,1.0,0.378378,0.0,0.766667,0.116667,0.883333,60,7,53,0.383333
0.95,0.15,,0.025,1,7,30,0,23,0.616667,1.0,0.233333,1.0,0.378378,0.0,0.766667,0.116667,0.883333,60,7,53,0.383333
0.95,0.15,,0.03,0,7,30,0,23,0.616667,1.0,0.233333,1.0,0.378378,0.0,0.766667,0.116667,0.883333,60,7,53,0.383333
0.95,0.15,,0.03,1,7,30,0,23,0.616667,1.0,0.233333,1.0,0.378378,0.0,0.766667,0.116667,0.883333,60,7,53,0.383333
0.95,0.15,0.65,0.015,0,7,30,0,23,0.616667,1.0,0.233333,1.0,0.378378,0.0,0.766667,0.116667,0.883333,60,7,53,0.383333
0.95,0.15,0.65,0.015,1,7,30,0,23,0.616667,1.0,0.233333,1.0,0.378378,0.0,0.766667,0.116667,0.883333,60,7,53,0.383333
0.95,0.15,0.65,0.02,0,7,30,0,23,0.616667,1.0,0.233333,1.0,0.378378,0.0,0.766667,0.116667,0.883333,60,7,53,0.383333
0.95,0.15,0.65,0.02,1,7,30,0,23,0.616667,1.0,0.233333,1.0,0.378378,0.0,0.766667,0.116667,0.883333,60,7,53,0.383333
0.95,0.15,0.65,0.025,0,7,30,0,23,0.616667,1.0,0.233333,1.0,0.378378,0.0,0.766667,0.116667,0.883333,60,7,53,0.383333
0.95,0.15,0.65,0.025,1,7,30,0,23,0.616667,1.0,0.233333,1.0,0.378378,0.0,0.766667,0.116667,0.883333,60,7,53,0.383333
0.95,0.15,0.65,0.03,0,7,30,0,23,0.616667,1.0,0.233333,1.0,0.378378,0.0,0.766667,0.116667,0.883333,60,7,53,0.383333
0.95,0.15,0.65,0.03,1,7,30,0,23,0.616667,1.0,0.233333,1.0,0.378378,0.0,0.766667,0.116667,0.883333,60,7,53,0.383333
0.95,0.15,0.7,0.015,0,7,30,0,23,0.616667,1.0,0.233333,1.0,0.378378,0.0,0.766667,0.116667,0.883333,60,7,53,0.383333
0.95,0.15,0.7,0.015,1,7,30,0,23,0.616667,1.0,0.233333,1.0,0.378378,0.0,0.766667,0.116667,0.883333,60,7,53,0.383333
0.95,0.15,0.7,0.02,0,7,30,0,23,0.616667,1.0,0.233333,1.0,0.378378,0.0,0.766667,0.116667,0.883333,60,7,53,0.383333
0.95,0.15,0.7,0.02,1,7,30,0,23,0.616667,1.0,0.233333,1.0,0.378378,0.0,0.766667,0.116667,0.883333,60,7,53,0.383333
0.95,0.15,0.7,0.025,0,7,30,0,23,0.616667,1.0,0.233333,1.0,0.378378,0.0,0.766667,0.116667,0.883333,60,7,53,0.383333
0.95,0.15,0.7,0.025,1,7,30,0,23,0.616667,1.0,0.233333,1.0,0.378378,0.0,0.766667,0.116667,0.883333,60,7,53,0.383333
0.95,0.15,0.7,0.03,0,7,30,0,23,0.616667,1.0,0.233333,1.0,0.378378,0.0,0.766667,0.116667,0.883333,60,7,53,0.383333
0.95,0.15,0.7,0.03,1,7,30,0,23,0.616667,1.0,0.233333,1.0,0.378378,0.0,0.766667,0.116667,0.883333,60,7,53,0.383333
0.95,0.15,0.75,,0,7,30,0,23,0.616667,1.0,0.233333,1.0,0.378378,0.0,0.766667,0.116667,0.883333,60,7,53,0.383333
0.95,0.15,0.75,,1,7,30,0,23,0.616667,1.0,0.233333,1.0,0.378378,0.0,0.766667,0.116667,0.883333,60,7,53,0.383333
0.95,0.15,0.75,0.015,0,7,30,0,23,0.616667,1.0,0.233333,1.0,0.378378,0.0,0.766667,0.116667,0.883333,60,7,53,0.383333
0.95,0.15,0.75,0.015,1,7,30,0,23,0.616667,1.0,0.233333,1.0,0.378378,0.0,0.766667,0.116667,0.883333,60,7,53,0.383333
0.95,0.15,0.75,0.02,0,7,30,0,23,0.616667,1.0,0.233333,1.0,0.378378,0.0,0.766667,0.116667,0.883333,60,7,53,0.383333
0.95,0.15,0.75,0.02,1,7,30,0,23,0.616667,1.0,0.233333,1.0,0.378378,0.0,0.766667,0.116667,0.883333,60,7,53,0.383333
0.95,0.15,0.75,0.025,0,7,30,0,23,0.616667,1.0,0.233333,1.0,0.378378,0.0,0.766667,0.116667,0.883333,60,7,53,0.383333
0.95,0.15,0.75,0.025,1,7,30,0,23,0.616667,1.0,0.233333,1.0,0.378378,0.0,0.766667,0.116667,0.883333,60,7,53,0.383333
0.95,0.15,0.75,0.03,0,7,30,0,23,0.616667,1.0,0.233333,1.0,0.378378,0.0,0.766667,0.116667,0.883333,60,7,53,0.383333
0.95,0.15,0.75,0.03,1,7,30,0,23,0.616667,1.0,0.233333,1.0,0.378378,0.0,0.766667,0.116667,0.883333,60,7,53,0.383333
0.95,0.15,0.8,,0,7,30,0,23,0.616667,1.0,0.233333,1.0,0.378378,0.0,0.766667,0.116667,0.883333,60,7,53,0.383333
0.95,0.15,0.8,,1,7,30,0,23,0.616667,1.0,0.233333,1.0,0.378378,0.0,0.766667,0.116667,0.883333,60,7,53,0.383333
0.95,0.15,0.8,0.015,0,7,30,0,23,0.616667,1.0,0.233333,1.0,0.378378,0.0,0.766667,0.116667,0.883333,60,7,53,0.383333
0.95,0.15,0.8,0.015,1,7,30,0,23,0.616667,1.0,0.233333,1.0,0.378378,0.0,0.766667,0.116667,0.883333,60,7,53,0.383333
0.95,0.15,0.8,0.02,0,7,30,0,23,0.616667,1.0,0.233333,1.0,0.378378,0.0,0.766667,0.116667,0.883333,60,7,53,0.383333
0.95,0.15,0.8,0.02,1,7,30,0,23,0.616667,1.0,0.233333,1.0,0.378378,0.0,0.766667,0.116667,0.883333,60,7,53,0.383333
0.95,0.15,0.8,0.025,0,7,30,0,23,0.616667,1.0,0.233333,1.0,0.378378,0.0,0.766667,0.116667,0.883333,60,7,53,0.383333
0.95,0.15,0.8,0.025,1,7,30,0,23,0.616667,1.0,0.233333,1.0,0.378378,0.0,0.766667,0.116667,0.883333,60,7,53,0.383333
0.95,0.15,0.8,0.03,0,7,30,0,23,0.616667,1.0,0.233333,1.0,0.378378,0.0,0.766667,0.116667,0.883333,60,7,53,0.383333
0.95,0.15,0.8,0.03,1,7,30,0,23,0.616667,1.0,0.233333,1.0,0.378378,0.0,0.766667,0.116667,0.883333,60,7,53,0.383333
0.3,0.1,,0.03,2,6,30,0,24,0.6,1.0,0.2,1.0,0.333333,0.0,0.8,0.1,0.9,60,6,54,0.4
0.3,0.1,0.65,0.03,2,6,30,0,24,0.6,1.0,0.2,1.0,0.333333,0.0,0.8,0.1,0.9,60,6,54,0.4
0.3,0.1,0.7,0.03,2,6,30,0,24,0.6,1.0,0.2,1.0,0.333333,0.0,0.8,0.1,0.9,60,6,54,0.4
0.3,0.1,0.75,0.03,2,6,30,0,24,0.6,1.0,0.2,1.0,0.333333,0.0,0.8,0.1,0.9,60,6,54,0.4
0.3,0.1,0.8,0.03,2,6,30,0,24,0.6,1.0,0.2,1.0,0.333333,0.0,0.8,0.1,0.9,60,6,54,0.4
0.3,0.1,0.85,,2,6,30,0,24,0.6,1.0,0.2,1.0,0.333333,0.0,0.8,0.1,0.9,60,6,54,0.4
0.3,0.1,0.85,0.015,2,6,30,0,24,0.6,1.0,0.2,1.0,0.333333,0.0,0.8,0.1,0.9,60,6,54,0.4
0.3,0.1,0.85,0.02,2,6,30,0,24,0.6,1.0,0.2,1.0,0.333333,0.0,0.8,0.1,0.9,60,6,54,0.4
0.3,0.1,0.85,0.025,2,6,30,0,24,0.6,1.0,0.2,1.0,0.333333,0.0,0.8,0.1,0.9,60,6,54,0.4
0.3,0.15,0.85,0.03,0,6,30,0,24,0.6,1.0,0.2,1.0,0.333333,0.0,0.8,0.1,0.9,60,6,54,0.4
0.3,0.15,0.85,0.03,1,6,30,0,24,0.6,1.0,0.2,1.0,0.333333,0.0,0.8,0.1,0.9,60,6,54,0.4
0.3,0.2,0.85,,0,6,30,0,24,0.6,1.0,0.2,1.0,0.333333,0.0,0.8,0.1,0.9,60,6,54,0.4
0.3,0.2,0.85,,1,6,30,0,24,0.6,1.0,0.2,1.0,0.333333,0.0,0.8,0.1,0.9,60,6,54,0.4
0.3,0.2,0.85,0.015,0,6,30,0,24,0.6,1.0,0.2,1.0,0.333333,0.0,0.8,0.1,0.9,60,6,54,0.4
0.3,0.2,0.85,0.015,1,6,30,0,24,0.6,1.0,0.2,1.0,0.333333,0.0,0.8,0.1,0.9,60,6,54,0.4
0.3,0.2,0.85,0.02,0,6,30,0,24,0.6,1.0,0.2,1.0,0.333333,0.0,0.8,0.1,0.9,60,6,54,0.4
0.3,0.2,0.85,0.02,1,6,30,0,24,0.6,1.0,0.2,1.0,0.333333,0.0,0.8,0.1,0.9,60,6,54,0.4
0.3,0.2,0.85,0.025,0,6,30,0,24,0.6,1.0,0.2,1.0,0.333333,0.0,0.8,0.1,0.9,60,6,54,0.4
0.3,0.2,0.85,0.025,1,6,30,0,24,0.6,1.0,0.2,1.0,0.333333,0.0,0.8,0.1,0.9,60,6,54,0.4
0.3,0.2,0.85,0.03,0,6,30,0,24,0.6,1.0,0.2,1.0,0.333333,0.0,0.8,0.1,0.9,60,6,54,0.4
0.3,0.2,0.85,0.03,1,6,30,0,24,0.6,1.0,0.2,1.0,0.333333,0.0,0.8,0.1,0.9,60,6,54,0.4
0.3,0.3,,0.03,0,6,30,0,24,0.6,1.0,0.2,1.0,0.333333,0.0,0.8,0.1,0.9,60,6,54,0.4
0.3,0.3,,0.03,1,6,30,0,24,0.6,1.0,0.2,1.0,0.333333,0.0,0.8,0.1,0.9,60,6,54,0.4
0.3,0.3,0.65,0.03,0,6,30,0,24,0.6,1.0,0.2,1.0,0.333333,0.0,0.8,0.1,0.9,60,6,54,0.4
0.3,0.3,0.65,0.03,1,6,30,0,24,0.6,1.0,0.2,1.0,0.333333,0.0,0.8,0.1,0.9,60,6,54,0.4
0.3,0.3,0.7,0.03,0,6,30,0,24,0.6,1.0,0.2,1.0,0.333333,0.0,0.8,0.1,0.9,60,6,54,0.4
0.3,0.3,0.7,0.03,1,6,30,0,24,0.6,1.0,0.2,1.0,0.333333,0.0,0.8,0.1,0.9,60,6,54,0.4
0.3,0.3,0.75,0.03,0,6,30,0,24,0.6,1.0,0.2,1.0,0.333333,0.0,0.8,0.1,0.9,60,6,54,0.4
0.3,0.3,0.75,0.03,1,6,30,0,24,0.6,1.0,0.2,1.0,0.333333,0.0,0.8,0.1,0.9,60,6,54,0.4
0.3,0.3,0.8,0.03,0,6,30,0,24,0.6,1.0,0.2,1.0,0.333333,0.0,0.8,0.1,0.9,60,6,54,0.4
0.3,0.3,0.8,0.03,1,6,30,0,24,0.6,1.0,0.2,1.0,0.333333,0.0,0.8,0.1,0.9,60,6,54,0.4
0.4,0.1,,0.03,2,6,30,0,24,0.6,1.0,0.2,1.0,0.333333,0.0,0.8,0.1,0.9,60,6,54,0.4
0.4,0.1,0.65,0.03,2,6,30,0,24,0.6,1.0,0.2,1.0,0.333333,0.0,0.8,0.1,0.9,60,6,54,0.4
0.4,0.1,0.7,0.03,2,6,30,0,24,0.6,1.0,0.2,1.0,0.333333,0.0,0.8,0.1,0.9,60,6,54,0.4
0.4,0.1,0.75,0.03,2,6,30,0,24,0.6,1.0,0.2,1.0,0.333333,0.0,0.8,0.1,0.9,60,6,54,0.4
0.4,0.1,0.8,0.03,2,6,30,0,24,0.6,1.0,0.2,1.0,0.333333,0.0,0.8,0.1,0.9,60,6,54,0.4
0.4,0.1,0.85,,2,6,30,0,24,0.6,1.0,0.2,1.0,0.333333,0.0,0.8,0.1,0.9,60,6,54,0.4
0.4,0.1,0.85,0.015,2,6,30,0,24,0.6,1.0,0.2,1.0,0.333333,0.0,0.8,0.1,0.9,60,6,54,0.4
0.4,0.1,0.85,0.02,2,6,30,0,24,0.6,1.0,0.2,1.0,0.333333,0.0,0.8,0.1,0.9,60,6,54,0.4
0.4,0.1,0.85,0.025,2,6,30,0,24,0.6,1.0,0.2,1.0,0.333333,0.0,0.8,0.1,0.9,60,6,54,0.4
0.4,0.15,0.85,0.03,0,6,30,0,24,0.6,1.0,0.2,1.0,0.333333,0.0,0.8,0.1,0.9,60,6,54,0.4
0.4,0.15,0.85,0.03,1,6,30,0,24,0.6,1.0,0.2,1.0,0.333333,0.0,0.8,0.1,0.9,60,6,54,0.4
0.4,0.2,0.85,,0,6,30,0,24,0.6,1.0,0.2,1.0,0.333333,0.0,0.8,0.1,0.9,60,6,54,0.4
0.4,0.2,0.85,,1,6,30,0,24,0.6,1.0,0.2,1.0,0.333333,0.0,0.8,0.1,0.9,60,6,54,0.4
0.4,0.2,0.85,0.015,0,6,30,0,24,0.6,1.0,0.2,1.0,0.333333,0.0,0.8,0.1,0.9,60,6,54,0.4
0.4,0.2,0.85,0.015,1,6,30,0,24,0.6,1.0,0.2,1.0,0.333333,0.0,0.8,0.1,0.9,60,6,54,0.4
0.4,0.2,0.85,0.02,0,6,30,0,24,0.6,1.0,0.2,1.0,0.333333,0.0,0.8,0.1,0.9,60,6,54,0.4
0.4,0.2,0.85,0.02,1,6,30,0,24,0.6,1.0,0.2,1.0,0.333333,0.0,0.8,0.1,0.9,60,6,54,0.4
0.4,0.2,0.85,0.025,0,6,30,0,24,0.6,1.0,0.2,1.0,0.333333,0.0,0.8,0.1,0.9,60,6,54,0.4
0.4,0.2,0.85,0.025,1,6,30,0,24,0.6,1.0,0.2,1.0,0.333333,0.0,0.8,0.1,0.9,60,6,54,0.4
0.4,0.2,0.85,0.03,0,6,30,0,24,0.6,1.0,0.2,1.0,0.333333,0.0,0.8,0.1,0.9,60,6,54,0.4
0.4,0.2,0.85,0.03,1,6,30,0,24,0.6,1.0,0.2,1.0,0.333333,0.0,0.8,0.1,0.9,60,6,54,0.4
0.4,0.3,,0.03,0,6,30,0,24,0.6,1.0,0.2,1.0,0.333333,0.0,0.8,0.1,0.9,60,6,54,0.4
0.4,0.3,,0.03,1,6,30,0,24,0.6,1.0,0.2,1.0,0.333333,0.0,0.8,0.1,0.9,60,6,54,0.4
0.4,0.3,0.65,0.03,0,6,30,0,24,0.6,1.0,0.2,1.0,0.333333,0.0,0.8,0.1,0.9,60,6,54,0.4
0.4,0.3,0.65,0.03,1,6,30,0,24,0.6,1.0,0.2,1.0,0.333333,0.0,0.8,0.1,0.9,60,6,54,0.4
0.4,0.3,0.7,0.03,0,6,30,0,24,0.6,1.0,0.2,1.0,0.333333,0.0,0.8,0.1,0.9,60,6,54,0.4
0.4,0.3,0.7,0.03,1,6,30,0,24,0.6,1.0,0.2,1.0,0.333333,0.0,0.8,0.1,0.9,60,6,54,0.4
0.4,0.3,0.75,0.03,0,6,30,0,24,0.6,1.0,0.2,1.0,0.333333,0.0,0.8,0.1,0.9,60,6,54,0.4
0.4,0.3,0.75,0.03,1,6,30,0,24,0.6,1.0,0.2,1.0,0.333333,0.0,0.8,0.1,0.9,60,6,54,0.4
0.4,0.3,0.8,0.03,0,6,30,0,24,0.6,1.0,0.2,1.0,0.333333,0.0,0.8,0.1,0.9,60,6,54,0.4
0.4,0.3,0.8,0.03,1,6,30,0,24,0.6,1.0,0.2,1.0,0.333333,0.0,0.8,0.1,0.9,60,6,54,0.4
0.5,0.1,,0.03,2,6,30,0,24,0.6,1.0,0.2,1.0,0.333333,0.0,0.8,0.1,0.9,60,6,54,0.4
0.5,0.1,0.65,0.03,2,6,30,0,24,0.6,1.0,0.2,1.0,0.333333,0.0,0.8,0.1,0.9,60,6,54,0.4
0.5,0.1,0.7,0.03,2,6,30,0,24,0.6,1.0,0.2,1.0,0.333333,0.0,0.8,0.1,0.9,60,6,54,0.4
0.5,0.1,0.75,0.03,2,6,30,0,24,0.6,1.0,0.2,1.0,0.333333,0.0,0.8,0.1,0.9,60,6,54,0.4
0.5,0.1,0.8,0.03,2,6,30,0,24,0.6,1.0,0.2,1.0,0.333333,0.0,0.8,0.1,0.9,60,6,54,0.4
0.5,0.1,0.85,,2,6,30,0,24,0.6,1.0,0.2,1.0,0.333333,0.0,0.8,0.1,0.9,60,6,54,0.4
0.5,0.1,0.85,0.015,2,6,30,0,24,0.6,1.0,0.2,1.0,0.333333,0.0,0.8,0.1,0.9,60,6,54,0.4
0.5,0.1,0.85,0.02,2,6,30,0,24,0.6,1.0,0.2,1.0,0.333333,0.0,0.8,0.1,0.9,60,6,54,0.4
0.5,0.1,0.85,0.025,2,6,30,0,24,0.6,1.0,0.2,1.0,0.333333,0.0,0.8,0.1,0.9,60,6,54,0.4
0.5,0.15,0.85,0.03,0,6,30,0,24,0.6,1.0,0.2,1.0,0.333333,0.0,0.8,0.1,0.9,60,6,54,0.4
0.5,0.15,0.85,0.03,1,6,30,0,24,0.6,1.0,0.2,1.0,0.333333,0.0,0.8,0.1,0.9,60,6,54,0.4
0.5,0.2,0.85,,0,6,30,0,24,0.6,1.0,0.2,1.0,0.333333,0.0,0.8,0.1,0.9,60,6,54,0.4
0.5,0.2,0.85,,1,6,30,0,24,0.6,1.0,0.2,1.0,0.333333,0.0,0.8,0.1,0.9,60,6,54,0.4
0.5,0.2,0.85,0.015,0,6,30,0,24,0.6,1.0,0.2,1.0,0.333333,0.0,0.8,0.1,0.9,60,6,54,0.4
0.5,0.2,0.85,0.015,1,6,30,0,24,0.6,1.0,0.2,1.0,0.333333,0.0,0.8,0.1,0.9,60,6,54,0.4
0.5,0.2,0.85,0.02,0,6,30,0,24,0.6,1.0,0.2,1.0,0.333333,0.0,0.8,0.1,0.9,60,6,54,0.4
0.5,0.2,0.85,0.02,1,6,30,0,24,0.6,1.0,0.2,1.0,0.333333,0.0,0.8,0.1,0.9,60,6,54,0.4
0.5,0.2,0.85,0.025,0,6,30,0,24,0.6,1.0,0.2,1.0,0.333333,0.0,0.8,0.1,0.9,60,6,54,0.4
0.5,0.2,0.85,0.025,1,6,30,0,24,0.6,1.0,0.2,1.0,0.333333,0.0,0.8,0.1,0.9,60,6,54,0.4
0.5,0.2,0.85,0.03,0,6,30,0,24,0.6,1.0,0.2,1.0,0.333333,0.0,0.8,0.1,0.9,60,6,54,0.4
0.5,0.2,0.85,0.03,1,6,30,0,24,0.6,1.0,0.2,1.0,0.333333,0.0,0.8,0.1,0.9,60,6,54,0.4
0.5,0.3,,0.03,0,6,30,0,24,0.6,1.0,0.2,1.0,0.333333,0.0,0.8,0.1,0.9,60,6,54,0.4
0.5,0.3,,0.03,1,6,30,0,24,0.6,1.0,0.2,1.0,0.333333,0.0,0.8,0.1,0.9,60,6,54,0.4
0.5,0.3,0.65,0.03,0,6,30,0,24,0.6,1.0,0.2,1.0,0.333333,0.0,0.8,0.1,0.9,60,6,54,0.4
0.5,0.3,0.65,0.03,1,6,30,0,24,0.6,1.0,0.2,1.0,0.333333,0.0,0.8,0.1,0.9,60,6,54,0.4
0.5,0.3,0.7,0.03,0,6,30,0,24,0.6,1.0,0.2,1.0,0.333333,0.0,0.8,0.1,0.9,60,6,54,0.4
0.5,0.3,0.7,0.03,1,6,30,0,24,0.6,1.0,0.2,1.0,0.333333,0.0,0.8,0.1,0.9,60,6,54,0.4
0.5,0.3,0.75,0.03,0,6,30,0,24,0.6,1.0,0.2,1.0,0.333333,0.0,0.8,0.1,0.9,60,6,54,0.4
0.5,0.3,0.75,0.03,1,6,30,0,24,0.6,1.0,0.2,1.0,0.333333,0.0,0.8,0.1,0.9,60,6,54,0.4
0.5,0.3,0.8,0.03,0,6,30,0,24,0.6,1.0,0.2,1.0,0.333333,0.0,0.8,0.1,0.9,60,6,54,0.4
0.5,0.3,0.8,0.03,1,6,30,0,24,0.6,1.0,0.2,1.0,0.333333,0.0,0.8,0.1,0.9,60,6,54,0.4
0.6,0.1,,0.03,2,6,30,0,24,0.6,1.0,0.2,1.0,0.333333,0.0,0.8,0.1,0.9,60,6,54,0.4
0.6,0.1,0.65,0.03,2,6,30,0,24,0.6,1.0,0.2,1.0,0.333333,0.0,0.8,0.1,0.9,60,6,54,0.4
0.6,0.1,0.7,0.03,2,6,30,0,24,0.6,1.0,0.2,1.0,0.333333,0.0,0.8,0.1,0.9,60,6,54,0.4
0.6,0.1,0.75,0.03,2,6,30,0,24,0.6,1.0,0.2,1.0,0.333333,0.0,0.8,0.1,0.9,60,6,54,0.4
0.6,0.1,0.8,0.03,2,6,30,0,24,0.6,1.0,0.2,1.0,0.333333,0.0,0.8,0.1,0.9,60,6,54,0.4
0.6,0.1,0.85,,2,6,30,0,24,0.6,1.0,0.2,1.0,0.333333,0.0,0.8,0.1,0.9,60,6,54,0.4
0.6,0.1,0.85,0.015,2,6,30,0,24,0.6,1.0,0.2,1.0,0.333333,0.0,0.8,0.1,0.9,60,6,54,0.4
0.6,0.1,0.85,0.02,2,6,30,0,24,0.6,1.0,0.2,1.0,0.333333,0.0,0.8,0.1,0.9,60,6,54,0.4
0.6,0.1,0.85,0.025,2,6,30,0,24,0.6,1.0,0.2,1.0,0.333333,0.0,0.8,0.1,0.9,60,6,54,0.4
0.6,0.15,0.85,0.03,0,6,30,0,24,0.6,1.0,0.2,1.0,0.333333,0.0,0.8,0.1,0.9,60,6,54,0.4
0.6,0.15,0.85,0.03,1,6,30,0,24,0.6,1.0,0.2,1.0,0.333333,0.0,0.8,0.1,0.9,60,6,54,0.4
0.6,0.2,0.85,,0,6,30,0,24,0.6,1.0,0.2,1.0,0.333333,0.0,0.8,0.1,0.9,60,6,54,0.4
0.6,0.2,0.85,,1,6,30,0,24,0.6,1.0,0.2,1.0,0.333333,0.0,0.8,0.1,0.9,60,6,54,0.4
0.6,0.2,0.85,0.015,0,6,30,0,24,0.6,1.0,0.2,1.0,0.333333,0.0,0.8,0.1,0.9,60,6,54,0.4
0.6,0.2,0.85,0.015,1,6,30,0,24,0.6,1.0,0.2,1.0,0.333333,0.0,0.8,0.1,0.9,60,6,54,0.4
0.6,0.2,0.85,0.02,0,6,30,0,24,0.6,1.0,0.2,1.0,0.333333,0.0,0.8,0.1,0.9,60,6,54,0.4
0.6,0.2,0.85,0.02,1,6,30,0,24,0.6,1.0,0.2,1.0,0.333333,0.0,0.8,0.1,0.9,60,6,54,0.4
0.6,0.2,0.85,0.025,0,6,30,0,24,0.6,1.0,0.2,1.0,0.333333,0.0,0.8,0.1,0.9,60,6,54,0.4
0.6,0.2,0.85,0.025,1,6,30,0,24,0.6,1.0,0.2,1.0,0.333333,0.0,0.8,0.1,0.9,60,6,54,0.4
0.6,0.2,0.85,0.03,0,6,30,0,24,0.6,1.0,0.2,1.0,0.333333,0.0,0.8,0.1,0.9,60,6,54,0.4
0.6,0.2,0.85,0.03,1,6,30,0,24,0.6,1.0,0.2,1.0,0.333333,0.0,0.8,0.1,0.9,60,6,54,0.4
0.6,0.3,,0.03,0,6,30,0,24,0.6,1.0,0.2,1.0,0.333333,0.0,0.8,0.1,0.9,60,6,54,0.4
0.6,0.3,,0.03,1,6,30,0,24,0.6,1.0,0.2,1.0,0.333333,0.0,0.8,0.1,0.9,60,6,54,0.4
0.6,0.3,0.65,0.03,0,6,30,0,24,0.6,1.0,0.2,1.0,0.333333,0.0,0.8,0.1,0.9,60,6,54,0.4
0.6,0.3,0.65,0.03,1,6,30,0,24,0.6,1.0,0.2,1.0,0.333333,0.0,0.8,0.1,0.9,60,6,54,0.4
0.6,0.3,0.7,0.03,0,6,30,0,24,0.6,1.0,0.2,1.0,0.333333,0.0,0.8,0.1,0.9,60,6,54,0.4
0.6,0.3,0.7,0.03,1,6,30,0,24,0.6,1.0,0.2,1.0,0.333333,0.0,0.8,0.1,0.9,60,6,54,0.4
0.6,0.3,0.75,0.03,0,6,30,0,24,0.6,1.0,0.2,1.0,0.333333,0.0,0.8,0.1,0.9,60,6,54,0.4
0.6,0.3,0.75,0.03,1,6,30,0,24,0.6,1.0,0.2,1.0,0.333333,0.0,0.8,0.1,0.9,60,6,54,0.4
0.6,0.3,0.8,0.03,0,6,30,0,24,0.6,1.0,0.2,1.0,0.333333,0.0,0.8,0.1,0.9,60,6,54,0.4
0.6,0.3,0.8,0.03,1,6,30,0,24,0.6,1.0,0.2,1.0,0.333333,0.0,0.8,0.1,0.9,60,6,54,0.4
0.7,0.1,,0.03,2,6,30,0,24,0.6,1.0,0.2,1.0,0.333333,0.0,0.8,0.1,0.9,60,6,54,0.4
0.7,0.1,0.65,0.03,2,6,30,0,24,0.6,1.0,0.2,1.0,0.333333,0.0,0.8,0.1,0.9,60,6,54,0.4
0.7,0.1,0.7,0.03,2,6,30,0,24,0.6,1.0,0.2,1.0,0.333333,0.0,0.8,0.1,0.9,60,6,54,0.4
0.7,0.1,0.75,0.03,2,6,30,0,24,0.6,1.0,0.2,1.0,0.333333,0.0,0.8,0.1,0.9,60,6,54,0.4
0.7,0.1,0.8,0.03,2,6,30,0,24,0.6,1.0,0.2,1.0,0.333333,0.0,0.8,0.1,0.9,60,6,54,0.4
0.7,0.1,0.85,,2,6,30,0,24,0.6,1.0,0.2,1.0,0.333333,0.0,0.8,0.1,0.9,60,6,54,0.4
0.7,0.1,0.85,0.015,2,6,30,0,24,0.6,1.0,0.2,1.0,0.333333,0.0,0.8,0.1,0.9,60,6,54,0.4
0.7,0.1,0.85,0.02,2,6,30,0,24,0.6,1.0,0.2,1.0,0.333333,0.0,0.8,0.1,0.9,60,6,54,0.4
0.7,0.1,0.85,0.025,2,6,30,0,24,0.6,1.0,0.2,1.0,0.333333,0.0,0.8,0.1,0.9,60,6,54,0.4
0.7,0.15,0.85,0.03,0,6,30,0,24,0.6,1.0,0.2,1.0,0.333333,0.0,0.8,0.1,0.9,60,6,54,0.4
0.7,0.15,0.85,0.03,1,6,30,0,24,0.6,1.0,0.2,1.0,0.333333,0.0,0.8,0.1,0.9,60,6,54,0.4
0.7,0.2,0.85,,0,6,30,0,24,0.6,1.0,0.2,1.0,0.333333,0.0,0.8,0.1,0.9,60,6,54,0.4
0.7,0.2,0.85,,1,6,30,0,24,0.6,1.0,0.2,1.0,0.333333,0.0,0.8,0.1,0.9,60,6,54,0.4
0.7,0.2,0.85,0.015,0,6,30,0,24,0.6,1.0,0.2,1.0,0.333333,0.0,0.8,0.1,0.9,60,6,54,0.4
0.7,0.2,0.85,0.015,1,6,30,0,24,0.6,1.0,0.2,1.0,0.333333,0.0,0.8,0.1,0.9,60,6,54,0.4
0.7,0.2,0.85,0.02,0,6,30,0,24,0.6,1.0,0.2,1.0,0.333333,0.0,0.8,0.1,0.9,60,6,54,0.4
0.7,0.2,0.85,0.02,1,6,30,0,24,0.6,1.0,0.2,1.0,0.333333,0.0,0.8,0.1,0.9,60,6,54,0.4
0.7,0.2,0.85,0.025,0,6,30,0,24,0.6,1.0,0.2,1.0,0.333333,0.0,0.8,0.1,0.9,60,6,54,0.4
0.7,0.2,0.85,0.025,1,6,30,0,24,0.6,1.0,0.2,1.0,0.333333,0.0,0.8,0.1,0.9,60,6,54,0.4
0.7,0.2,0.85,0.03,0,6,30,0,24,0.6,1.0,0.2,1.0,0.333333,0.0,0.8,0.1,0.9,60,6,54,0.4
0.7,0.2,0.85,0.03,1,6,30,0,24,0.6,1.0,0.2,1.0,0.333333,0.0,0.8,0.1,0.9,60,6,54,0.4
0.7,0.3,,0.03,0,6,30,0,24,0.6,1.0,0.2,1.0,0.333333,0.0,0.8,0.1,0.9,60,6,54,0.4
0.7,0.3,,0.03,1,6,30,0,24,0.6,1.0,0.2,1.0,0.333333,0.0,0.8,0.1,0.9,60,6,54,0.4
0.7,0.3,0.65,0.03,0,6,30,0,24,0.6,1.0,0.2,1.0,0.333333,0.0,0.8,0.1,0.9,60,6,54,0.4
0.7,0.3,0.65,0.03,1,6,30,0,24,0.6,1.0,0.2,1.0,0.333333,0.0,0.8,0.1,0.9,60,6,54,0.4
0.7,0.3,0.7,0.03,0,6,30,0,24,0.6,1.0,0.2,1.0,0.333333,0.0,0.8,0.1,0.9,60,6,54,0.4
0.7,0.3,0.7,0.03,1,6,30,0,24,0.6,1.0,0.2,1.0,0.333333,0.0,0.8,0.1,0.9,60,6,54,0.4
0.7,0.3,0.75,0.03,0,6,30,0,24,0.6,1.0,0.2,1.0,0.333333,0.0,0.8,0.1,0.9,60,6,54,0.4
0.7,0.3,0.75,0.03,1,6,30,0,24,0.6,1.0,0.2,1.0,0.333333,0.0,0.8,0.1,0.9,60,6,54,0.4
0.7,0.3,0.8,0.03,0,6,30,0,24,0.6,1.0,0.2,1.0,0.333333,0.0,0.8,0.1,0.9,60,6,54,0.4
0.7,0.3,0.8,0.03,1,6,30,0,24,0.6,1.0,0.2,1.0,0.333333,0.0,0.8,0.1,0.9,60,6,54,0.4
0.75,0.1,,0.03,2,6,30,0,24,0.6,1.0,0.2,1.0,0.333333,0.0,0.8,0.1,0.9,60,6,54,0.4
0.75,0.1,0.65,0.03,2,6,30,0,24,0.6,1.0,0.2,1.0,0.333333,0.0,0.8,0.1,0.9,60,6,54,0.4
0.75,0.1,0.7,0.03,2,6,30,0,24,0.6,1.0,0.2,1.0,0.333333,0.0,0.8,0.1,0.9,60,6,54,0.4
0.75,0.1,0.75,0.03,2,6,30,0,24,0.6,1.0,0.2,1.0,0.333333,0.0,0.8,0.1,0.9,60,6,54,0.4
0.75,0.1,0.8,0.03,2,6,30,0,24,0.6,1.0,0.2,1.0,0.333333,0.0,0.8,0.1,0.9,60,6,54,0.4
0.75,0.1,0.85,,2,6,30,0,24,0.6,1.0,0.2,1.0,0.333333,0.0,0.8,0.1,0.9,60,6,54,0.4
0.75,0.1,0.85,0.015,2,6,30,0,24,0.6,1.0,0.2,1.0,0.333333,0.0,0.8,0.1,0.9,60,6,54,0.4
0.75,0.1,0.85,0.02,2,6,30,0,24,0.6,1.0,0.2,1.0,0.333333,0.0,0.8,0.1,0.9,60,6,54,0.4
0.75,0.1,0.85,0.025,2,6,30,0,24,0.6,1.0,0.2,1.0,0.333333,0.0,0.8,0.1,0.9,60,6,54,0.4
0.75,0.15,0.85,0.03,0,6,30,0,24,0.6,1.0,0.2,1.0,0.333333,0.0,0.8,0.1,0.9,60,6,54,0.4
0.75,0.15,0.85,0.03,1,6,30,0,24,0.6,1.0,0.2,1.0,0.333333,0.0,0.8,0.1,0.9,60,6,54,0.4
0.75,0.2,0.85,,0,6,30,0,24,0.6,1.0,0.2,1.0,0.333333,0.0,0.8,0.1,0.9,60,6,54,0.4
0.75,0.2,0.85,,1,6,30,0,24,0.6,1.0,0.2,1.0,0.333333,0.0,0.8,0.1,0.9,60,6,54,0.4
0.75,0.2,0.85,0.015,0,6,30,0,24,0.6,1.0,0.2,1.0,0.333333,0.0,0.8,0.1,0.9,60,6,54,0.4
0.75,0.2,0.85,0.015,1,6,30,0,24,0.6,1.0,0.2,1.0,0.333333,0.0,0.8,0.1,0.9,60,6,54,0.4
0.75,0.2,0.85,0.02,0,6,30,0,24,0.6,1.0,0.2,1.0,0.333333,0.0,0.8,0.1,0.9,60,6,54,0.4
0.75,0.2,0.85,0.02,1,6,30,0,24,0.6,1.0,0.2,1.0,0.333333,0.0,0.8,0.1,0.9,60,6,54,0.4
0.75,0.2,0.85,0.025,0,6,30,0,24,0.6,1.0,0.2,1.0,0.333333,0.0,0.8,0.1,0.9,60,6,54,0.4
0.75,0.2,0.85,0.025,1,6,30,0,24,0.6,1.0,0.2,1.0,0.333333,0.0,0.8,0.1,0.9,60,6,54,0.4
0.75,0.2,0.85,0.03,0,6,30,0,24,0.6,1.0,0.2,1.0,0.333333,0.0,0.8,0.1,0.9,60,6,54,0.4
0.75,0.2,0.85,0.03,1,6,30,0,24,0.6,1.0,0.2,1.0,0.333333,0.0,0.8,0.1,0.9,60,6,54,0.4
0.75,0.3,,0.015,0,6,30,0,24,0.6,1.0,0.2,1.0,0.333333,0.0,0.8,0.1,0.9,60,6,54,0.4
0.75,0.3,,0.015,1,6,30,0,24,0.6,1.0,0.2,1.0,0.333333,0.0,0.8,0.1,0.9,60,6,54,0.4
0.75,0.3,,0.02,0,6,30,0,24,0.6,1.0,0.2,1.0,0.333333,0.0,0.8,0.1,0.9,60,6,54,0.4
0.75,0.3,,0.02,1,6,30,0,24,0.6,1.0,0.2,1.0,0.333333,0.0,0.8,0.1,0.9,60,6,54,0.4
0.75,0.3,,0.025,0,6,30,0,24,0.6,1.0,0.2,1.0,0.333333,0.0,0.8,0.1,0.9,60,6,54,0.4
0.75,0.3,,0.025,1,6,30,0,24,0.6,1.0,0.2,1.0,0.333333,0.0,0.8,0.1,0.9,60,6,54,0.4
0.75,0.3,,0.03,0,6,30,0,24,0.6,1.0,0.2,1.0,0.333333,0.0,0.8,0.1,0.9,60,6,54,0.4
0.75,0.3,,0.03,1,6,30,0,24,0.6,1.0,0.2,1.0,0.333333,0.0,0.8,0.1,0.9,60,6,54,0.4
0.75,0.3,0.65,0.015,0,6,30,0,24,0.6,1.0,0.2,1.0,0.333333,0.0,0.8,0.1,0.9,60,6,54,0.4
0.75,0.3,0.65,0.015,1,6,30,0,24,0.6,1.0,0.2,1.0,0.333333,0.0,0.8,0.1,0.9,60,6,54,0.4
0.75,0.3,0.65,0.02,0,6,30,0,24,0.6,1.0,0.2,1.0,0.333333,0.0,0.8,0.1,0.9,60,6,54,0.4
0.75,0.3,0.65,0.02,1,6,30,0,24,0.6,1.0,0.2,1.0,0.333333,0.0,0.8,0.1,0.9,60,6,54,0.4
0.75,0.3,0.65,0.025,0,6,30,0,24,0.6,1.0,0.2,1.0,0.333333,0.0,0.8,0.1,0.9,60,6,54,0.4
0.75,0.3,0.65,0.025,1,6,30,0,24,0.6,1.0,0.2,1.0,0.333333,0.0,0.8,0.1,0.9,60,6,54,0.4
0.75,0.3,0.65,0.03,0,6,30,0,24,0.6,1.0,0.2,1.0,0.333333,0.0,0.8,0.1,0.9,60,6,54,0.4
0.75,0.3,0.65,0.03,1,6,30,0,24,0.6,1.0,0.2,1.0,0.333333,0.0,0.8,0.1,0.9,60,6,54,0.4
0.75,0.3,0.7,0.015,0,6,30,0,24,0.6,1.0,0.2,1.0,0.333333,0.0,0.8,0.1,0.9,60,6,54,0.4
0.75,0.3,0.7,0.015,1,6,30,0,24,0.6,1.0,0.2,1.0,0.333333,0.0,0.8,0.1,0.9,60,6,54,0.4
0.75,0.3,0.7,0.02,0,6,30,0,24,0.6,1.0,0.2,1.0,0.333333,0.0,0.8,0.1,0.9,60,6,54,0.4
0.75,0.3,0.7,0.02,1,6,30,0,24,0.6,1.0,0.2,1.0,0.333333,0.0,0.8,0.1,0.9,60,6,54,0.4
0.75,0.3,0.7,0.025,0,6,30,0,24,0.6,1.0,0.2,1.0,0.333333,0.0,0.8,0.1,0.9,60,6,54,0.4
0.75,0.3,0.7,0.025,1,6,30,0,24,0.6,1.0,0.2,1.0,0.333333,0.0,0.8,0.1,0.9,60,6,54,0.4
0.75,0.3,0.7,0.03,0,6,30,0,24,0.6,1.0,0.2,1.0,0.333333,0.0,0.8,0.1,0.9,60,6,54,0.4
0.75,0.3,0.7,0.03,1,6,30,0,24,0.6,1.0,0.2,1.0,0.333333,0.0,0.8,0.1,0.9,60,6,54,0.4
0.75,0.3,0.75,,0,6,30,0,24,0.6,1.0,0.2,1.0,0.333333,0.0,0.8,0.1,0.9,60,6,54,0.4
0.75,0.3,0.75,,1,6,30,0,24,0.6,1.0,0.2,1.0,0.333333,0.0,0.8,0.1,0.9,60,6,54,0.4
0.75,0.3,0.75,0.015,0,6,30,0,24,0.6,1.0,0.2,1.0,0.333333,0.0,0.8,0.1,0.9,60,6,54,0.4
0.75,0.3,0.75,0.015,1,6,30,0,24,0.6,1.0,0.2,1.0,0.333333,0.0,0.8,0.1,0.9,60,6,54,0.4
0.75,0.3,0.75,0.02,0,6,30,0,24,0.6,1.0,0.2,1.0,0.333333,0.0,0.8,0.1,0.9,60,6,54,0.4
0.75,0.3,0.75,0.02,1,6,30,0,24,0.6,1.0,0.2,1.0,0.333333,0.0,0.8,0.1,0.9,60,6,54,0.4
0.75,0.3,0.75,0.025,0,6,30,0,24,0.6,1.0,0.2,1.0,0.333333,0.0,0.8,0.1,0.9,60,6,54,0.4
0.75,0.3,0.75,0.025,1,6,30,0,24,0.6,1.0,0.2,1.0,0.333333,0.0,0.8,0.1,0.9,60,6,54,0.4
0.75,0.3,0.75,0.03,0,6,30,0,24,0.6,1.0,0.2,1.0,0.333333,0.0,0.8,0.1,0.9,60,6,54,0.4
0.75,0.3,0.75,0.03,1,6,30,0,24,0.6,1.0,0.2,1.0,0.333333,0.0,0.8,0.1,0.9,60,6,54,0.4
0.75,0.3,0.8,,0,6,30,0,24,0.6,1.0,0.2,1.0,0.333333,0.0,0.8,0.1,0.9,60,6,54,0.4
0.75,0.3,0.8,,1,6,30,0,24,0.6,1.0,0.2,1.0,0.333333,0.0,0.8,0.1,0.9,60,6,54,0.4
0.75,0.3,0.8,0.015,0,6,30,0,24,0.6,1.0,0.2,1.0,0.333333,0.0,0.8,0.1,0.9,60,6,54,0.4
0.75,0.3,0.8,0.015,1,6,30,0,24,0.6,1.0,0.2,1.0,0.333333,0.0,0.8,0.1,0.9,60,6,54,0.4
0.75,0.3,0.8,0.02,0,6,30,0,24,0.6,1.0,0.2,1.0,0.333333,0.0,0.8,0.1,0.9,60,6,54,0.4
0.75,0.3,0.8,0.02,1,6,30,0,24,0.6,1.0,0.2,1.0,0.333333,0.0,0.8,0.1,0.9,60,6,54,0.4
0.75,0.3,0.8,0.025,0,6,30,0,24,0.6,1.0,0.2,1.0,0.333333,0.0,0.8,0.1,0.9,60,6,54,0.4
0.75,0.3,0.8,0.025,1,6,30,0,24,0.6,1.0,0.2,1.0,0.333333,0.0,0.8,0.1,0.9,60,6,54,0.4
0.75,0.3,0.8,0.03,0,6,30,0,24,0.6,1.0,0.2,1.0,0.333333,0.0,0.8,0.1,0.9,60,6,54,0.4
0.75,0.3,0.8,0.03,1,6,30,0,24,0.6,1.0,0.2,1.0,0.333333,0.0,0.8,0.1,0.9,60,6,54,0.4
0.8,0.1,,0.015,2,6,30,0,24,0.6,1.0,0.2,1.0,0.333333,0.0,0.8,0.1,0.9,60,6,54,0.4
0.8,0.1,,0.02,2,6,30,0,24,0.6,1.0,0.2,1.0,0.333333,0.0,0.8,0.1,0.9,60,6,54,0.4
0.8,0.1,,0.025,2,6,30,0,24,0.6,1.0,0.2,1.0,0.333333,0.0,0.8,0.1,0.9,60,6,54,0.4
0.8,0.1,,0.03,2,6,30,0,24,0.6,1.0,0.2,1.0,0.333333,0.0,0.8,0.1,0.9,60,6,54,0.4
0.8,0.1,0.65,0.015,2,6,30,0,24,0.6,1.0,0.2,1.0,0.333333,0.0,0.8,0.1,0.9,60,6,54,0.4
0.8,0.1,0.65,0.02,2,6,30,0,24,0.6,1.0,0.2,1.0,0.333333,0.0,0.8,0.1,0.9,60,6,54,0.4
0.8,0.1,0.65,0.025,2,6,30,0,24,0.6,1.0,0.2,1.0,0.333333,0.0,0.8,0.1,0.9,60,6,54,0.4
0.8,0.1,0.65,0.03,2,6,30,0,24,0.6,1.0,0.2,1.0,0.333333,0.0,0.8,0.1,0.9,60,6,54,0.4
0.8,0.1,0.7,0.015,2,6,30,0,24,0.6,1.0,0.2,1.0,0.333333,0.0,0.8,0.1,0.9,60,6,54,0.4
0.8,0.1,0.7,0.02,2,6,30,0,24,0.6,1.0,0.2,1.0,0.333333,0.0,0.8,0.1,0.9,60,6,54,0.4
0.8,0.1,0.7,0.025,2,6,30,0,24,0.6,1.0,0.2,1.0,0.333333,0.0,0.8,0.1,0.9,60,6,54,0.4
0.8,0.1,0.7,0.03,2,6,30,0,24,0.6,1.0,0.2,1.0,0.333333,0.0,0.8,0.1,0.9,60,6,54,0.4
0.8,0.1,0.75,,2,6,30,0,24,0.6,1.0,0.2,1.0,0.333333,0.0,0.8,0.1,0.9,60,6,54,0.4
0.8,0.1,0.75,0.015,2,6,30,0,24,0.6,1.0,0.2,1.0,0.333333,0.0,0.8,0.1,0.9,60,6,54,0.4
0.8,0.1,0.75,0.02,2,6,30,0,24,0.6,1.0,0.2,1.0,0.333333,0.0,0.8,0.1,0.9,60,6,54,0.4
0.8,0.1,0.75,0.025,2,6,30,0,24,0.6,1.0,0.2,1.0,0.333333,0.0,0.8,0.1,0.9,60,6,54,0.4
0.8,0.1,0.75,0.03,2,6,30,0,24,0.6,1.0,0.2,1.0,0.333333,0.0,0.8,0.1,0.9,60,6,54,0.4
0.8,0.1,0.8,,2,6,30,0,24,0.6,1.0,0.2,1.0,0.333333,0.0,0.8,0.1,0.9,60,6,54,0.4
0.8,0.1,0.8,0.015,2,6,30,0,24,0.6,1.0,0.2,1.0,0.333333,0.0,0.8,0.1,0.9,60,6,54,0.4
0.8,0.1,0.8,0.02,2,6,30,0,24,0.6,1.0,0.2,1.0,0.333333,0.0,0.8,0.1,0.9,60,6,54,0.4
0.8,0.1,0.8,0.025,2,6,30,0,24,0.6,1.0,0.2,1.0,0.333333,0.0,0.8,0.1,0.9,60,6,54,0.4
0.8,0.1,0.8,0.03,2,6,30,0,24,0.6,1.0,0.2,1.0,0.333333,0.0,0.8,0.1,0.9,60,6,54,0.4
0.8,0.15,0.85,,0,6,30,0,24,0.6,1.0,0.2,1.0,0.333333,0.0,0.8,0.1,0.9,60,6,54,0.4
0.8,0.15,0.85,,1,6,30,0,24,0.6,1.0,0.2,1.0,0.333333,0.0,0.8,0.1,0.9,60,6,54,0.4
0.8,0.15,0.85,0.015,0,6,30,0,24,0.6,1.0,0.2,1.0,0.333333,0.0,0.8,0.1,0.9,60,6,54,0.4
0.8,0.15,0.85,0.015,1,6,30,0,24,0.6,1.0,0.2,1.0,0.333333,0.0,0.8,0.1,0.9,60,6,54,0.4
0.8,0.15,0.85,0.02,0,6,30,0,24,0.6,1.0,0.2,1.0,0.333333,0.0,0.8,0.1,0.9,60,6,54,0.4
0.8,0.15,0.85,0.02,1,6,30,0,24,0.6,1.0,0.2,1.0,0.333333,0.0,0.8,0.1,0.9,60,6,54,0.4
0.8,0.15,0.85,0.025,0,6,30,0,24,0.6,1.0,0.2,1.0,0.333333,0.0,0.8,0.1,0.9,60,6,54,0.4
0.8,0.15,0.85,0.025,1,6,30,0,24,0.6,1.0,0.2,1.0,0.333333,0.0,0.8,0.1,0.9,60,6,54,0.4
0.8,0.15,0.85,0.03,0,6,30,0,24,0.6,1.0,0.2,1.0,0.333333,0.0,0.8,0.1,0.9,60,6,54,0.4
0.8,0.15,0.85,0.03,1,6,30,0,24,0.6,1.0,0.2,1.0,0.333333,0.0,0.8,0.1,0.9,60,6,54,0.4
0.8,0.2,0.85,,0,6,30,0,24,0.6,1.0,0.2,1.0,0.333333,0.0,0.8,0.1,0.9,60,6,54,0.4
0.8,0.2,0.85,,1,6,30,0,24,0.6,1.0,0.2,1.0,0.333333,0.0,0.8,0.1,0.9,60,6,54,0.4
0.8,0.2,0.85,0.015,0,6,30,0,24,0.6,1.0,0.2,1.0,0.333333,0.0,0.8,0.1,0.9,60,6,54,0.4
0.8,0.2,0.85,0.015,1,6,30,0,24,0.6,1.0,0.2,1.0,0.333333,0.0,0.8,0.1,0.9,60,6,54,0.4
0.8,0.2,0.85,0.02,0,6,30,0,24,0.6,1.0,0.2,1.0,0.333333,0.0,0.8,0.1,0.9,60,6,54,0.4
0.8,0.2,0.85,0.02,1,6,30,0,24,0.6,1.0,0.2,1.0,0.333333,0.0,0.8,0.1,0.9,60,6,54,0.4
0.8,0.2,0.85,0.025,0,6,30,0,24,0.6,1.0,0.2,1.0,0.333333,0.0,0.8,0.1,0.9,60,6,54,0.4
0.8,0.2,0.85,0.025,1,6,30,0,24,0.6,1.0,0.2,1.0,0.333333,0.0,0.8,0.1,0.9,60,6,54,0.4
0.8,0.2,0.85,0.03,0,6,30,0,24,0.6,1.0,0.2,1.0,0.333333,0.0,0.8,0.1,0.9,60,6,54,0.4
0.8,0.2,0.85,0.03,1,6,30,0,24,0.6,1.0,0.2,1.0,0.333333,0.0,0.8,0.1,0.9,60,6,54,0.4
0.8,0.3,,0.015,0,6,30,0,24,0.6,1.0,0.2,1.0,0.333333,0.0,0.8,0.1,0.9,60,6,54,0.4
0.8,0.3,,0.015,1,6,30,0,24,0.6,1.0,0.2,1.0,0.333333,0.0,0.8,0.1,0.9,60,6,54,0.4
0.8,0.3,,0.02,0,6,30,0,24,0.6,1.0,0.2,1.0,0.333333,0.0,0.8,0.1,0.9,60,6,54,0.4
0.8,0.3,,0.02,1,6,30,0,24,0.6,1.0,0.2,1.0,0.333333,0.0,0.8,0.1,0.9,60,6,54,0.4
0.8,0.3,,0.025,0,6,30,0,24,0.6,1.0,0.2,1.0,0.333333,0.0,0.8,0.1,0.9,60,6,54,0.4
0.8,0.3,,0.025,1,6,30,0,24,0.6,1.0,0.2,1.0,0.333333,0.0,0.8,0.1,0.9,60,6,54,0.4
0.8,0.3,,0.03,0,6,30,0,24,0.6,1.0,0.2,1.0,0.333333,0.0,0.8,0.1,0.9,60,6,54,0.4
0.8,0.3,,0.03,1,6,30,0,24,0.6,1.0,0.2,1.0,0.333333,0.0,0.8,0.1,0.9,60,6,54,0.4
0.8,0.3,0.65,0.015,0,6,30,0,24,0.6,1.0,0.2,1.0,0.333333,0.0,0.8,0.1,0.9,60,6,54,0.4
0.8,0.3,0.65,0.015,1,6,30,0,24,0.6,1.0,0.2,1.0,0.333333,0.0,0.8,0.1,0.9,60,6,54,0.4
0.8,0.3,0.65,0.02,0,6,30,0,24,0.6,1.0,0.2,1.0,0.333333,0.0,0.8,0.1,0.9,60,6,54,0.4
0.8,0.3,0.65,0.02,1,6,30,0,24,0.6,1.0,0.2,1.0,0.333333,0.0,0.8,0.1,0.9,60,6,54,0.4
0.8,0.3,0.65,0.025,0,6,30,0,24,0.6,1.0,0.2,1.0,0.333333,0.0,0.8,0.1,0.9,60,6,54,0.4
0.8,0.3,0.65,0.025,1,6,30,0,24,0.6,1.0,0.2,1.0,0.333333,0.0,0.8,0.1,0.9,60,6,54,0.4
0.8,0.3,0.65,0.03,0,6,30,0,24,0.6,1.0,0.2,1.0,0.333333,0.0,0.8,0.1,0.9,60,6,54,0.4
0.8,0.3,0.65,0.03,1,6,30,0,24,0.6,1.0,0.2,1.0,0.333333,0.0,0.8,0.1,0.9,60,6,54,0.4
0.8,0.3,0.7,0.015,0,6,30,0,24,0.6,1.0,0.2,1.0,0.333333,0.0,0.8,0.1,0.9,60,6,54,0.4
0.8,0.3,0.7,0.015,1,6,30,0,24,0.6,1.0,0.2,1.0,0.333333,0.0,0.8,0.1,0.9,60,6,54,0.4
0.8,0.3,0.7,0.02,0,6,30,0,24,0.6,1.0,0.2,1.0,0.333333,0.0,0.8,0.1,0.9,60,6,54,0.4
0.8,0.3,0.7,0.02,1,6,30,0,24,0.6,1.0,0.2,1.0,0.333333,0.0,0.8,0.1,0.9,60,6,54,0.4
0.8,0.3,0.7,0.025,0,6,30,0,24,0.6,1.0,0.2,1.0,0.333333,0.0,0.8,0.1,0.9,60,6,54,0.4
0.8,0.3,0.7,0.025,1,6,30,0,24,0.6,1.0,0.2,1.0,0.333333,0.0,0.8,0.1,0.9,60,6,54,0.4
0.8,0.3,0.7,0.03,0,6,30,0,24,0.6,1.0,0.2,1.0,0.333333,0.0,0.8,0.1,0.9,60,6,54,0.4
0.8,0.3,0.7,0.03,1,6,30,0,24,0.6,1.0,0.2,1.0,0.333333,0.0,0.8,0.1,0.9,60,6,54,0.4
0.8,0.3,0.75,,0,6,30,0,24,0.6,1.0,0.2,1.0,0.333333,0.0,0.8,0.1,0.9,60,6,54,0.4
0.8,0.3,0.75,,1,6,30,0,24,0.6,1.0,0.2,1.0,0.333333,0.0,0.8,0.1,0.9,60,6,54,0.4
0.8,0.3,0.75,0.015,0,6,30,0,24,0.6,1.0,0.2,1.0,0.333333,0.0,0.8,0.1,0.9,60,6,54,0.4
0.8,0.3,0.75,0.015,1,6,30,0,24,0.6,1.0,0.2,1.0,0.333333,0.0,0.8,0.1,0.9,60,6,54,0.4
0.8,0.3,0.75,0.02,0,6,30,0,24,0.6,1.0,0.2,1.0,0.333333,0.0,0.8,0.1,0.9,60,6,54,0.4
0.8,0.3,0.75,0.02,1,6,30,0,24,0.6,1.0,0.2,1.0,0.333333,0.0,0.8,0.1,0.9,60,6,54,0.4
0.8,0.3,0.75,0.025,0,6,30,0,24,0.6,1.0,0.2,1.0,0.333333,0.0,0.8,0.1,0.9,60,6,54,0.4
0.8,0.3,0.75,0.025,1,6,30,0,24,0.6,1.0,0.2,1.0,0.333333,0.0,0.8,0.1,0.9,60,6,54,0.4
0.8,0.3,0.75,0.03,0,6,30,0,24,0.6,1.0,0.2,1.0,0.333333,0.0,0.8,0.1,0.9,60,6,54,0.4
0.8,0.3,0.75,0.03,1,6,30,0,24,0.6,1.0,0.2,1.0,0.333333,0.0,0.8,0.1,0.9,60,6,54,0.4
0.8,0.3,0.8,,0,6,30,0,24,0.6,1.0,0.2,1.0,0.333333,0.0,0.8,0.1,0.9,60,6,54,0.4
0.8,0.3,0.8,,1,6,30,0,24,0.6,1.0,0.2,1.0,0.333333,0.0,0.8,0.1,0.9,60,6,54,0.4
0.8,0.3,0.8,0.015,0,6,30,0,24,0.6,1.0,0.2,1.0,0.333333,0.0,0.8,0.1,0.9,60,6,54,0.4
0.8,0.3,0.8,0.015,1,6,30,0,24,0.6,1.0,0.2,1.0,0.333333,0.0,0.8,0.1,0.9,60,6,54,0.4
0.8,0.3,0.8,0.02,0,6,30,0,24,0.6,1.0,0.2,1.0,0.333333,0.0,0.8,0.1,0.9,60,6,54,0.4
0.8,0.3,0.8,0.02,1,6,30,0,24,0.6,1.0,0.2,1.0,0.333333,0.0,0.8,0.1,0.9,60,6,54,0.4
0.8,0.3,0.8,0.025,0,6,30,0,24,0.6,1.0,0.2,1.0,0.333333,0.0,0.8,0.1,0.9,60,6,54,0.4
0.8,0.3,0.8,0.025,1,6,30,0,24,0.6,1.0,0.2,1.0,0.333333,0.0,0.8,0.1,0.9,60,6,54,0.4
0.8,0.3,0.8,0.03,0,6,30,0,24,0.6,1.0,0.2,1.0,0.333333,0.0,0.8,0.1,0.9,60,6,54,0.4
0.8,0.3,0.8,0.03,1,6,30,0,24,0.6,1.0,0.2,1.0,0.333333,0.0,0.8,0.1,0.9,60,6,54,0.4
0.85,0.15,0.85,,0,6,30,0,24,0.6,1.0,0.2,1.0,0.333333,0.0,0.8,0.1,0.9,60,6,54,0.4
0.85,0.15,0.85,,1,6,30,0,24,0.6,1.0,0.2,1.0,0.333333,0.0,0.8,0.1,0.9,60,6,54,0.4
0.85,0.15,0.85,0.015,0,6,30,0,24,0.6,1.0,0.2,1.0,0.333333,0.0,0.8,0.1,0.9,60,6,54,0.4
0.85,0.15,0.85,0.015,1,6,30,0,24,0.6,1.0,0.2,1.0,0.333333,0.0,0.8,0.1,0.9,60,6,54,0.4
0.85,0.15,0.85,0.02,0,6,30,0,24,0.6,1.0,0.2,1.0,0.333333,0.0,0.8,0.1,0.9,60,6,54,0.4
0.85,0.15,0.85,0.02,1,6,30,0,24,0.6,1.0,0.2,1.0,0.333333,0.0,0.8,0.1,0.9,60,6,54,0.4
0.85,0.15,0.85,0.025,0,6,30,0,24,0.6,1.0,0.2,1.0,0.333333,0.0,0.8,0.1,0.9,60,6,54,0.4
0.85,0.15,0.85,0.025,1,6,30,0,24,0.6,1.0,0.2,1.0,0.333333,0.0,0.8,0.1,0.9,60,6,54,0.4
0.85,0.15,0.85,0.03,0,6,30,0,24,0.6,1.0,0.2,1.0,0.333333,0.0,0.8,0.1,0.9,60,6,54,0.4
0.85,0.15,0.85,0.03,1,6,30,0,24,0.6,1.0,0.2,1.0,0.333333,0.0,0.8,0.1,0.9,60,6,54,0.4
0.85,0.2,0.85,,0,6,30,0,24,0.6,1.0,0.2,1.0,0.333333,0.0,0.8,0.1,0.9,60,6,54,0.4
0.85,0.2,0.85,,1,6,30,0,24,0.6,1.0,0.2,1.0,0.333333,0.0,0.8,0.1,0.9,60,6,54,0.4
0.85,0.2,0.85,0.015,0,6,30,0,24,0.6,1.0,0.2,1.0,0.333333,0.0,0.8,0.1,0.9,60,6,54,0.4
0.85,0.2,0.85,0.015,1,6,30,0,24,0.6,1.0,0.2,1.0,0.333333,0.0,0.8,0.1,0.9,60,6,54,0.4
0.85,0.2,0.85,0.02,0,6,30,0,24,0.6,1.0,0.2,1.0,0.333333,0.0,0.8,0.1,0.9,60,6,54,0.4
0.85,0.2,0.85,0.02,1,6,30,0,24,0.6,1.0,0.2,1.0,0.333333,0.0,0.8,0.1,0.9,60,6,54,0.4
0.85,0.2,0.85,0.025,0,6,30,0,24,0.6,1.0,0.2,1.0,0.333333,0.0,0.8,0.1,0.9,60,6,54,0.4
0.85,0.2,0.85,0.025,1,6,30,0,24,0.6,1.0,0.2,1.0,0.333333,0.0,0.8,0.1,0.9,60,6,54,0.4
0.85,0.2,0.85,0.03,0,6,30,0,24,0.6,1.0,0.2,1.0,0.333333,0.0,0.8,0.1,0.9,60,6,54,0.4
0.85,0.2,0.85,0.03,1,6,30,0,24,0.6,1.0,0.2,1.0,0.333333,0.0,0.8,0.1,0.9,60,6,54,0.4
0.9,0.15,0.85,,0,6,30,0,24,0.6,1.0,0.2,1.0,0.333333,0.0,0.8,0.1,0.9,60,6,54,0.4
0.9,0.15,0.85,,1,6,30,0,24,0.6,1.0,0.2,1.0,0.333333,0.0,0.8,0.1,0.9,60,6,54,0.4
0.9,0.15,0.85,0.015,0,6,30,0,24,0.6,1.0,0.2,1.0,0.333333,0.0,0.8,0.1,0.9,60,6,54,0.4
0.9,0.15,0.85,0.015,1,6,30,0,24,0.6,1.0,0.2,1.0,0.333333,0.0,0.8,0.1,0.9,60,6,54,0.4
0.9,0.15,0.85,0.02,0,6,30,0,24,0.6,1.0,0.2,1.0,0.333333,0.0,0.8,0.1,0.9,60,6,54,0.4
0.9,0.15,0.85,0.02,1,6,30,0,24,0.6,1.0,0.2,1.0,0.333333,0.0,0.8,0.1,0.9,60,6,54,0.4
0.9,0.15,0.85,0.025,0,6,30,0,24,0.6,1.0,0.2,1.0,0.333333,0.0,0.8,0.1,0.9,60,6,54,0.4
0.9,0.15,0.85,0.025,1,6,30,0,24,0.6,1.0,0.2,1.0,0.333333,0.0,0.8,0.1,0.9,60,6,54,0.4
0.9,0.15,0.85,0.03,0,6,30,0,24,0.6,1.0,0.2,1.0,0.333333,0.0,0.8,0.1,0.9,60,6,54,0.4
0.9,0.15,0.85,0.03,1,6,30,0,24,0.6,1.0,0.2,1.0,0.333333,0.0,0.8,0.1,0.9,60,6,54,0.4
0.9,0.2,0.85,,0,6,30,0,24,0.6,1.0,0.2,1.0,0.333333,0.0,0.8,0.1,0.9,60,6,54,0.4
0.9,0.2,0.85,,1,6,30,0,24,0.6,1.0,0.2,1.0,0.333333,0.0,0.8,0.1,0.9,60,6,54,0.4
0.9,0.2,0.85,0.015,0,6,30,0,24,0.6,1.0,0.2,1.0,0.333333,0.0,0.8,0.1,0.9,60,6,54,0.4
0.9,0.2,0.85,0.015,1,6,30,0,24,0.6,1.0,0.2,1.0,0.333333,0.0,0.8,0.1,0.9,60,6,54,0.4
0.9,0.2,0.85,0.02,0,6,30,0,24,0.6,1.0,0.2,1.0,0.333333,0.0,0.8,0.1,0.9,60,6,54,0.4
0.9,0.2,0.85,0.02,1,6,30,0,24,0.6,1.0,0.2,1.0,0.333333,0.0,0.8,0.1,0.9,60,6,54,0.4
0.9,0.2,0.85,0.025,0,6,30,0,24,0.6,1.0,0.2,1.0,0.333333,0.0,0.8,0.1,0.9,60,6,54,0.4
0.9,0.2,0.85,0.025,1,6,30,0,24,0.6,1.0,0.2,1.0,0.333333,0.0,0.8,0.1,0.9,60,6,54,0.4
0.9,0.2,0.85,0.03,0,6,30,0,24,0.6,1.0,0.2,1.0,0.333333,0.0,0.8,0.1,0.9,60,6,54,0.4
0.9,0.2,0.85,0.03,1,6,30,0,24,0.6,1.0,0.2,1.0,0.333333,0.0,0.8,0.1,0.9,60,6,54,0.4
0.95,0.05,0.85,,3,6,30,0,24,0.6,1.0,0.2,1.0,0.333333,0.0,0.8,0.1,0.9,60,6,54,0.4
0.95,0.05,0.85,0.015,3,6,30,0,24,0.6,1.0,0.2,1.0,0.333333,0.0,0.8,0.1,0.9,60,6,54,0.4
0.95,0.05,0.85,0.02,3,6,30,0,24,0.6,1.0,0.2,1.0,0.333333,0.0,0.8,0.1,0.9,60,6,54,0.4
0.95,0.05,0.85,0.025,3,6,30,0,24,0.6,1.0,0.2,1.0,0.333333,0.0,0.8,0.1,0.9,60,6,54,0.4
0.95,0.05,0.85,0.03,3,6,30,0,24,0.6,1.0,0.2,1.0,0.333333,0.0,0.8,0.1,0.9,60,6,54,0.4
0.95,0.15,0.85,,0,6,30,0,24,0.6,1.0,0.2,1.0,0.333333,0.0,0.8,0.1,0.9,60,6,54,0.4
0.95,0.15,0.85,,1,6,30,0,24,0.6,1.0,0.2,1.0,0.333333,0.0,0.8,0.1,0.9,60,6,54,0.4
0.95,0.15,0.85,0.015,0,6,30,0,24,0.6,1.0,0.2,1.0,0.333333,0.0,0.8,0.1,0.9,60,6,54,0.4
0.95,0.15,0.85,0.015,1,6,30,0,24,0.6,1.0,0.2,1.0,0.333333,0.0,0.8,0.1,0.9,60,6,54,0.4
0.95,0.15,0.85,0.02,0,6,30,0,24,0.6,1.0,0.2,1.0,0.333333,0.0,0.8,0.1,0.9,60,6,54,0.4
0.95,0.15,0.85,0.02,1,6,30,0,24,0.6,1.0,0.2,1.0,0.333333,0.0,0.8,0.1,0.9,60,6,54,0.4
0.95,0.15,0.85,0.025,0,6,30,0,24,0.6,1.0,0.2,1.0,0.333333,0.0,0.8,0.1,0.9,60,6,54,0.4
0.95,0.15,0.85,0.025,1,6,30,0,24,0.6,1.0,0.2,1.0,0.333333,0.0,0.8,0.1,0.9,60,6,54,0.4
0.95,0.15,0.85,0.03,0,6,30,0,24,0.6,1.0,0.2,1.0,0.333333,0.0,0.8,0.1,0.9,60,6,54,0.4
0.95,0.15,0.85,0.03,1,6,30,0,24,0.6,1.0,0.2,1.0,0.333333,0.0,0.8,0.1,0.9,60,6,54,0.4
0.95,0.2,,0.015,0,6,30,0,24,0.6,1.0,0.2,1.0,0.333333,0.0,0.8,0.1,0.9,60,6,54,0.4
0.95,0.2,,0.015,1,6,30,0,24,0.6,1.0,0.2,1.0,0.333333,0.0,0.8,0.1,0.9,60,6,54,0.4
0.95,0.2,,0.02,0,6,30,0,24,0.6,1.0,0.2,1.0,0.333333,0.0,0.8,0.1,0.9,60,6,54,0.4
0.95,0.2,,0.02,1,6,30,0,24,0.6,1.0,0.2,1.0,0.333333,0.0,0.8,0.1,0.9,60,6,54,0.4
0.95,0.2,,0.025,0,6,30,0,24,0.6,1.0,0.2,1.0,0.333333,0.0,0.8,0.1,0.9,60,6,54,0.4
0.95,0.2,,0.025,1,6,30,0,24,0.6,1.0,0.2,1.0,0.333333,0.0,0.8,0.1,0.9,60,6,54,0.4
0.95,0.2,,0.03,0,6,30,0,24,0.6,1.0,0.2,1.0,0.333333,0.0,0.8,0.1,0.9,60,6,54,0.4
0.95,0.2,,0.03,1,6,30,0,24,0.6,1.0,0.2,1.0,0.333333,0.0,0.8,0.1,0.9,60,6,54,0.4
0.95,0.2,0.65,0.015,0,6,30,0,24,0.6,1.0,0.2,1.0,0.333333,0.0,0.8,0.1,0.9,60,6,54,0.4
0.95,0.2,0.65,0.015,1,6,30,0,24,0.6,1.0,0.2,1.0,0.333333,0.0,0.8,0.1,0.9,60,6,54,0.4
0.95,0.2,0.65,0.02,0,6,30,0,24,0.6,1.0,0.2,1.0,0.333333,0.0,0.8,0.1,0.9,60,6,54,0.4
0.95,0.2,0.65,0.02,1,6,30,0,24,0.6,1.0,0.2,1.0,0.333333,0.0,0.8,0.1,0.9,60,6,54,0.4
0.95,0.2,0.65,0.025,0,6,30,0,24,0.6,1.0,0.2,1.0,0.333333,0.0,0.8,0.1,0.9,60,6,54,0.4
0.95,0.2,0.65,0.025,1,6,30,0,24,0.6,1.0,0.2,1.0,0.333333,0.0,0.8,0.1,0.9,60,6,54,0.4
0.95,0.2,0.65,0.03,0,6,30,0,24,0.6,1.0,0.2,1.0,0.333333,0.0,0.8,0.1,0.9,60,6,54,0.4
0.95,0.2,0.65,0.03,1,6,30,0,24,0.6,1.0,0.2,1.0,0.333333,0.0,0.8,0.1,0.9,60,6,54,0.4
0.95,0.2,0.7,0.015,0,6,30,0,24,0.6,1.0,0.2,1.0,0.333333,0.0,0.8,0.1,0.9,60,6,54,0.4
0.95,0.2,0.7,0.015,1,6,30,0,24,0.6,1.0,0.2,1.0,0.333333,0.0,0.8,0.1,0.9,60,6,54,0.4
0.95,0.2,0.7,0.02,0,6,30,0,24,0.6,1.0,0.2,1.0,0.333333,0.0,0.8,0.1,0.9,60,6,54,0.4
0.95,0.2,0.7,0.02,1,6,30,0,24,0.6,1.0,0.2,1.0,0.333333,0.0,0.8,0.1,0.9,60,6,54,0.4
0.95,0.2,0.7,0.025,0,6,30,0,24,0.6,1.0,0.2,1.0,0.333333,0.0,0.8,0.1,0.9,60,6,54,0.4
0.95,0.2,0.7,0.025,1,6,30,0,24,0.6,1.0,0.2,1.0,0.333333,0.0,0.8,0.1,0.9,60,6,54,0.4
0.95,0.2,0.7,0.03,0,6,30,0,24,0.6,1.0,0.2,1.0,0.333333,0.0,0.8,0.1,0.9,60,6,54,0.4
0.95,0.2,0.7,0.03,1,6,30,0,24,0.6,1.0,0.2,1.0,0.333333,0.0,0.8,0.1,0.9,60,6,54,0.4
0.95,0.2,0.75,,0,6,30,0,24,0.6,1.0,0.2,1.0,0.333333,0.0,0.8,0.1,0.9,60,6,54,0.4
0.95,0.2,0.75,,1,6,30,0,24,0.6,1.0,0.2,1.0,0.333333,0.0,0.8,0.1,0.9,60,6,54,0.4
0.95,0.2,0.75,0.015,0,6,30,0,24,0.6,1.0,0.2,1.0,0.333333,0.0,0.8,0.1,0.9,60,6,54,0.4
0.95,0.2,0.75,0.015,1,6,30,0,24,0.6,1.0,0.2,1.0,0.333333,0.0,0.8,0.1,0.9,60,6,54,0.4
0.95,0.2,0.75,0.02,0,6,30,0,24,0.6,1.0,0.2,1.0,0.333333,0.0,0.8,0.1,0.9,60,6,54,0.4
0.95,0.2,0.75,0.02,1,6,30,0,24,0.6,1.0,0.2,1.0,0.333333,0.0,0.8,0.1,0.9,60,6,54,0.4
0.95,0.2,0.75,0.025,0,6,30,0,24,0.6,1.0,0.2,1.0,0.333333,0.0,0.8,0.1,0.9,60,6,54,0.4
0.95,0.2,0.75,0.025,1,6,30,0,24,0.6,1.0,0.2,1.0,0.333333,0.0,0.8,0.1,0.9,60,6,54,0.4
0.95,0.2,0.75,0.03,0,6,30,0,24,0.6,1.0,0.2,1.0,0.333333,0.0,0.8,0.1,0.9,60,6,54,0.4
0.95,0.2,0.75,0.03,1,6,30,0,24,0.6,1.0,0.2,1.0,0.333333,0.0,0.8,0.1,0.9,60,6,54,0.4
0.95,0.2,0.8,,0,6,30,0,24,0.6,1.0,0.2,1.0,0.333333,0.0,0.8,0.1,0.9,60,6,54,0.4
0.95,0.2,0.8,,1,6,30,0,24,0.6,1.0,0.2,1.0,0.333333,0.0,0.8,0.1,0.9,60,6,54,0.4
0.95,0.2,0.8,0.015,0,6,30,0,24,0.6,1.0,0.2,1.0,0.333333,0.0,0.8,0.1,0.9,60,6,54,0.4
0.95,0.2,0.8,0.015,1,6,30,0,24,0.6,1.0,0.2,1.0,0.333333,0.0,0.8,0.1,0.9,60,6,54,0.4
0.95,0.2,0.8,0.02,0,6,30,0,24,0.6,1.0,0.2,1.0,0.333333,0.0,0.8,0.1,0.9,60,6,54,0.4
0.95,0.2,0.8,0.02,1,6,30,0,24,0.6,1.0,0.2,1.0,0.333333,0.0,0.8,0.1,0.9,60,6,54,0.4
0.95,0.2,0.8,0.025,0,6,30,0,24,0.6,1.0,0.2,1.0,0.333333,0.0,0.8,0.1,0.9,60,6,54,0.4
0.95,0.2,0.8,0.025,1,6,30,0,24,0.6,1.0,0.2,1.0,0.333333,0.0,0.8,0.1,0.9,60,6,54,0.4
0.95,0.2,0.8,0.03,0,6,30,0,24,0.6,1.0,0.2,1.0,0.333333,0.0,0.8,0.1,0.9,60,6,54,0.4
0.95,0.2,0.8,0.03,1,6,30,0,24,0.6,1.0,0.2,1.0,0.333333,0.0,0.8,0.1,0.9,60,6,54,0.4
0.95,0.2,0.85,,0,6,30,0,24,0.6,1.0,0.2,1.0,0.333333,0.0,0.8,0.1,0.9,60,6,54,0.4
0.95,0.2,0.85,,1,6,30,0,24,0.6,1.0,0.2,1.0,0.333333,0.0,0.8,0.1,0.9,60,6,54,0.4
0.95,0.2,0.85,0.015,0,6,30,0,24,0.6,1.0,0.2,1.0,0.333333,0.0,0.8,0.1,0.9,60,6,54,0.4
0.95,0.2,0.85,0.015,1,6,30,0,24,0.6,1.0,0.2,1.0,0.333333,0.0,0.8,0.1,0.9,60,6,54,0.4
0.95,0.2,0.85,0.02,0,6,30,0,24,0.6,1.0,0.2,1.0,0.333333,0.0,0.8,0.1,0.9,60,6,54,0.4
0.95,0.2,0.85,0.02,1,6,30,0,24,0.6,1.0,0.2,1.0,0.333333,0.0,0.8,0.1,0.9,60,6,54,0.4
0.95,0.2,0.85,0.025,0,6,30,0,24,0.6,1.0,0.2,1.0,0.333333,0.0,0.8,0.1,0.9,60,6,54,0.4
0.95,0.2,0.85,0.025,1,6,30,0,24,0.6,1.0,0.2,1.0,0.333333,0.0,0.8,0.1,0.9,60,6,54,0.4
0.95,0.2,0.85,0.03,0,6,30,0,24,0.6,1.0,0.2,1.0,0.333333,0.0,0.8,0.1,0.9,60,6,54,0.4
0.95,0.2,0.85,0.03,1,6,30,0,24,0.6,1.0,0.2,1.0,0.333333,0.0,0.8,0.1,0.9,60,6,54,0.4
0.3,0.1,,,3,5,30,0,25,0.583333,1.0,0.166667,1.0,0.285714,0.0,0.833333,0.083333,0.916667,60,5,55,0.416666
0.3,0.1,,0.015,3,5,30,0,25,0.583333,1.0,0.166667,1.0,0.285714,0.0,0.833333,0.083333,0.916667,60,5,55,0.416666
0.3,0.1,,0.02,3,5,30,0,25,0.583333,1.0,0.166667,1.0,0.285714,0.0,0.833333,0.083333,0.916667,60,5,55,0.416666
0.3,0.1,,0.025,3,5,30,0,25,0.583333,1.0,0.166667,1.0,0.285714,0.0,0.833333,0.083333,0.916667,60,5,55,0.416666
0.3,0.1,0.65,,3,5,30,0,25,0.583333,1.0,0.166667,1.0,0.285714,0.0,0.833333,0.083333,0.916667,60,5,55,0.416666
0.3,0.1,0.65,0.015,3,5,30,0,25,0.583333,1.0,0.166667,1.0,0.285714,0.0,0.833333,0.083333,0.916667,60,5,55,0.416666
0.3,0.1,0.65,0.02,3,5,30,0,25,0.583333,1.0,0.166667,1.0,0.285714,0.0,0.833333,0.083333,0.916667,60,5,55,0.416666
0.3,0.1,0.65,0.025,3,5,30,0,25,0.583333,1.0,0.166667,1.0,0.285714,0.0,0.833333,0.083333,0.916667,60,5,55,0.416666
0.3,0.1,0.7,,3,5,30,0,25,0.583333,1.0,0.166667,1.0,0.285714,0.0,0.833333,0.083333,0.916667,60,5,55,0.416666
0.3,0.1,0.7,0.015,3,5,30,0,25,0.583333,1.0,0.166667,1.0,0.285714,0.0,0.833333,0.083333,0.916667,60,5,55,0.416666
0.3,0.1,0.7,0.02,3,5,30,0,25,0.583333,1.0,0.166667,1.0,0.285714,0.0,0.833333,0.083333,0.916667,60,5,55,0.416666
0.3,0.1,0.7,0.025,3,5,30,0,25,0.583333,1.0,0.166667,1.0,0.285714,0.0,0.833333,0.083333,0.916667,60,5,55,0.416666
0.3,0.1,0.75,,3,5,30,0,25,0.583333,1.0,0.166667,1.0,0.285714,0.0,0.833333,0.083333,0.916667,60,5,55,0.416666
0.3,0.1,0.75,0.015,3,5,30,0,25,0.583333,1.0,0.166667,1.0,0.285714,0.0,0.833333,0.083333,0.916667,60,5,55,0.416666
0.3,0.1,0.75,0.02,3,5,30,0,25,0.583333,1.0,0.166667,1.0,0.285714,0.0,0.833333,0.083333,0.916667,60,5,55,0.416666
0.3,0.1,0.75,0.025,3,5,30,0,25,0.583333,1.0,0.166667,1.0,0.285714,0.0,0.833333,0.083333,0.916667,60,5,55,0.416666
0.3,0.1,0.8,,3,5,30,0,25,0.583333,1.0,0.166667,1.0,0.285714,0.0,0.833333,0.083333,0.916667,60,5,55,0.416666
0.3,0.1,0.8,0.015,3,5,30,0,25,0.583333,1.0,0.166667,1.0,0.285714,0.0,0.833333,0.083333,0.916667,60,5,55,0.416666
0.3,0.1,0.8,0.02,3,5,30,0,25,0.583333,1.0,0.166667,1.0,0.285714,0.0,0.833333,0.083333,0.916667,60,5,55,0.416666
0.3,0.1,0.8,0.025,3,5,30,0,25,0.583333,1.0,0.166667,1.0,0.285714,0.0,0.833333,0.083333,0.916667,60,5,55,0.416666
0.3,0.1,0.85,0.03,2,5,30,0,25,0.583333,1.0,0.166667,1.0,0.285714,0.0,0.833333,0.083333,0.916667,60,5,55,0.416666
0.3,0.15,,0.015,2,5,30,0,25,0.583333,1.0,0.166667,1.0,0.285714,0.0,0.833333,0.083333,0.916667,60,5,55,0.416666
0.3,0.15,,0.02,2,5,30,0,25,0.583333,1.0,0.166667,1.0,0.285714,0.0,0.833333,0.083333,0.916667,60,5,55,0.416666
0.3,0.15,,0.025,2,5,30,0,25,0.583333,1.0,0.166667,1.0,0.285714,0.0,0.833333,0.083333,0.916667,60,5,55,0.416666
0.3,0.15,0.65,0.015,2,5,30,0,25,0.583333,1.0,0.166667,1.0,0.285714,0.0,0.833333,0.083333,0.916667,60,5,55,0.416666
0.3,0.15,0.65,0.02,2,5,30,0,25,0.583333,1.0,0.166667,1.0,0.285714,0.0,0.833333,0.083333,0.916667,60,5,55,0.416666
0.3,0.15,0.65,0.025,2,5,30,0,25,0.583333,1.0,0.166667,1.0,0.285714,0.0,0.833333,0.083333,0.916667,60,5,55,0.416666
0.3,0.15,0.7,0.015,2,5,30,0,25,0.583333,1.0,0.166667,1.0,0.285714,0.0,0.833333,0.083333,0.916667,60,5,55,0.416666
0.3,0.15,0.7,0.02,2,5,30,0,25,0.583333,1.0,0.166667,1.0,0.285714,0.0,0.833333,0.083333,0.916667,60,5,55,0.416666
0.3,0.15,0.7,0.025,2,5,30,0,25,0.583333,1.0,0.166667,1.0,0.285714,0.0,0.833333,0.083333,0.916667,60,5,55,0.416666
0.3,0.15,0.75,,2,5,30,0,25,0.583333,1.0,0.166667,1.0,0.285714,0.0,0.833333,0.083333,0.916667,60,5,55,0.416666
0.3,0.15,0.75,0.015,2,5,30,0,25,0.583333,1.0,0.166667,1.0,0.285714,0.0,0.833333,0.083333,0.916667,60,5,55,0.416666
0.3,0.15,0.75,0.02,2,5,30,0,25,0.583333,1.0,0.166667,1.0,0.285714,0.0,0.833333,0.083333,0.916667,60,5,55,0.416666
0.3,0.15,0.75,0.025,2,5,30,0,25,0.583333,1.0,0.166667,1.0,0.285714,0.0,0.833333,0.083333,0.916667,60,5,55,0.416666
0.3,0.15,0.8,,2,5,30,0,25,0.583333,1.0,0.166667,1.0,0.285714,0.0,0.833333,0.083333,0.916667,60,5,55,0.416666
0.3,0.15,0.8,0.015,2,5,30,0,25,0.583333,1.0,0.166667,1.0,0.285714,0.0,0.833333,0.083333,0.916667,60,5,55,0.416666
0.3,0.15,0.8,0.02,2,5,30,0,25,0.583333,1.0,0.166667,1.0,0.285714,0.0,0.833333,0.083333,0.916667,60,5,55,0.416666
0.3,0.15,0.8,0.025,2,5,30,0,25,0.583333,1.0,0.166667,1.0,0.285714,0.0,0.833333,0.083333,0.916667,60,5,55,0.416666
0.4,0.1,,,3,5,30,0,25,0.583333,1.0,0.166667,1.0,0.285714,0.0,0.833333,0.083333,0.916667,60,5,55,0.416666
0.4,0.1,,0.015,3,5,30,0,25,0.583333,1.0,0.166667,1.0,0.285714,0.0,0.833333,0.083333,0.916667,60,5,55,0.416666
0.4,0.1,,0.02,3,5,30,0,25,0.583333,1.0,0.166667,1.0,0.285714,0.0,0.833333,0.083333,0.916667,60,5,55,0.416666
0.4,0.1,,0.025,3,5,30,0,25,0.583333,1.0,0.166667,1.0,0.285714,0.0,0.833333,0.083333,0.916667,60,5,55,0.416666
0.4,0.1,0.65,,3,5,30,0,25,0.583333,1.0,0.166667,1.0,0.285714,0.0,0.833333,0.083333,0.916667,60,5,55,0.416666
0.4,0.1,0.65,0.015,3,5,30,0,25,0.583333,1.0,0.166667,1.0,0.285714,0.0,0.833333,0.083333,0.916667,60,5,55,0.416666
0.4,0.1,0.65,0.02,3,5,30,0,25,0.583333,1.0,0.166667,1.0,0.285714,0.0,0.833333,0.083333,0.916667,60,5,55,0.416666
0.4,0.1,0.65,0.025,3,5,30,0,25,0.583333,1.0,0.166667,1.0,0.285714,0.0,0.833333,0.083333,0.916667,60,5,55,0.416666
0.4,0.1,0.7,,3,5,30,0,25,0.583333,1.0,0.166667,1.0,0.285714,0.0,0.833333,0.083333,0.916667,60,5,55,0.416666
0.4,0.1,0.7,0.015,3,5,30,0,25,0.583333,1.0,0.166667,1.0,0.285714,0.0,0.833333,0.083333,0.916667,60,5,55,0.416666
0.4,0.1,0.7,0.02,3,5,30,0,25,0.583333,1.0,0.166667,1.0,0.285714,0.0,0.833333,0.083333,0.916667,60,5,55,0.416666
0.4,0.1,0.7,0.025,3,5,30,0,25,0.583333,1.0,0.166667,1.0,0.285714,0.0,0.833333,0.083333,0.916667,60,5,55,0.416666
0.4,0.1,0.75,,3,5,30,0,25,0.583333,1.0,0.166667,1.0,0.285714,0.0,0.833333,0.083333,0.916667,60,5,55,0.416666
0.4,0.1,0.75,0.015,3,5,30,0,25,0.583333,1.0,0.166667,1.0,0.285714,0.0,0.833333,0.083333,0.916667,60,5,55,0.416666
0.4,0.1,0.75,0.02,3,5,30,0,25,0.583333,1.0,0.166667,1.0,0.285714,0.0,0.833333,0.083333,0.916667,60,5,55,0.416666
0.4,0.1,0.75,0.025,3,5,30,0,25,0.583333,1.0,0.166667,1.0,0.285714,0.0,0.833333,0.083333,0.916667,60,5,55,0.416666
0.4,0.1,0.8,,3,5,30,0,25,0.583333,1.0,0.166667,1.0,0.285714,0.0,0.833333,0.083333,0.916667,60,5,55,0.416666
0.4,0.1,0.8,0.015,3,5,30,0,25,0.583333,1.0,0.166667,1.0,0.285714,0.0,0.833333,0.083333,0.916667,60,5,55,0.416666
0.4,0.1,0.8,0.02,3,5,30,0,25,0.583333,1.0,0.166667,1.0,0.285714,0.0,0.833333,0.083333,0.916667,60,5,55,0.416666
0.4,0.1,0.8,0.025,3,5,30,0,25,0.583333,1.0,0.166667,1.0,0.285714,0.0,0.833333,0.083333,0.916667,60,5,55,0.416666
0.4,0.1,0.85,0.03,2,5,30,0,25,0.583333,1.0,0.166667,1.0,0.285714,0.0,0.833333,0.083333,0.916667,60,5,55,0.416666
0.4,0.15,,0.015,2,5,30,0,25,0.583333,1.0,0.166667,1.0,0.285714,0.0,0.833333,0.083333,0.916667,60,5,55,0.416666
0.4,0.15,,0.02,2,5,30,0,25,0.583333,1.0,0.166667,1.0,0.285714,0.0,0.833333,0.083333,0.916667,60,5,55,0.416666
0.4,0.15,,0.025,2,5,30,0,25,0.583333,1.0,0.166667,1.0,0.285714,0.0,0.833333,0.083333,0.916667,60,5,55,0.416666
0.4,0.15,0.65,0.015,2,5,30,0,25,0.583333,1.0,0.166667,1.0,0.285714,0.0,0.833333,0.083333,0.916667,60,5,55,0.416666
0.4,0.15,0.65,0.02,2,5,30,0,25,0.583333,1.0,0.166667,1.0,0.285714,0.0,0.833333,0.083333,0.916667,60,5,55,0.416666
0.4,0.15,0.65,0.025,2,5,30,0,25,0.583333,1.0,0.166667,1.0,0.285714,0.0,0.833333,0.083333,0.916667,60,5,55,0.416666
0.4,0.15,0.7,0.015,2,5,30,0,25,0.583333,1.0,0.166667,1.0,0.285714,0.0,0.833333,0.083333,0.916667,60,5,55,0.416666
0.4,0.15,0.7,0.02,2,5,30,0,25,0.583333,1.0,0.166667,1.0,0.285714,0.0,0.833333,0.083333,0.916667,60,5,55,0.416666
0.4,0.15,0.7,0.025,2,5,30,0,25,0.583333,1.0,0.166667,1.0,0.285714,0.0,0.833333,0.083333,0.916667,60,5,55,0.416666
0.4,0.15,0.75,,2,5,30,0,25,0.583333,1.0,0.166667,1.0,0.285714,0.0,0.833333,0.083333,0.916667,60,5,55,0.416666
0.4,0.15,0.75,0.015,2,5,30,0,25,0.583333,1.0,0.166667,1.0,0.285714,0.0,0.833333,0.083333,0.916667,60,5,55,0.416666
0.4,0.15,0.75,0.02,2,5,30,0,25,0.583333,1.0,0.166667,1.0,0.285714,0.0,0.833333,0.083333,0.916667,60,5,55,0.416666
0.4,0.15,0.75,0.025,2,5,30,0,25,0.583333,1.0,0.166667,1.0,0.285714,0.0,0.833333,0.083333,0.916667,60,5,55,0.416666
0.4,0.15,0.8,,2,5,30,0,25,0.583333,1.0,0.166667,1.0,0.285714,0.0,0.833333,0.083333,0.916667,60,5,55,0.416666
0.4,0.15,0.8,0.015,2,5,30,0,25,0.583333,1.0,0.166667,1.0,0.285714,0.0,0.833333,0.083333,0.916667,60,5,55,0.416666
0.4,0.15,0.8,0.02,2,5,30,0,25,0.583333,1.0,0.166667,1.0,0.285714,0.0,0.833333,0.083333,0.916667,60,5,55,0.416666
0.4,0.15,0.8,0.025,2,5,30,0,25,0.583333,1.0,0.166667,1.0,0.285714,0.0,0.833333,0.083333,0.916667,60,5,55,0.416666
0.5,0.1,,,3,5,30,0,25,0.583333,1.0,0.166667,1.0,0.285714,0.0,0.833333,0.083333,0.916667,60,5,55,0.416666
0.5,0.1,,0.015,3,5,30,0,25,0.583333,1.0,0.166667,1.0,0.285714,0.0,0.833333,0.083333,0.916667,60,5,55,0.416666
0.5,0.1,,0.02,3,5,30,0,25,0.583333,1.0,0.166667,1.0,0.285714,0.0,0.833333,0.083333,0.916667,60,5,55,0.416666
0.5,0.1,,0.025,3,5,30,0,25,0.583333,1.0,0.166667,1.0,0.285714,0.0,0.833333,0.083333,0.916667,60,5,55,0.416666
0.5,0.1,0.65,,3,5,30,0,25,0.583333,1.0,0.166667,1.0,0.285714,0.0,0.833333,0.083333,0.916667,60,5,55,0.416666
0.5,0.1,0.65,0.015,3,5,30,0,25,0.583333,1.0,0.166667,1.0,0.285714,0.0,0.833333,0.083333,0.916667,60,5,55,0.416666
0.5,0.1,0.65,0.02,3,5,30,0,25,0.583333,1.0,0.166667,1.0,0.285714,0.0,0.833333,0.083333,0.916667,60,5,55,0.416666
0.5,0.1,0.65,0.025,3,5,30,0,25,0.583333,1.0,0.166667,1.0,0.285714,0.0,0.833333,0.083333,0.916667,60,5,55,0.416666
0.5,0.1,0.7,,3,5,30,0,25,0.583333,1.0,0.166667,1.0,0.285714,0.0,0.833333,0.083333,0.916667,60,5,55,0.416666
0.5,0.1,0.7,0.015,3,5,30,0,25,0.583333,1.0,0.166667,1.0,0.285714,0.0,0.833333,0.083333,0.916667,60,5,55,0.416666
0.5,0.1,0.7,0.02,3,5,30,0,25,0.583333,1.0,0.166667,1.0,0.285714,0.0,0.833333,0.083333,0.916667,60,5,55,0.416666
0.5,0.1,0.7,0.025,3,5,30,0,25,0.583333,1.0,0.166667,1.0,0.285714,0.0,0.833333,0.083333,0.916667,60,5,55,0.416666
0.5,0.1,0.75,,3,5,30,0,25,0.583333,1.0,0.166667,1.0,0.285714,0.0,0.833333,0.083333,0.916667,60,5,55,0.416666
0.5,0.1,0.75,0.015,3,5,30,0,25,0.583333,1.0,0.166667,1.0,0.285714,0.0,0.833333,0.083333,0.916667,60,5,55,0.416666
0.5,0.1,0.75,0.02,3,5,30,0,25,0.583333,1.0,0.166667,1.0,0.285714,0.0,0.833333,0.083333,0.916667,60,5,55,0.416666
0.5,0.1,0.75,0.025,3,5,30,0,25,0.583333,1.0,0.166667,1.0,0.285714,0.0,0.833333,0.083333,0.916667,60,5,55,0.416666
0.5,0.1,0.8,,3,5,30,0,25,0.583333,1.0,0.166667,1.0,0.285714,0.0,0.833333,0.083333,0.916667,60,5,55,0.416666
0.5,0.1,0.8,0.015,3,5,30,0,25,0.583333,1.0,0.166667,1.0,0.285714,0.0,0.833333,0.083333,0.916667,60,5,55,0.416666
0.5,0.1,0.8,0.02,3,5,30,0,25,0.583333,1.0,0.166667,1.0,0.285714,0.0,0.833333,0.083333,0.916667,60,5,55,0.416666
0.5,0.1,0.8,0.025,3,5,30,0,25,0.583333,1.0,0.166667,1.0,0.285714,0.0,0.833333,0.083333,0.916667,60,5,55,0.416666
0.5,0.1,0.85,0.03,2,5,30,0,25,0.583333,1.0,0.166667,1.0,0.285714,0.0,0.833333,0.083333,0.916667,60,5,55,0.416666
0.5,0.15,,0.015,2,5,30,0,25,0.583333,1.0,0.166667,1.0,0.285714,0.0,0.833333,0.083333,0.916667,60,5,55,0.416666
0.5,0.15,,0.02,2,5,30,0,25,0.583333,1.0,0.166667,1.0,0.285714,0.0,0.833333,0.083333,0.916667,60,5,55,0.416666
0.5,0.15,,0.025,2,5,30,0,25,0.583333,1.0,0.166667,1.0,0.285714,0.0,0.833333,0.083333,0.916667,60,5,55,0.416666
0.5,0.15,0.65,0.015,2,5,30,0,25,0.583333,1.0,0.166667,1.0,0.285714,0.0,0.833333,0.083333,0.916667,60,5,55,0.416666
0.5,0.15,0.65,0.02,2,5,30,0,25,0.583333,1.0,0.166667,1.0,0.285714,0.0,0.833333,0.083333,0.916667,60,5,55,0.416666
0.5,0.15,0.65,0.025,2,5,30,0,25,0.583333,1.0,0.166667,1.0,0.285714,0.0,0.833333,0.083333,0.916667,60,5,55,0.416666
0.5,0.15,0.7,0.015,2,5,30,0,25,0.583333,1.0,0.166667,1.0,0.285714,0.0,0.833333,0.083333,0.916667,60,5,55,0.416666
0.5,0.15,0.7,0.02,2,5,30,0,25,0.583333,1.0,0.166667,1.0,0.285714,0.0,0.833333,0.083333,0.916667,60,5,55,0.416666
0.5,0.15,0.7,0.025,2,5,30,0,25,0.583333,1.0,0.166667,1.0,0.285714,0.0,0.833333,0.083333,0.916667,60,5,55,0.416666
0.5,0.15,0.75,,2,5,30,0,25,0.583333,1.0,0.166667,1.0,0.285714,0.0,0.833333,0.083333,0.916667,60,5,55,0.416666
0.5,0.15,0.75,0.015,2,5,30,0,25,0.583333,1.0,0.166667,1.0,0.285714,0.0,0.833333,0.083333,0.916667,60,5,55,0.416666
0.5,0.15,0.75,0.02,2,5,30,0,25,0.583333,1.0,0.166667,1.0,0.285714,0.0,0.833333,0.083333,0.916667,60,5,55,0.416666
0.5,0.15,0.75,0.025,2,5,30,0,25,0.583333,1.0,0.166667,1.0,0.285714,0.0,0.833333,0.083333,0.916667,60,5,55,0.416666
0.5,0.15,0.8,,2,5,30,0,25,0.583333,1.0,0.166667,1.0,0.285714,0.0,0.833333,0.083333,0.916667,60,5,55,0.416666
0.5,0.15,0.8,0.015,2,5,30,0,25,0.583333,1.0,0.166667,1.0,0.285714,0.0,0.833333,0.083333,0.916667,60,5,55,0.416666
0.5,0.15,0.8,0.02,2,5,30,0,25,0.583333,1.0,0.166667,1.0,0.285714,0.0,0.833333,0.083333,0.916667,60,5,55,0.416666
0.5,0.15,0.8,0.025,2,5,30,0,25,0.583333,1.0,0.166667,1.0,0.285714,0.0,0.833333,0.083333,0.916667,60,5,55,0.416666
0.6,0.1,,,3,5,30,0,25,0.583333,1.0,0.166667,1.0,0.285714,0.0,0.833333,0.083333,0.916667,60,5,55,0.416666
0.6,0.1,,0.015,3,5,30,0,25,0.583333,1.0,0.166667,1.0,0.285714,0.0,0.833333,0.083333,0.916667,60,5,55,0.416666
0.6,0.1,,0.02,3,5,30,0,25,0.583333,1.0,0.166667,1.0,0.285714,0.0,0.833333,0.083333,0.916667,60,5,55,0.416666
0.6,0.1,,0.025,3,5,30,0,25,0.583333,1.0,0.166667,1.0,0.285714,0.0,0.833333,0.083333,0.916667,60,5,55,0.416666
0.6,0.1,0.65,,3,5,30,0,25,0.583333,1.0,0.166667,1.0,0.285714,0.0,0.833333,0.083333,0.916667,60,5,55,0.416666
0.6,0.1,0.65,0.015,3,5,30,0,25,0.583333,1.0,0.166667,1.0,0.285714,0.0,0.833333,0.083333,0.916667,60,5,55,0.416666
0.6,0.1,0.65,0.02,3,5,30,0,25,0.583333,1.0,0.166667,1.0,0.285714,0.0,0.833333,0.083333,0.916667,60,5,55,0.416666
0.6,0.1,0.65,0.025,3,5,30,0,25,0.583333,1.0,0.166667,1.0,0.285714,0.0,0.833333,0.083333,0.916667,60,5,55,0.416666
0.6,0.1,0.7,,3,5,30,0,25,0.583333,1.0,0.166667,1.0,0.285714,0.0,0.833333,0.083333,0.916667,60,5,55,0.416666
0.6,0.1,0.7,0.015,3,5,30,0,25,0.583333,1.0,0.166667,1.0,0.285714,0.0,0.833333,0.083333,0.916667,60,5,55,0.416666
0.6,0.1,0.7,0.02,3,5,30,0,25,0.583333,1.0,0.166667,1.0,0.285714,0.0,0.833333,0.083333,0.916667,60,5,55,0.416666
0.6,0.1,0.7,0.025,3,5,30,0,25,0.583333,1.0,0.166667,1.0,0.285714,0.0,0.833333,0.083333,0.916667,60,5,55,0.416666
0.6,0.1,0.75,,3,5,30,0,25,0.583333,1.0,0.166667,1.0,0.285714,0.0,0.833333,0.083333,0.916667,60,5,55,0.416666
0.6,0.1,0.75,0.015,3,5,30,0,25,0.583333,1.0,0.166667,1.0,0.285714,0.0,0.833333,0.083333,0.916667,60,5,55,0.416666
0.6,0.1,0.75,0.02,3,5,30,0,25,0.583333,1.0,0.166667,1.0,0.285714,0.0,0.833333,0.083333,0.916667,60,5,55,0.416666
0.6,0.1,0.75,0.025,3,5,30,0,25,0.583333,1.0,0.166667,1.0,0.285714,0.0,0.833333,0.083333,0.916667,60,5,55,0.416666
0.6,0.1,0.8,,3,5,30,0,25,0.583333,1.0,0.166667,1.0,0.285714,0.0,0.833333,0.083333,0.916667,60,5,55,0.416666
0.6,0.1,0.8,0.015,3,5,30,0,25,0.583333,1.0,0.166667,1.0,0.285714,0.0,0.833333,0.083333,0.916667,60,5,55,0.416666
0.6,0.1,0.8,0.02,3,5,30,0,25,0.583333,1.0,0.166667,1.0,0.285714,0.0,0.833333,0.083333,0.916667,60,5,55,0.416666
0.6,0.1,0.8,0.025,3,5,30,0,25,0.583333,1.0,0.166667,1.0,0.285714,0.0,0.833333,0.083333,0.916667,60,5,55,0.416666
0.6,0.1,0.85,0.03,2,5,30,0,25,0.583333,1.0,0.166667,1.0,0.285714,0.0,0.833333,0.083333,0.916667,60,5,55,0.416666
0.6,0.15,,0.015,2,5,30,0,25,0.583333,1.0,0.166667,1.0,0.285714,0.0,0.833333,0.083333,0.916667,60,5,55,0.416666
0.6,0.15,,0.02,2,5,30,0,25,0.583333,1.0,0.166667,1.0,0.285714,0.0,0.833333,0.083333,0.916667,60,5,55,0.416666
0.6,0.15,,0.025,2,5,30,0,25,0.583333,1.0,0.166667,1.0,0.285714,0.0,0.833333,0.083333,0.916667,60,5,55,0.416666
0.6,0.15,0.65,0.015,2,5,30,0,25,0.583333,1.0,0.166667,1.0,0.285714,0.0,0.833333,0.083333,0.916667,60,5,55,0.416666
0.6,0.15,0.65,0.02,2,5,30,0,25,0.583333,1.0,0.166667,1.0,0.285714,0.0,0.833333,0.083333,0.916667,60,5,55,0.416666
0.6,0.15,0.65,0.025,2,5,30,0,25,0.583333,1.0,0.166667,1.0,0.285714,0.0,0.833333,0.083333,0.916667,60,5,55,0.416666
0.6,0.15,0.7,0.015,2,5,30,0,25,0.583333,1.0,0.166667,1.0,0.285714,0.0,0.833333,0.083333,0.916667,60,5,55,0.416666
0.6,0.15,0.7,0.02,2,5,30,0,25,0.583333,1.0,0.166667,1.0,0.285714,0.0,0.833333,0.083333,0.916667,60,5,55,0.416666
0.6,0.15,0.7,0.025,2,5,30,0,25,0.583333,1.0,0.166667,1.0,0.285714,0.0,0.833333,0.083333,0.916667,60,5,55,0.416666
0.6,0.15,0.75,,2,5,30,0,25,0.583333,1.0,0.166667,1.0,0.285714,0.0,0.833333,0.083333,0.916667,60,5,55,0.416666
0.6,0.15,0.75,0.015,2,5,30,0,25,0.583333,1.0,0.166667,1.0,0.285714,0.0,0.833333,0.083333,0.916667,60,5,55,0.416666
0.6,0.15,0.75,0.02,2,5,30,0,25,0.583333,1.0,0.166667,1.0,0.285714,0.0,0.833333,0.083333,0.916667,60,5,55,0.416666
0.6,0.15,0.75,0.025,2,5,30,0,25,0.583333,1.0,0.166667,1.0,0.285714,0.0,0.833333,0.083333,0.916667,60,5,55,0.416666
0.6,0.15,0.8,,2,5,30,0,25,0.583333,1.0,0.166667,1.0,0.285714,0.0,0.833333,0.083333,0.916667,60,5,55,0.416666
0.6,0.15,0.8,0.015,2,5,30,0,25,0.583333,1.0,0.166667,1.0,0.285714,0.0,0.833333,0.083333,0.916667,60,5,55,0.416666
0.6,0.15,0.8,0.02,2,5,30,0,25,0.583333,1.0,0.166667,1.0,0.285714,0.0,0.833333,0.083333,0.916667,60,5,55,0.416666
0.6,0.15,0.8,0.025,2,5,30,0,25,0.583333,1.0,0.166667,1.0,0.285714,0.0,0.833333,0.083333,0.916667,60,5,55,0.416666
0.7,0.1,,,3,5,30,0,25,0.583333,1.0,0.166667,1.0,0.285714,0.0,0.833333,0.083333,0.916667,60,5,55,0.416666
0.7,0.1,,0.015,3,5,30,0,25,0.583333,1.0,0.166667,1.0,0.285714,0.0,0.833333,0.083333,0.916667,60,5,55,0.416666
0.7,0.1,,0.02,3,5,30,0,25,0.583333,1.0,0.166667,1.0,0.285714,0.0,0.833333,0.083333,0.916667,60,5,55,0.416666
0.7,0.1,,0.025,3,5,30,0,25,0.583333,1.0,0.166667,1.0,0.285714,0.0,0.833333,0.083333,0.916667,60,5,55,0.416666
0.7,0.1,0.65,,3,5,30,0,25,0.583333,1.0,0.166667,1.0,0.285714,0.0,0.833333,0.083333,0.916667,60,5,55,0.416666
0.7,0.1,0.65,0.015,3,5,30,0,25,0.583333,1.0,0.166667,1.0,0.285714,0.0,0.833333,0.083333,0.916667,60,5,55,0.416666
0.7,0.1,0.65,0.02,3,5,30,0,25,0.583333,1.0,0.166667,1.0,0.285714,0.0,0.833333,0.083333,0.916667,60,5,55,0.416666
0.7,0.1,0.65,0.025,3,5,30,0,25,0.583333,1.0,0.166667,1.0,0.285714,0.0,0.833333,0.083333,0.916667,60,5,55,0.416666
0.7,0.1,0.7,,3,5,30,0,25,0.583333,1.0,0.166667,1.0,0.285714,0.0,0.833333,0.083333,0.916667,60,5,55,0.416666
0.7,0.1,0.7,0.015,3,5,30,0,25,0.583333,1.0,0.166667,1.0,0.285714,0.0,0.833333,0.083333,0.916667,60,5,55,0.416666
0.7,0.1,0.7,0.02,3,5,30,0,25,0.583333,1.0,0.166667,1.0,0.285714,0.0,0.833333,0.083333,0.916667,60,5,55,0.416666
0.7,0.1,0.7,0.025,3,5,30,0,25,0.583333,1.0,0.166667,1.0,0.285714,0.0,0.833333,0.083333,0.916667,60,5,55,0.416666
0.7,0.1,0.75,,3,5,30,0,25,0.583333,1.0,0.166667,1.0,0.285714,0.0,0.833333,0.083333,0.916667,60,5,55,0.416666
0.7,0.1,0.75,0.015,3,5,30,0,25,0.583333,1.0,0.166667,1.0,0.285714,0.0,0.833333,0.083333,0.916667,60,5,55,0.416666
0.7,0.1,0.75,0.02,3,5,30,0,25,0.583333,1.0,0.166667,1.0,0.285714,0.0,0.833333,0.083333,0.916667,60,5,55,0.416666
0.7,0.1,0.75,0.025,3,5,30,0,25,0.583333,1.0,0.166667,1.0,0.285714,0.0,0.833333,0.083333,0.916667,60,5,55,0.416666
0.7,0.1,0.8,,3,5,30,0,25,0.583333,1.0,0.166667,1.0,0.285714,0.0,0.833333,0.083333,0.916667,60,5,55,0.416666
0.7,0.1,0.8,0.015,3,5,30,0,25,0.583333,1.0,0.166667,1.0,0.285714,0.0,0.833333,0.083333,0.916667,60,5,55,0.416666
0.7,0.1,0.8,0.02,3,5,30,0,25,0.583333,1.0,0.166667,1.0,0.285714,0.0,0.833333,0.083333,0.916667,60,5,55,0.416666
0.7,0.1,0.8,0.025,3,5,30,0,25,0.583333,1.0,0.166667,1.0,0.285714,0.0,0.833333,0.083333,0.916667,60,5,55,0.416666
0.7,0.1,0.85,0.03,2,5,30,0,25,0.583333,1.0,0.166667,1.0,0.285714,0.0,0.833333,0.083333,0.916667,60,5,55,0.416666
0.7,0.15,,0.015,2,5,30,0,25,0.583333,1.0,0.166667,1.0,0.285714,0.0,0.833333,0.083333,0.916667,60,5,55,0.416666
0.7,0.15,,0.02,2,5,30,0,25,0.583333,1.0,0.166667,1.0,0.285714,0.0,0.833333,0.083333,0.916667,60,5,55,0.416666
0.7,0.15,,0.025,2,5,30,0,25,0.583333,1.0,0.166667,1.0,0.285714,0.0,0.833333,0.083333,0.916667,60,5,55,0.416666
0.7,0.15,0.65,0.015,2,5,30,0,25,0.583333,1.0,0.166667,1.0,0.285714,0.0,0.833333,0.083333,0.916667,60,5,55,0.416666
0.7,0.15,0.65,0.02,2,5,30,0,25,0.583333,1.0,0.166667,1.0,0.285714,0.0,0.833333,0.083333,0.916667,60,5,55,0.416666
0.7,0.15,0.65,0.025,2,5,30,0,25,0.583333,1.0,0.166667,1.0,0.285714,0.0,0.833333,0.083333,0.916667,60,5,55,0.416666
0.7,0.15,0.7,0.015,2,5,30,0,25,0.583333,1.0,0.166667,1.0,0.285714,0.0,0.833333,0.083333,0.916667,60,5,55,0.416666
0.7,0.15,0.7,0.02,2,5,30,0,25,0.583333,1.0,0.166667,1.0,0.285714,0.0,0.833333,0.083333,0.916667,60,5,55,0.416666
0.7,0.15,0.7,0.025,2,5,30,0,25,0.583333,1.0,0.166667,1.0,0.285714,0.0,0.833333,0.083333,0.916667,60,5,55,0.416666
0.7,0.15,0.75,,2,5,30,0,25,0.583333,1.0,0.166667,1.0,0.285714,0.0,0.833333,0.083333,0.916667,60,5,55,0.416666
0.7,0.15,0.75,0.015,2,5,30,0,25,0.583333,1.0,0.166667,1.0,0.285714,0.0,0.833333,0.083333,0.916667,60,5,55,0.416666
0.7,0.15,0.75,0.02,2,5,30,0,25,0.583333,1.0,0.166667,1.0,0.285714,0.0,0.833333,0.083333,0.916667,60,5,55,0.416666
0.7,0.15,0.75,0.025,2,5,30,0,25,0.583333,1.0,0.166667,1.0,0.285714,0.0,0.833333,0.083333,0.916667,60,5,55,0.416666
0.7,0.15,0.8,,2,5,30,0,25,0.583333,1.0,0.166667,1.0,0.285714,0.0,0.833333,0.083333,0.916667,60,5,55,0.416666
0.7,0.15,0.8,0.015,2,5,30,0,25,0.583333,1.0,0.166667,1.0,0.285714,0.0,0.833333,0.083333,0.916667,60,5,55,0.416666
0.7,0.15,0.8,0.02,2,5,30,0,25,0.583333,1.0,0.166667,1.0,0.285714,0.0,0.833333,0.083333,0.916667,60,5,55,0.416666
0.7,0.15,0.8,0.025,2,5,30,0,25,0.583333,1.0,0.166667,1.0,0.285714,0.0,0.833333,0.083333,0.916667,60,5,55,0.416666
0.75,0.1,,,3,5,30,0,25,0.583333,1.0,0.166667,1.0,0.285714,0.0,0.833333,0.083333,0.916667,60,5,55,0.416666
0.75,0.1,,0.015,3,5,30,0,25,0.583333,1.0,0.166667,1.0,0.285714,0.0,0.833333,0.083333,0.916667,60,5,55,0.416666
0.75,0.1,,0.02,3,5,30,0,25,0.583333,1.0,0.166667,1.0,0.285714,0.0,0.833333,0.083333,0.916667,60,5,55,0.416666
0.75,0.1,,0.025,3,5,30,0,25,0.583333,1.0,0.166667,1.0,0.285714,0.0,0.833333,0.083333,0.916667,60,5,55,0.416666
0.75,0.1,0.65,,3,5,30,0,25,0.583333,1.0,0.166667,1.0,0.285714,0.0,0.833333,0.083333,0.916667,60,5,55,0.416666
0.75,0.1,0.65,0.015,3,5,30,0,25,0.583333,1.0,0.166667,1.0,0.285714,0.0,0.833333,0.083333,0.916667,60,5,55,0.416666
0.75,0.1,0.65,0.02,3,5,30,0,25,0.583333,1.0,0.166667,1.0,0.285714,0.0,0.833333,0.083333,0.916667,60,5,55,0.416666
0.75,0.1,0.65,0.025,3,5,30,0,25,0.583333,1.0,0.166667,1.0,0.285714,0.0,0.833333,0.083333,0.916667,60,5,55,0.416666
0.75,0.1,0.7,,3,5,30,0,25,0.583333,1.0,0.166667,1.0,0.285714,0.0,0.833333,0.083333,0.916667,60,5,55,0.416666
0.75,0.1,0.7,0.015,3,5,30,0,25,0.583333,1.0,0.166667,1.0,0.285714,0.0,0.833333,0.083333,0.916667,60,5,55,0.416666
0.75,0.1,0.7,0.02,3,5,30,0,25,0.583333,1.0,0.166667,1.0,0.285714,0.0,0.833333,0.083333,0.916667,60,5,55,0.416666
0.75,0.1,0.7,0.025,3,5,30,0,25,0.583333,1.0,0.166667,1.0,0.285714,0.0,0.833333,0.083333,0.916667,60,5,55,0.416666
0.75,0.1,0.75,,3,5,30,0,25,0.583333,1.0,0.166667,1.0,0.285714,0.0,0.833333,0.083333,0.916667,60,5,55,0.416666
0.75,0.1,0.75,0.015,3,5,30,0,25,0.583333,1.0,0.166667,1.0,0.285714,0.0,0.833333,0.083333,0.916667,60,5,55,0.416666
0.75,0.1,0.75,0.02,3,5,30,0,25,0.583333,1.0,0.166667,1.0,0.285714,0.0,0.833333,0.083333,0.916667,60,5,55,0.416666
0.75,0.1,0.75,0.025,3,5,30,0,25,0.583333,1.0,0.166667,1.0,0.285714,0.0,0.833333,0.083333,0.916667,60,5,55,0.416666
0.75,0.1,0.8,,3,5,30,0,25,0.583333,1.0,0.166667,1.0,0.285714,0.0,0.833333,0.083333,0.916667,60,5,55,0.416666
0.75,0.1,0.8,0.015,3,5,30,0,25,0.583333,1.0,0.166667,1.0,0.285714,0.0,0.833333,0.083333,0.916667,60,5,55,0.416666
0.75,0.1,0.8,0.02,3,5,30,0,25,0.583333,1.0,0.166667,1.0,0.285714,0.0,0.833333,0.083333,0.916667,60,5,55,0.416666
0.75,0.1,0.8,0.025,3,5,30,0,25,0.583333,1.0,0.166667,1.0,0.285714,0.0,0.833333,0.083333,0.916667,60,5,55,0.416666
0.75,0.1,0.85,0.03,2,5,30,0,25,0.583333,1.0,0.166667,1.0,0.285714,0.0,0.833333,0.083333,0.916667,60,5,55,0.416666
0.75,0.15,,0.015,2,5,30,0,25,0.583333,1.0,0.166667,1.0,0.285714,0.0,0.833333,0.083333,0.916667,60,5,55,0.416666
0.75,0.15,,0.02,2,5,30,0,25,0.583333,1.0,0.166667,1.0,0.285714,0.0,0.833333,0.083333,0.916667,60,5,55,0.416666
0.75,0.15,,0.025,2,5,30,0,25,0.583333,1.0,0.166667,1.0,0.285714,0.0,0.833333,0.083333,0.916667,60,5,55,0.416666
0.75,0.15,0.65,0.015,2,5,30,0,25,0.583333,1.0,0.166667,1.0,0.285714,0.0,0.833333,0.083333,0.916667,60,5,55,0.416666
0.75,0.15,0.65,0.02,2,5,30,0,25,0.583333,1.0,0.166667,1.0,0.285714,0.0,0.833333,0.083333,0.916667,60,5,55,0.416666
0.75,0.15,0.65,0.025,2,5,30,0,25,0.583333,1.0,0.166667,1.0,0.285714,0.0,0.833333,0.083333,0.916667,60,5,55,0.416666
0.75,0.15,0.7,0.015,2,5,30,0,25,0.583333,1.0,0.166667,1.0,0.285714,0.0,0.833333,0.083333,0.916667,60,5,55,0.416666
0.75,0.15,0.7,0.02,2,5,30,0,25,0.583333,1.0,0.166667,1.0,0.285714,0.0,0.833333,0.083333,0.916667,60,5,55,0.416666
0.75,0.15,0.7,0.025,2,5,30,0,25,0.583333,1.0,0.166667,1.0,0.285714,0.0,0.833333,0.083333,0.916667,60,5,55,0.416666
0.75,0.15,0.75,,2,5,30,0,25,0.583333,1.0,0.166667,1.0,0.285714,0.0,0.833333,0.083333,0.916667,60,5,55,0.416666
0.75,0.15,0.75,0.015,2,5,30,0,25,0.583333,1.0,0.166667,1.0,0.285714,0.0,0.833333,0.083333,0.916667,60,5,55,0.416666
0.75,0.15,0.75,0.02,2,5,30,0,25,0.583333,1.0,0.166667,1.0,0.285714,0.0,0.833333,0.083333,0.916667,60,5,55,0.416666
0.75,0.15,0.75,0.025,2,5,30,0,25,0.583333,1.0,0.166667,1.0,0.285714,0.0,0.833333,0.083333,0.916667,60,5,55,0.416666
0.75,0.15,0.8,,2,5,30,0,25,0.583333,1.0,0.166667,1.0,0.285714,0.0,0.833333,0.083333,0.916667,60,5,55,0.416666
0.75,0.15,0.8,0.015,2,5,30,0,25,0.583333,1.0,0.166667,1.0,0.285714,0.0,0.833333,0.083333,0.916667,60,5,55,0.416666
0.75,0.15,0.8,0.02,2,5,30,0,25,0.583333,1.0,0.166667,1.0,0.285714,0.0,0.833333,0.083333,0.916667,60,5,55,0.416666
0.75,0.15,0.8,0.025,2,5,30,0,25,0.583333,1.0,0.166667,1.0,0.285714,0.0,0.833333,0.083333,0.916667,60,5,55,0.416666
0.8,0.1,0.85,,2,5,30,0,25,0.583333,1.0,0.166667,1.0,0.285714,0.0,0.833333,0.083333,0.916667,60,5,55,0.416666
0.8,0.1,0.85,0.015,2,5,30,0,25,0.583333,1.0,0.166667,1.0,0.285714,0.0,0.833333,0.083333,0.916667,60,5,55,0.416666
0.8,0.1,0.85,0.02,2,5,30,0,25,0.583333,1.0,0.166667,1.0,0.285714,0.0,0.833333,0.083333,0.916667,60,5,55,0.416666
0.8,0.1,0.85,0.025,2,5,30,0,25,0.583333,1.0,0.166667,1.0,0.285714,0.0,0.833333,0.083333,0.916667,60,5,55,0.416666
0.8,0.1,0.85,0.03,2,5,30,0,25,0.583333,1.0,0.166667,1.0,0.285714,0.0,0.833333,0.083333,0.916667,60,5,55,0.416666
0.85,0.1,,0.015,2,5,30,0,25,0.583333,1.0,0.166667,1.0,0.285714,0.0,0.833333,0.083333,0.916667,60,5,55,0.416666
0.85,0.1,,0.02,2,5,30,0,25,0.583333,1.0,0.166667,1.0,0.285714,0.0,0.833333,0.083333,0.916667,60,5,55,0.416666
0.85,0.1,,0.025,2,5,30,0,25,0.583333,1.0,0.166667,1.0,0.285714,0.0,0.833333,0.083333,0.916667,60,5,55,0.416666
0.85,0.1,,0.03,2,5,30,0,25,0.583333,1.0,0.166667,1.0,0.285714,0.0,0.833333,0.083333,0.916667,60,5,55,0.416666
0.85,0.1,0.65,0.015,2,5,30,0,25,0.583333,1.0,0.166667,1.0,0.285714,0.0,0.833333,0.083333,0.916667,60,5,55,0.416666
0.85,0.1,0.65,0.02,2,5,30,0,25,0.583333,1.0,0.166667,1.0,0.285714,0.0,0.833333,0.083333,0.916667,60,5,55,0.416666
0.85,0.1,0.65,0.025,2,5,30,0,25,0.583333,1.0,0.166667,1.0,0.285714,0.0,0.833333,0.083333,0.916667,60,5,55,0.416666
0.85,0.1,0.65,0.03,2,5,30,0,25,0.583333,1.0,0.166667,1.0,0.285714,0.0,0.833333,0.083333,0.916667,60,5,55,0.416666
0.85,0.1,0.7,0.015,2,5,30,0,25,0.583333,1.0,0.166667,1.0,0.285714,0.0,0.833333,0.083333,0.916667,60,5,55,0.416666
0.85,0.1,0.7,0.02,2,5,30,0,25,0.583333,1.0,0.166667,1.0,0.285714,0.0,0.833333,0.083333,0.916667,60,5,55,0.416666
0.85,0.1,0.7,0.025,2,5,30,0,25,0.583333,1.0,0.166667,1.0,0.285714,0.0,0.833333,0.083333,0.916667,60,5,55,0.416666
0.85,0.1,0.7,0.03,2,5,30,0,25,0.583333,1.0,0.166667,1.0,0.285714,0.0,0.833333,0.083333,0.916667,60,5,55,0.416666
0.85,0.1,0.75,,2,5,30,0,25,0.583333,1.0,0.166667,1.0,0.285714,0.0,0.833333,0.083333,0.916667,60,5,55,0.416666
0.85,0.1,0.75,0.015,2,5,30,0,25,0.583333,1.0,0.166667,1.0,0.285714,0.0,0.833333,0.083333,0.916667,60,5,55,0.416666
0.85,0.1,0.75,0.02,2,5,30,0,25,0.583333,1.0,0.166667,1.0,0.285714,0.0,0.833333,0.083333,0.916667,60,5,55,0.416666
0.85,0.1,0.75,0.025,2,5,30,0,25,0.583333,1.0,0.166667,1.0,0.285714,0.0,0.833333,0.083333,0.916667,60,5,55,0.416666
0.85,0.1,0.75,0.03,2,5,30,0,25,0.583333,1.0,0.166667,1.0,0.285714,0.0,0.833333,0.083333,0.916667,60,5,55,0.416666
0.85,0.1,0.8,,2,5,30,0,25,0.583333,1.0,0.166667,1.0,0.285714,0.0,0.833333,0.083333,0.916667,60,5,55,0.416666
0.85,0.1,0.8,0.015,2,5,30,0,25,0.583333,1.0,0.166667,1.0,0.285714,0.0,0.833333,0.083333,0.916667,60,5,55,0.416666
0.85,0.1,0.8,0.02,2,5,30,0,25,0.583333,1.0,0.166667,1.0,0.285714,0.0,0.833333,0.083333,0.916667,60,5,55,0.416666
0.85,0.1,0.8,0.025,2,5,30,0,25,0.583333,1.0,0.166667,1.0,0.285714,0.0,0.833333,0.083333,0.916667,60,5,55,0.416666
0.85,0.1,0.8,0.03,2,5,30,0,25,0.583333,1.0,0.166667,1.0,0.285714,0.0,0.833333,0.083333,0.916667,60,5,55,0.416666
0.85,0.3,,0.015,0,5,30,0,25,0.583333,1.0,0.166667,1.0,0.285714,0.0,0.833333,0.083333,0.916667,60,5,55,0.416666
0.85,0.3,,0.015,1,5,30,0,25,0.583333,1.0,0.166667,1.0,0.285714,0.0,0.833333,0.083333,0.916667,60,5,55,0.416666
0.85,0.3,,0.02,0,5,30,0,25,0.583333,1.0,0.166667,1.0,0.285714,0.0,0.833333,0.083333,0.916667,60,5,55,0.416666
0.85,0.3,,0.02,1,5,30,0,25,0.583333,1.0,0.166667,1.0,0.285714,0.0,0.833333,0.083333,0.916667,60,5,55,0.416666
0.85,0.3,,0.025,0,5,30,0,25,0.583333,1.0,0.166667,1.0,0.285714,0.0,0.833333,0.083333,0.916667,60,5,55,0.416666
0.85,0.3,,0.025,1,5,30,0,25,0.583333,1.0,0.166667,1.0,0.285714,0.0,0.833333,0.083333,0.916667,60,5,55,0.416666
0.85,0.3,,0.03,0,5,30,0,25,0.583333,1.0,0.166667,1.0,0.285714,0.0,0.833333,0.083333,0.916667,60,5,55,0.416666
0.85,0.3,,0.03,1,5,30,0,25,0.583333,1.0,0.166667,1.0,0.285714,0.0,0.833333,0.083333,0.916667,60,5,55,0.416666
0.85,0.3,0.65,0.015,0,5,30,0,25,0.583333,1.0,0.166667,1.0,0.285714,0.0,0.833333,0.083333,0.916667,60,5,55,0.416666
0.85,0.3,0.65,0.015,1,5,30,0,25,0.583333,1.0,0.166667,1.0,0.285714,0.0,0.833333,0.083333,0.916667,60,5,55,0.416666
0.85,0.3,0.65,0.02,0,5,30,0,25,0.583333,1.0,0.166667,1.0,0.285714,0.0,0.833333,0.083333,0.916667,60,5,55,0.416666
0.85,0.3,0.65,0.02,1,5,30,0,25,0.583333,1.0,0.166667,1.0,0.285714,0.0,0.833333,0.083333,0.916667,60,5,55,0.416666
0.85,0.3,0.65,0.025,0,5,30,0,25,0.583333,1.0,0.166667,1.0,0.285714,0.0,0.833333,0.083333,0.916667,60,5,55,0.416666
0.85,0.3,0.65,0.025,1,5,30,0,25,0.583333,1.0,0.166667,1.0,0.285714,0.0,0.833333,0.083333,0.916667,60,5,55,0.416666
0.85,0.3,0.65,0.03,0,5,30,0,25,0.583333,1.0,0.166667,1.0,0.285714,0.0,0.833333,0.083333,0.916667,60,5,55,0.416666
0.85,0.3,0.65,0.03,1,5,30,0,25,0.583333,1.0,0.166667,1.0,0.285714,0.0,0.833333,0.083333,0.916667,60,5,55,0.416666
0.85,0.3,0.7,0.015,0,5,30,0,25,0.583333,1.0,0.166667,1.0,0.285714,0.0,0.833333,0.083333,0.916667,60,5,55,0.416666
0.85,0.3,0.7,0.015,1,5,30,0,25,0.583333,1.0,0.166667,1.0,0.285714,0.0,0.833333,0.083333,0.916667,60,5,55,0.416666
0.85,0.3,0.7,0.02,0,5,30,0,25,0.583333,1.0,0.166667,1.0,0.285714,0.0,0.833333,0.083333,0.916667,60,5,55,0.416666
0.85,0.3,0.7,0.02,1,5,30,0,25,0.583333,1.0,0.166667,1.0,0.285714,0.0,0.833333,0.083333,0.916667,60,5,55,0.416666
0.85,0.3,0.7,0.025,0,5,30,0,25,0.583333,1.0,0.166667,1.0,0.285714,0.0,0.833333,0.083333,0.916667,60,5,55,0.416666
0.85,0.3,0.7,0.025,1,5,30,0,25,0.583333,1.0,0.166667,1.0,0.285714,0.0,0.833333,0.083333,0.916667,60,5,55,0.416666
0.85,0.3,0.7,0.03,0,5,30,0,25,0.583333,1.0,0.166667,1.0,0.285714,0.0,0.833333,0.083333,0.916667,60,5,55,0.416666
0.85,0.3,0.7,0.03,1,5,30,0,25,0.583333,1.0,0.166667,1.0,0.285714,0.0,0.833333,0.083333,0.916667,60,5,55,0.416666
0.85,0.3,0.75,,0,5,30,0,25,0.583333,1.0,0.166667,1.0,0.285714,0.0,0.833333,0.083333,0.916667,60,5,55,0.416666
0.85,0.3,0.75,,1,5,30,0,25,0.583333,1.0,0.166667,1.0,0.285714,0.0,0.833333,0.083333,0.916667,60,5,55,0.416666
0.85,0.3,0.75,0.015,0,5,30,0,25,0.583333,1.0,0.166667,1.0,0.285714,0.0,0.833333,0.083333,0.916667,60,5,55,0.416666
0.85,0.3,0.75,0.015,1,5,30,0,25,0.583333,1.0,0.166667,1.0,0.285714,0.0,0.833333,0.083333,0.916667,60,5,55,0.416666
0.85,0.3,0.75,0.02,0,5,30,0,25,0.583333,1.0,0.166667,1.0,0.285714,0.0,0.833333,0.083333,0.916667,60,5,55,0.416666
0.85,0.3,0.75,0.02,1,5,30,0,25,0.583333,1.0,0.166667,1.0,0.285714,0.0,0.833333,0.083333,0.916667,60,5,55,0.416666
0.85,0.3,0.75,0.025,0,5,30,0,25,0.583333,1.0,0.166667,1.0,0.285714,0.0,0.833333,0.083333,0.916667,60,5,55,0.416666
0.85,0.3,0.75,0.025,1,5,30,0,25,0.583333,1.0,0.166667,1.0,0.285714,0.0,0.833333,0.083333,0.916667,60,5,55,0.416666
0.85,0.3,0.75,0.03,0,5,30,0,25,0.583333,1.0,0.166667,1.0,0.285714,0.0,0.833333,0.083333,0.916667,60,5,55,0.416666
0.85,0.3,0.75,0.03,1,5,30,0,25,0.583333,1.0,0.166667,1.0,0.285714,0.0,0.833333,0.083333,0.916667,60,5,55,0.416666
0.85,0.3,0.8,,0,5,30,0,25,0.583333,1.0,0.166667,1.0,0.285714,0.0,0.833333,0.083333,0.916667,60,5,55,0.416666
0.85,0.3,0.8,,1,5,30,0,25,0.583333,1.0,0.166667,1.0,0.285714,0.0,0.833333,0.083333,0.916667,60,5,55,0.416666
0.85,0.3,0.8,0.015,0,5,30,0,25,0.583333,1.0,0.166667,1.0,0.285714,0.0,0.833333,0.083333,0.916667,60,5,55,0.416666
0.85,0.3,0.8,0.015,1,5,30,0,25,0.583333,1.0,0.166667,1.0,0.285714,0.0,0.833333,0.083333,0.916667,60,5,55,0.416666
0.85,0.3,0.8,0.02,0,5,30,0,25,0.583333,1.0,0.166667,1.0,0.285714,0.0,0.833333,0.083333,0.916667,60,5,55,0.416666
0.85,0.3,0.8,0.02,1,5,30,0,25,0.583333,1.0,0.166667,1.0,0.285714,0.0,0.833333,0.083333,0.916667,60,5,55,0.416666
0.85,0.3,0.8,0.025,0,5,30,0,25,0.583333,1.0,0.166667,1.0,0.285714,0.0,0.833333,0.083333,0.916667,60,5,55,0.416666
0.85,0.3,0.8,0.025,1,5,30,0,25,0.583333,1.0,0.166667,1.0,0.285714,0.0,0.833333,0.083333,0.916667,60,5,55,0.416666
0.85,0.3,0.8,0.03,0,5,30,0,25,0.583333,1.0,0.166667,1.0,0.285714,0.0,0.833333,0.083333,0.916667,60,5,55,0.416666
0.85,0.3,0.8,0.03,1,5,30,0,25,0.583333,1.0,0.166667,1.0,0.285714,0.0,0.833333,0.083333,0.916667,60,5,55,0.416666
0.9,0.1,,0.015,2,5,30,0,25,0.583333,1.0,0.166667,1.0,0.285714,0.0,0.833333,0.083333,0.916667,60,5,55,0.416666
0.9,0.1,,0.02,2,5,30,0,25,0.583333,1.0,0.166667,1.0,0.285714,0.0,0.833333,0.083333,0.916667,60,5,55,0.416666
0.9,0.1,,0.025,2,5,30,0,25,0.583333,1.0,0.166667,1.0,0.285714,0.0,0.833333,0.083333,0.916667,60,5,55,0.416666
0.9,0.1,,0.03,2,5,30,0,25,0.583333,1.0,0.166667,1.0,0.285714,0.0,0.833333,0.083333,0.916667,60,5,55,0.416666
0.9,0.1,0.65,0.015,2,5,30,0,25,0.583333,1.0,0.166667,1.0,0.285714,0.0,0.833333,0.083333,0.916667,60,5,55,0.416666
0.9,0.1,0.65,0.02,2,5,30,0,25,0.583333,1.0,0.166667,1.0,0.285714,0.0,0.833333,0.083333,0.916667,60,5,55,0.416666
0.9,0.1,0.65,0.025,2,5,30,0,25,0.583333,1.0,0.166667,1.0,0.285714,0.0,0.833333,0.083333,0.916667,60,5,55,0.416666
0.9,0.1,0.65,0.03,2,5,30,0,25,0.583333,1.0,0.166667,1.0,0.285714,0.0,0.833333,0.083333,0.916667,60,5,55,0.416666
0.9,0.1,0.7,0.015,2,5,30,0,25,0.583333,1.0,0.166667,1.0,0.285714,0.0,0.833333,0.083333,0.916667,60,5,55,0.416666
0.9,0.1,0.7,0.02,2,5,30,0,25,0.583333,1.0,0.166667,1.0,0.285714,0.0,0.833333,0.083333,0.916667,60,5,55,0.416666
0.9,0.1,0.7,0.025,2,5,30,0,25,0.583333,1.0,0.166667,1.0,0.285714,0.0,0.833333,0.083333,0.916667,60,5,55,0.416666
0.9,0.1,0.7,0.03,2,5,30,0,25,0.583333,1.0,0.166667,1.0,0.285714,0.0,0.833333,0.083333,0.916667,60,5,55,0.416666
0.9,0.1,0.75,,2,5,30,0,25,0.583333,1.0,0.166667,1.0,0.285714,0.0,0.833333,0.083333,0.916667,60,5,55,0.416666
0.9,0.1,0.75,0.015,2,5,30,0,25,0.583333,1.0,0.166667,1.0,0.285714,0.0,0.833333,0.083333,0.916667,60,5,55,0.416666
0.9,0.1,0.75,0.02,2,5,30,0,25,0.583333,1.0,0.166667,1.0,0.285714,0.0,0.833333,0.083333,0.916667,60,5,55,0.416666
0.9,0.1,0.75,0.025,2,5,30,0,25,0.583333,1.0,0.166667,1.0,0.285714,0.0,0.833333,0.083333,0.916667,60,5,55,0.416666
0.9,0.1,0.75,0.03,2,5,30,0,25,0.583333,1.0,0.166667,1.0,0.285714,0.0,0.833333,0.083333,0.916667,60,5,55,0.416666
0.9,0.1,0.8,,2,5,30,0,25,0.583333,1.0,0.166667,1.0,0.285714,0.0,0.833333,0.083333,0.916667,60,5,55,0.416666
0.9,0.1,0.8,0.015,2,5,30,0,25,0.583333,1.0,0.166667,1.0,0.285714,0.0,0.833333,0.083333,0.916667,60,5,55,0.416666
0.9,0.1,0.8,0.02,2,5,30,0,25,0.583333,1.0,0.166667,1.0,0.285714,0.0,0.833333,0.083333,0.916667,60,5,55,0.416666
0.9,0.1,0.8,0.025,2,5,30,0,25,0.583333,1.0,0.166667,1.0,0.285714,0.0,0.833333,0.083333,0.916667,60,5,55,0.416666
0.9,0.1,0.8,0.03,2,5,30,0,25,0.583333,1.0,0.166667,1.0,0.285714,0.0,0.833333,0.083333,0.916667,60,5,55,0.416666
0.9,0.3,,0.015,0,5,30,0,25,0.583333,1.0,0.166667,1.0,0.285714,0.0,0.833333,0.083333,0.916667,60,5,55,0.416666
0.9,0.3,,0.015,1,5,30,0,25,0.583333,1.0,0.166667,1.0,0.285714,0.0,0.833333,0.083333,0.916667,60,5,55,0.416666
0.9,0.3,,0.02,0,5,30,0,25,0.583333,1.0,0.166667,1.0,0.285714,0.0,0.833333,0.083333,0.916667,60,5,55,0.416666
0.9,0.3,,0.02,1,5,30,0,25,0.583333,1.0,0.166667,1.0,0.285714,0.0,0.833333,0.083333,0.916667,60,5,55,0.416666
0.9,0.3,,0.025,0,5,30,0,25,0.583333,1.0,0.166667,1.0,0.285714,0.0,0.833333,0.083333,0.916667,60,5,55,0.416666
0.9,0.3,,0.025,1,5,30,0,25,0.583333,1.0,0.166667,1.0,0.285714,0.0,0.833333,0.083333,0.916667,60,5,55,0.416666
0.9,0.3,,0.03,0,5,30,0,25,0.583333,1.0,0.166667,1.0,0.285714,0.0,0.833333,0.083333,0.916667,60,5,55,0.416666
0.9,0.3,,0.03,1,5,30,0,25,0.583333,1.0,0.166667,1.0,0.285714,0.0,0.833333,0.083333,0.916667,60,5,55,0.416666
0.9,0.3,0.65,0.015,0,5,30,0,25,0.583333,1.0,0.166667,1.0,0.285714,0.0,0.833333,0.083333,0.916667,60,5,55,0.416666
0.9,0.3,0.65,0.015,1,5,30,0,25,0.583333,1.0,0.166667,1.0,0.285714,0.0,0.833333,0.083333,0.916667,60,5,55,0.416666
0.9,0.3,0.65,0.02,0,5,30,0,25,0.583333,1.0,0.166667,1.0,0.285714,0.0,0.833333,0.083333,0.916667,60,5,55,0.416666
0.9,0.3,0.65,0.02,1,5,30,0,25,0.583333,1.0,0.166667,1.0,0.285714,0.0,0.833333,0.083333,0.916667,60,5,55,0.416666
0.9,0.3,0.65,0.025,0,5,30,0,25,0.583333,1.0,0.166667,1.0,0.285714,0.0,0.833333,0.083333,0.916667,60,5,55,0.416666
0.9,0.3,0.65,0.025,1,5,30,0,25,0.583333,1.0,0.166667,1.0,0.285714,0.0,0.833333,0.083333,0.916667,60,5,55,0.416666
0.9,0.3,0.65,0.03,0,5,30,0,25,0.583333,1.0,0.166667,1.0,0.285714,0.0,0.833333,0.083333,0.916667,60,5,55,0.416666
0.9,0.3,0.65,0.03,1,5,30,0,25,0.583333,1.0,0.166667,1.0,0.285714,0.0,0.833333,0.083333,0.916667,60,5,55,0.416666
0.9,0.3,0.7,0.015,0,5,30,0,25,0.583333,1.0,0.166667,1.0,0.285714,0.0,0.833333,0.083333,0.916667,60,5,55,0.416666
0.9,0.3,0.7,0.015,1,5,30,0,25,0.583333,1.0,0.166667,1.0,0.285714,0.0,0.833333,0.083333,0.916667,60,5,55,0.416666
0.9,0.3,0.7,0.02,0,5,30,0,25,0.583333,1.0,0.166667,1.0,0.285714,0.0,0.833333,0.083333,0.916667,60,5,55,0.416666
0.9,0.3,0.7,0.02,1,5,30,0,25,0.583333,1.0,0.166667,1.0,0.285714,0.0,0.833333,0.083333,0.916667,60,5,55,0.416666
0.9,0.3,0.7,0.025,0,5,30,0,25,0.583333,1.0,0.166667,1.0,0.285714,0.0,0.833333,0.083333,0.916667,60,5,55,0.416666
0.9,0.3,0.7,0.025,1,5,30,0,25,0.583333,1.0,0.166667,1.0,0.285714,0.0,0.833333,0.083333,0.916667,60,5,55,0.416666
0.9,0.3,0.7,0.03,0,5,30,0,25,0.583333,1.0,0.166667,1.0,0.285714,0.0,0.833333,0.083333,0.916667,60,5,55,0.416666
0.9,0.3,0.7,0.03,1,5,30,0,25,0.583333,1.0,0.166667,1.0,0.285714,0.0,0.833333,0.083333,0.916667,60,5,55,0.416666
0.9,0.3,0.75,,0,5,30,0,25,0.583333,1.0,0.166667,1.0,0.285714,0.0,0.833333,0.083333,0.916667,60,5,55,0.416666
0.9,0.3,0.75,,1,5,30,0,25,0.583333,1.0,0.166667,1.0,0.285714,0.0,0.833333,0.083333,0.916667,60,5,55,0.416666
0.9,0.3,0.75,0.015,0,5,30,0,25,0.583333,1.0,0.166667,1.0,0.285714,0.0,0.833333,0.083333,0.916667,60,5,55,0.416666
0.9,0.3,0.75,0.015,1,5,30,0,25,0.583333,1.0,0.166667,1.0,0.285714,0.0,0.833333,0.083333,0.916667,60,5,55,0.416666
0.9,0.3,0.75,0.02,0,5,30,0,25,0.583333,1.0,0.166667,1.0,0.285714,0.0,0.833333,0.083333,0.916667,60,5,55,0.416666
0.9,0.3,0.75,0.02,1,5,30,0,25,0.583333,1.0,0.166667,1.0,0.285714,0.0,0.833333,0.083333,0.916667,60,5,55,0.416666
0.9,0.3,0.75,0.025,0,5,30,0,25,0.583333,1.0,0.166667,1.0,0.285714,0.0,0.833333,0.083333,0.916667,60,5,55,0.416666
0.9,0.3,0.75,0.025,1,5,30,0,25,0.583333,1.0,0.166667,1.0,0.285714,0.0,0.833333,0.083333,0.916667,60,5,55,0.416666
0.9,0.3,0.75,0.03,0,5,30,0,25,0.583333,1.0,0.166667,1.0,0.285714,0.0,0.833333,0.083333,0.916667,60,5,55,0.416666
0.9,0.3,0.75,0.03,1,5,30,0,25,0.583333,1.0,0.166667,1.0,0.285714,0.0,0.833333,0.083333,0.916667,60,5,55,0.416666
0.9,0.3,0.8,,0,5,30,0,25,0.583333,1.0,0.166667,1.0,0.285714,0.0,0.833333,0.083333,0.916667,60,5,55,0.416666
0.9,0.3,0.8,,1,5,30,0,25,0.583333,1.0,0.166667,1.0,0.285714,0.0,0.833333,0.083333,0.916667,60,5,55,0.416666
0.9,0.3,0.8,0.015,0,5,30,0,25,0.583333,1.0,0.166667,1.0,0.285714,0.0,0.833333,0.083333,0.916667,60,5,55,0.416666
0.9,0.3,0.8,0.015,1,5,30,0,25,0.583333,1.0,0.166667,1.0,0.285714,0.0,0.833333,0.083333,0.916667,60,5,55,0.416666
0.9,0.3,0.8,0.02,0,5,30,0,25,0.583333,1.0,0.166667,1.0,0.285714,0.0,0.833333,0.083333,0.916667,60,5,55,0.416666
0.9,0.3,0.8,0.02,1,5,30,0,25,0.583333,1.0,0.166667,1.0,0.285714,0.0,0.833333,0.083333,0.916667,60,5,55,0.416666
0.9,0.3,0.8,0.025,0,5,30,0,25,0.583333,1.0,0.166667,1.0,0.285714,0.0,0.833333,0.083333,0.916667,60,5,55,0.416666
0.9,0.3,0.8,0.025,1,5,30,0,25,0.583333,1.0,0.166667,1.0,0.285714,0.0,0.833333,0.083333,0.916667,60,5,55,0.416666
0.9,0.3,0.8,0.03,0,5,30,0,25,0.583333,1.0,0.166667,1.0,0.285714,0.0,0.833333,0.083333,0.916667,60,5,55,0.416666
0.9,0.3,0.8,0.03,1,5,30,0,25,0.583333,1.0,0.166667,1.0,0.285714,0.0,0.833333,0.083333,0.916667,60,5,55,0.416666
0.95,0.1,,0.015,2,5,30,0,25,0.583333,1.0,0.166667,1.0,0.285714,0.0,0.833333,0.083333,0.916667,60,5,55,0.416666
0.95,0.1,,0.02,2,5,30,0,25,0.583333,1.0,0.166667,1.0,0.285714,0.0,0.833333,0.083333,0.916667,60,5,55,0.416666
0.95,0.1,,0.025,2,5,30,0,25,0.583333,1.0,0.166667,1.0,0.285714,0.0,0.833333,0.083333,0.916667,60,5,55,0.416666
0.95,0.1,,0.03,2,5,30,0,25,0.583333,1.0,0.166667,1.0,0.285714,0.0,0.833333,0.083333,0.916667,60,5,55,0.416666
0.95,0.1,0.65,0.015,2,5,30,0,25,0.583333,1.0,0.166667,1.0,0.285714,0.0,0.833333,0.083333,0.916667,60,5,55,0.416666
0.95,0.1,0.65,0.02,2,5,30,0,25,0.583333,1.0,0.166667,1.0,0.285714,0.0,0.833333,0.083333,0.916667,60,5,55,0.416666
0.95,0.1,0.65,0.025,2,5,30,0,25,0.583333,1.0,0.166667,1.0,0.285714,0.0,0.833333,0.083333,0.916667,60,5,55,0.416666
0.95,0.1,0.65,0.03,2,5,30,0,25,0.583333,1.0,0.166667,1.0,0.285714,0.0,0.833333,0.083333,0.916667,60,5,55,0.416666
0.95,0.1,0.7,0.015,2,5,30,0,25,0.583333,1.0,0.166667,1.0,0.285714,0.0,0.833333,0.083333,0.916667,60,5,55,0.416666
0.95,0.1,0.7,0.02,2,5,30,0,25,0.583333,1.0,0.166667,1.0,0.285714,0.0,0.833333,0.083333,0.916667,60,5,55,0.416666
0.95,0.1,0.7,0.025,2,5,30,0,25,0.583333,1.0,0.166667,1.0,0.285714,0.0,0.833333,0.083333,0.916667,60,5,55,0.416666
0.95,0.1,0.7,0.03,2,5,30,0,25,0.583333,1.0,0.166667,1.0,0.285714,0.0,0.833333,0.083333,0.916667,60,5,55,0.416666
0.95,0.1,0.75,,2,5,30,0,25,0.583333,1.0,0.166667,1.0,0.285714,0.0,0.833333,0.083333,0.916667,60,5,55,0.416666
0.95,0.1,0.75,0.015,2,5,30,0,25,0.583333,1.0,0.166667,1.0,0.285714,0.0,0.833333,0.083333,0.916667,60,5,55,0.416666
0.95,0.1,0.75,0.02,2,5,30,0,25,0.583333,1.0,0.166667,1.0,0.285714,0.0,0.833333,0.083333,0.916667,60,5,55,0.416666
0.95,0.1,0.75,0.025,2,5,30,0,25,0.583333,1.0,0.166667,1.0,0.285714,0.0,0.833333,0.083333,0.916667,60,5,55,0.416666
0.95,0.1,0.75,0.03,2,5,30,0,25,0.583333,1.0,0.166667,1.0,0.285714,0.0,0.833333,0.083333,0.916667,60,5,55,0.416666
0.95,0.1,0.8,,2,5,30,0,25,0.583333,1.0,0.166667,1.0,0.285714,0.0,0.833333,0.083333,0.916667,60,5,55,0.416666
0.95,0.1,0.8,0.015,2,5,30,0,25,0.583333,1.0,0.166667,1.0,0.285714,0.0,0.833333,0.083333,0.916667,60,5,55,0.416666
0.95,0.1,0.8,0.02,2,5,30,0,25,0.583333,1.0,0.166667,1.0,0.285714,0.0,0.833333,0.083333,0.916667,60,5,55,0.416666
0.95,0.1,0.8,0.025,2,5,30,0,25,0.583333,1.0,0.166667,1.0,0.285714,0.0,0.833333,0.083333,0.916667,60,5,55,0.416666
0.95,0.1,0.8,0.03,2,5,30,0,25,0.583333,1.0,0.166667,1.0,0.285714,0.0,0.833333,0.083333,0.916667,60,5,55,0.416666
0.3,0.1,,0.03,3,4,30,0,26,0.566667,1.0,0.133333,1.0,0.235294,0.0,0.866667,0.066667,0.933333,60,4,56,0.433333
0.3,0.1,0.65,0.03,3,4,30,0,26,0.566667,1.0,0.133333,1.0,0.235294,0.0,0.866667,0.066667,0.933333,60,4,56,0.433333
0.3,0.1,0.7,0.03,3,4,30,0,26,0.566667,1.0,0.133333,1.0,0.235294,0.0,0.866667,0.066667,0.933333,60,4,56,0.433333
0.3,0.1,0.75,0.03,3,4,30,0,26,0.566667,1.0,0.133333,1.0,0.235294,0.0,0.866667,0.066667,0.933333,60,4,56,0.433333
0.3,0.1,0.8,0.03,3,4,30,0,26,0.566667,1.0,0.133333,1.0,0.235294,0.0,0.866667,0.066667,0.933333,60,4,56,0.433333
0.3,0.1,0.85,,3,4,30,0,26,0.566667,1.0,0.133333,1.0,0.235294,0.0,0.866667,0.066667,0.933333,60,4,56,0.433333
0.3,0.1,0.85,0.015,3,4,30,0,26,0.566667,1.0,0.133333,1.0,0.235294,0.0,0.866667,0.066667,0.933333,60,4,56,0.433333
0.3,0.1,0.85,0.02,3,4,30,0,26,0.566667,1.0,0.133333,1.0,0.235294,0.0,0.866667,0.066667,0.933333,60,4,56,0.433333
0.3,0.1,0.85,0.025,3,4,30,0,26,0.566667,1.0,0.133333,1.0,0.235294,0.0,0.866667,0.066667,0.933333,60,4,56,0.433333
0.3,0.15,,,3,4,30,0,26,0.566667,1.0,0.133333,1.0,0.235294,0.0,0.866667,0.066667,0.933333,60,4,56,0.433333
0.3,0.15,,0.015,3,4,30,0,26,0.566667,1.0,0.133333,1.0,0.235294,0.0,0.866667,0.066667,0.933333,60,4,56,0.433333
0.3,0.15,,0.02,3,4,30,0,26,0.566667,1.0,0.133333,1.0,0.235294,0.0,0.866667,0.066667,0.933333,60,4,56,0.433333
0.3,0.15,,0.025,3,4,30,0,26,0.566667,1.0,0.133333,1.0,0.235294,0.0,0.866667,0.066667,0.933333,60,4,56,0.433333
0.3,0.15,,0.03,2,4,30,0,26,0.566667,1.0,0.133333,1.0,0.235294,0.0,0.866667,0.066667,0.933333,60,4,56,0.433333
0.3,0.15,0.65,,3,4,30,0,26,0.566667,1.0,0.133333,1.0,0.235294,0.0,0.866667,0.066667,0.933333,60,4,56,0.433333
0.3,0.15,0.65,0.015,3,4,30,0,26,0.566667,1.0,0.133333,1.0,0.235294,0.0,0.866667,0.066667,0.933333,60,4,56,0.433333
0.3,0.15,0.65,0.02,3,4,30,0,26,0.566667,1.0,0.133333,1.0,0.235294,0.0,0.866667,0.066667,0.933333,60,4,56,0.433333
0.3,0.15,0.65,0.025,3,4,30,0,26,0.566667,1.0,0.133333,1.0,0.235294,0.0,0.866667,0.066667,0.933333,60,4,56,0.433333
0.3,0.15,0.65,0.03,2,4,30,0,26,0.566667,1.0,0.133333,1.0,0.235294,0.0,0.866667,0.066667,0.933333,60,4,56,0.433333
0.3,0.15,0.7,,3,4,30,0,26,0.566667,1.0,0.133333,1.0,0.235294,0.0,0.866667,0.066667,0.933333,60,4,56,0.433333
0.3,0.15,0.7,0.015,3,4,30,0,26,0.566667,1.0,0.133333,1.0,0.235294,0.0,0.866667,0.066667,0.933333,60,4,56,0.433333
0.3,0.15,0.7,0.02,3,4,30,0,26,0.566667,1.0,0.133333,1.0,0.235294,0.0,0.866667,0.066667,0.933333,60,4,56,0.433333
0.3,0.15,0.7,0.025,3,4,30,0,26,0.566667,1.0,0.133333,1.0,0.235294,0.0,0.866667,0.066667,0.933333,60,4,56,0.433333
0.3,0.15,0.7,0.03,2,4,30,0,26,0.566667,1.0,0.133333,1.0,0.235294,0.0,0.866667,0.066667,0.933333,60,4,56,0.433333
0.3,0.15,0.75,,3,4,30,0,26,0.566667,1.0,0.133333,1.0,0.235294,0.0,0.866667,0.066667,0.933333,60,4,56,0.433333
0.3,0.15,0.75,0.015,3,4,30,0,26,0.566667,1.0,0.133333,1.0,0.235294,0.0,0.866667,0.066667,0.933333,60,4,56,0.433333
0.3,0.15,0.75,0.02,3,4,30,0,26,0.566667,1.0,0.133333,1.0,0.235294,0.0,0.866667,0.066667,0.933333,60,4,56,0.433333
0.3,0.15,0.75,0.025,3,4,30,0,26,0.566667,1.0,0.133333,1.0,0.235294,0.0,0.866667,0.066667,0.933333,60,4,56,0.433333
0.3,0.15,0.75,0.03,2,4,30,0,26,0.566667,1.0,0.133333,1.0,0.235294,0.0,0.866667,0.066667,0.933333,60,4,56,0.433333
0.3,0.15,0.8,,3,4,30,0,26,0.566667,1.0,0.133333,1.0,0.235294,0.0,0.866667,0.066667,0.933333,60,4,56,0.433333
0.3,0.15,0.8,0.015,3,4,30,0,26,0.566667,1.0,0.133333,1.0,0.235294,0.0,0.866667,0.066667,0.933333,60,4,56,0.433333
0.3,0.15,0.8,0.02,3,4,30,0,26,0.566667,1.0,0.133333,1.0,0.235294,0.0,0.866667,0.066667,0.933333,60,4,56,0.433333
0.3,0.15,0.8,0.025,3,4,30,0,26,0.566667,1.0,0.133333,1.0,0.235294,0.0,0.866667,0.066667,0.933333,60,4,56,0.433333
0.3,0.15,0.8,0.03,2,4,30,0,26,0.566667,1.0,0.133333,1.0,0.235294,0.0,0.866667,0.066667,0.933333,60,4,56,0.433333
0.3,0.15,0.85,,2,4,30,0,26,0.566667,1.0,0.133333,1.0,0.235294,0.0,0.866667,0.066667,0.933333,60,4,56,0.433333
0.3,0.15,0.85,0.015,2,4,30,0,26,0.566667,1.0,0.133333,1.0,0.235294,0.0,0.866667,0.066667,0.933333,60,4,56,0.433333
0.3,0.15,0.85,0.02,2,4,30,0,26,0.566667,1.0,0.133333,1.0,0.235294,0.0,0.866667,0.066667,0.933333,60,4,56,0.433333
0.3,0.15,0.85,0.025,2,4,30,0,26,0.566667,1.0,0.133333,1.0,0.235294,0.0,0.866667,0.066667,0.933333,60,4,56,0.433333
0.4,0.1,,0.03,3,4,30,0,26,0.566667,1.0,0.133333,1.0,0.235294,0.0,0.866667,0.066667,0.933333,60,4,56,0.433333
0.4,0.1,0.65,0.03,3,4,30,0,26,0.566667,1.0,0.133333,1.0,0.235294,0.0,0.866667,0.066667,0.933333,60,4,56,0.433333
0.4,0.1,0.7,0.03,3,4,30,0,26,0.566667,1.0,0.133333,1.0,0.235294,0.0,0.866667,0.066667,0.933333,60,4,56,0.433333
0.4,0.1,0.75,0.03,3,4,30,0,26,0.566667,1.0,0.133333,1.0,0.235294,0.0,0.866667,0.066667,0.933333,60,4,56,0.433333
0.4,0.1,0.8,0.03,3,4,30,0,26,0.566667,1.0,0.133333,1.0,0.235294,0.0,0.866667,0.066667,0.933333,60,4,56,0.433333
0.4,0.1,0.85,,3,4,30,0,26,0.566667,1.0,0.133333,1.0,0.235294,0.0,0.866667,0.066667,0.933333,60,4,56,0.433333
0.4,0.1,0.85,0.015,3,4,30,0,26,0.566667,1.0,0.133333,1.0,0.235294,0.0,0.866667,0.066667,0.933333,60,4,56,0.433333
0.4,0.1,0.85,0.02,3,4,30,0,26,0.566667,1.0,0.133333,1.0,0.235294,0.0,0.866667,0.066667,0.933333,60,4,56,0.433333
0.4,0.1,0.85,0.025,3,4,30,0,26,0.566667,1.0,0.133333,1.0,0.235294,0.0,0.866667,0.066667,0.933333,60,4,56,0.433333
0.4,0.15,,,3,4,30,0,26,0.566667,1.0,0.133333,1.0,0.235294,0.0,0.866667,0.066667,0.933333,60,4,56,0.433333
0.4,0.15,,0.015,3,4,30,0,26,0.566667,1.0,0.133333,1.0,0.235294,0.0,0.866667,0.066667,0.933333,60,4,56,0.433333
0.4,0.15,,0.02,3,4,30,0,26,0.566667,1.0,0.133333,1.0,0.235294,0.0,0.866667,0.066667,0.933333,60,4,56,0.433333
0.4,0.15,,0.025,3,4,30,0,26,0.566667,1.0,0.133333,1.0,0.235294,0.0,0.866667,0.066667,0.933333,60,4,56,0.433333
0.4,0.15,,0.03,2,4,30,0,26,0.566667,1.0,0.133333,1.0,0.235294,0.0,0.866667,0.066667,0.933333,60,4,56,0.433333
0.4,0.15,0.65,,3,4,30,0,26,0.566667,1.0,0.133333,1.0,0.235294,0.0,0.866667,0.066667,0.933333,60,4,56,0.433333
0.4,0.15,0.65,0.015,3,4,30,0,26,0.566667,1.0,0.133333,1.0,0.235294,0.0,0.866667,0.066667,0.933333,60,4,56,0.433333
0.4,0.15,0.65,0.02,3,4,30,0,26,0.566667,1.0,0.133333,1.0,0.235294,0.0,0.866667,0.066667,0.933333,60,4,56,0.433333
0.4,0.15,0.65,0.025,3,4,30,0,26,0.566667,1.0,0.133333,1.0,0.235294,0.0,0.866667,0.066667,0.933333,60,4,56,0.433333
0.4,0.15,0.65,0.03,2,4,30,0,26,0.566667,1.0,0.133333,1.0,0.235294,0.0,0.866667,0.066667,0.933333,60,4,56,0.433333
0.4,0.15,0.7,,3,4,30,0,26,0.566667,1.0,0.133333,1.0,0.235294,0.0,0.866667,0.066667,0.933333,60,4,56,0.433333
0.4,0.15,0.7,0.015,3,4,30,0,26,0.566667,1.0,0.133333,1.0,0.235294,0.0,0.866667,0.066667,0.933333,60,4,56,0.433333
0.4,0.15,0.7,0.02,3,4,30,0,26,0.566667,1.0,0.133333,1.0,0.235294,0.0,0.866667,0.066667,0.933333,60,4,56,0.433333
0.4,0.15,0.7,0.025,3,4,30,0,26,0.566667,1.0,0.133333,1.0,0.235294,0.0,0.866667,0.066667,0.933333,60,4,56,0.433333
0.4,0.15,0.7,0.03,2,4,30,0,26,0.566667,1.0,0.133333,1.0,0.235294,0.0,0.866667,0.066667,0.933333,60,4,56,0.433333
0.4,0.15,0.75,,3,4,30,0,26,0.566667,1.0,0.133333,1.0,0.235294,0.0,0.866667,0.066667,0.933333,60,4,56,0.433333
0.4,0.15,0.75,0.015,3,4,30,0,26,0.566667,1.0,0.133333,1.0,0.235294,0.0,0.866667,0.066667,0.933333,60,4,56,0.433333
0.4,0.15,0.75,0.02,3,4,30,0,26,0.566667,1.0,0.133333,1.0,0.235294,0.0,0.866667,0.066667,0.933333,60,4,56,0.433333
0.4,0.15,0.75,0.025,3,4,30,0,26,0.566667,1.0,0.133333,1.0,0.235294,0.0,0.866667,0.066667,0.933333,60,4,56,0.433333
0.4,0.15,0.75,0.03,2,4,30,0,26,0.566667,1.0,0.133333,1.0,0.235294,0.0,0.866667,0.066667,0.933333,60,4,56,0.433333
0.4,0.15,0.8,,3,4,30,0,26,0.566667,1.0,0.133333,1.0,0.235294,0.0,0.866667,0.066667,0.933333,60,4,56,0.433333
0.4,0.15,0.8,0.015,3,4,30,0,26,0.566667,1.0,0.133333,1.0,0.235294,0.0,0.866667,0.066667,0.933333,60,4,56,0.433333
0.4,0.15,0.8,0.02,3,4,30,0,26,0.566667,1.0,0.133333,1.0,0.235294,0.0,0.866667,0.066667,0.933333,60,4,56,0.433333
0.4,0.15,0.8,0.025,3,4,30,0,26,0.566667,1.0,0.133333,1.0,0.235294,0.0,0.866667,0.066667,0.933333,60,4,56,0.433333
0.4,0.15,0.8,0.03,2,4,30,0,26,0.566667,1.0,0.133333,1.0,0.235294,0.0,0.866667,0.066667,0.933333,60,4,56,0.433333
0.4,0.15,0.85,,2,4,30,0,26,0.566667,1.0,0.133333,1.0,0.235294,0.0,0.866667,0.066667,0.933333,60,4,56,0.433333
0.4,0.15,0.85,0.015,2,4,30,0,26,0.566667,1.0,0.133333,1.0,0.235294,0.0,0.866667,0.066667,0.933333,60,4,56,0.433333
0.4,0.15,0.85,0.02,2,4,30,0,26,0.566667,1.0,0.133333,1.0,0.235294,0.0,0.866667,0.066667,0.933333,60,4,56,0.433333
0.4,0.15,0.85,0.025,2,4,30,0,26,0.566667,1.0,0.133333,1.0,0.235294,0.0,0.866667,0.066667,0.933333,60,4,56,0.433333
0.5,0.1,,0.03,3,4,30,0,26,0.566667,1.0,0.133333,1.0,0.235294,0.0,0.866667,0.066667,0.933333,60,4,56,0.433333
0.5,0.1,0.65,0.03,3,4,30,0,26,0.566667,1.0,0.133333,1.0,0.235294,0.0,0.866667,0.066667,0.933333,60,4,56,0.433333
0.5,0.1,0.7,0.03,3,4,30,0,26,0.566667,1.0,0.133333,1.0,0.235294,0.0,0.866667,0.066667,0.933333,60,4,56,0.433333
0.5,0.1,0.75,0.03,3,4,30,0,26,0.566667,1.0,0.133333,1.0,0.235294,0.0,0.866667,0.066667,0.933333,60,4,56,0.433333
0.5,0.1,0.8,0.03,3,4,30,0,26,0.566667,1.0,0.133333,1.0,0.235294,0.0,0.866667,0.066667,0.933333,60,4,56,0.433333
0.5,0.1,0.85,,3,4,30,0,26,0.566667,1.0,0.133333,1.0,0.235294,0.0,0.866667,0.066667,0.933333,60,4,56,0.433333
0.5,0.1,0.85,0.015,3,4,30,0,26,0.566667,1.0,0.133333,1.0,0.235294,0.0,0.866667,0.066667,0.933333,60,4,56,0.433333
0.5,0.1,0.85,0.02,3,4,30,0,26,0.566667,1.0,0.133333,1.0,0.235294,0.0,0.866667,0.066667,0.933333,60,4,56,0.433333
0.5,0.1,0.85,0.025,3,4,30,0,26,0.566667,1.0,0.133333,1.0,0.235294,0.0,0.866667,0.066667,0.933333,60,4,56,0.433333
0.5,0.15,,,3,4,30,0,26,0.566667,1.0,0.133333,1.0,0.235294,0.0,0.866667,0.066667,0.933333,60,4,56,0.433333
0.5,0.15,,0.015,3,4,30,0,26,0.566667,1.0,0.133333,1.0,0.235294,0.0,0.866667,0.066667,0.933333,60,4,56,0.433333
0.5,0.15,,0.02,3,4,30,0,26,0.566667,1.0,0.133333,1.0,0.235294,0.0,0.866667,0.066667,0.933333,60,4,56,0.433333
0.5,0.15,,0.025,3,4,30,0,26,0.566667,1.0,0.133333,1.0,0.235294,0.0,0.866667,0.066667,0.933333,60,4,56,0.433333
0.5,0.15,,0.03,2,4,30,0,26,0.566667,1.0,0.133333,1.0,0.235294,0.0,0.866667,0.066667,0.933333,60,4,56,0.433333
0.5,0.15,0.65,,3,4,30,0,26,0.566667,1.0,0.133333,1.0,0.235294,0.0,0.866667,0.066667,0.933333,60,4,56,0.433333
0.5,0.15,0.65,0.015,3,4,30,0,26,0.566667,1.0,0.133333,1.0,0.235294,0.0,0.866667,0.066667,0.933333,60,4,56,0.433333
0.5,0.15,0.65,0.02,3,4,30,0,26,0.566667,1.0,0.133333,1.0,0.235294,0.0,0.866667,0.066667,0.933333,60,4,56,0.433333
0.5,0.15,0.65,0.025,3,4,30,0,26,0.566667,1.0,0.133333,1.0,0.235294,0.0,0.866667,0.066667,0.933333,60,4,56,0.433333
0.5,0.15,0.65,0.03,2,4,30,0,26,0.566667,1.0,0.133333,1.0,0.235294,0.0,0.866667,0.066667,0.933333,60,4,56,0.433333
0.5,0.15,0.7,,3,4,30,0,26,0.566667,1.0,0.133333,1.0,0.235294,0.0,0.866667,0.066667,0.933333,60,4,56,0.433333
0.5,0.15,0.7,0.015,3,4,30,0,26,0.566667,1.0,0.133333,1.0,0.235294,0.0,0.866667,0.066667,0.933333,60,4,56,0.433333
0.5,0.15,0.7,0.02,3,4,30,0,26,0.566667,1.0,0.133333,1.0,0.235294,0.0,0.866667,0.066667,0.933333,60,4,56,0.433333
0.5,0.15,0.7,0.025,3,4,30,0,26,0.566667,1.0,0.133333,1.0,0.235294,0.0,0.866667,0.066667,0.933333,60,4,56,0.433333
0.5,0.15,0.7,0.03,2,4,30,0,26,0.566667,1.0,0.133333,1.0,0.235294,0.0,0.866667,0.066667,0.933333,60,4,56,0.433333
0.5,0.15,0.75,,3,4,30,0,26,0.566667,1.0,0.133333,1.0,0.235294,0.0,0.866667,0.066667,0.933333,60,4,56,0.433333
0.5,0.15,0.75,0.015,3,4,30,0,26,0.566667,1.0,0.133333,1.0,0.235294,0.0,0.866667,0.066667,0.933333,60,4,56,0.433333
0.5,0.15,0.75,0.02,3,4,30,0,26,0.566667,1.0,0.133333,1.0,0.235294,0.0,0.866667,0.066667,0.933333,60,4,56,0.433333
0.5,0.15,0.75,0.025,3,4,30,0,26,0.566667,1.0,0.133333,1.0,0.235294,0.0,0.866667,0.066667,0.933333,60,4,56,0.433333
0.5,0.15,0.75,0.03,2,4,30,0,26,0.566667,1.0,0.133333,1.0,0.235294,0.0,0.866667,0.066667,0.933333,60,4,56,0.433333
0.5,0.15,0.8,,3,4,30,0,26,0.566667,1.0,0.133333,1.0,0.235294,0.0,0.866667,0.066667,0.933333,60,4,56,0.433333
0.5,0.15,0.8,0.015,3,4,30,0,26,0.566667,1.0,0.133333,1.0,0.235294,0.0,0.866667,0.066667,0.933333,60,4,56,0.433333
0.5,0.15,0.8,0.02,3,4,30,0,26,0.566667,1.0,0.133333,1.0,0.235294,0.0,0.866667,0.066667,0.933333,60,4,56,0.433333
0.5,0.15,0.8,0.025,3,4,30,0,26,0.566667,1.0,0.133333,1.0,0.235294,0.0,0.866667,0.066667,0.933333,60,4,56,0.433333
0.5,0.15,0.8,0.03,2,4,30,0,26,0.566667,1.0,0.133333,1.0,0.235294,0.0,0.866667,0.066667,0.933333,60,4,56,0.433333
0.5,0.15,0.85,,2,4,30,0,26,0.566667,1.0,0.133333,1.0,0.235294,0.0,0.866667,0.066667,0.933333,60,4,56,0.433333
0.5,0.15,0.85,0.015,2,4,30,0,26,0.566667,1.0,0.133333,1.0,0.235294,0.0,0.866667,0.066667,0.933333,60,4,56,0.433333
0.5,0.15,0.85,0.02,2,4,30,0,26,0.566667,1.0,0.133333,1.0,0.235294,0.0,0.866667,0.066667,0.933333,60,4,56,0.433333
0.5,0.15,0.85,0.025,2,4,30,0,26,0.566667,1.0,0.133333,1.0,0.235294,0.0,0.866667,0.066667,0.933333,60,4,56,0.433333
0.6,0.1,,0.03,3,4,30,0,26,0.566667,1.0,0.133333,1.0,0.235294,0.0,0.866667,0.066667,0.933333,60,4,56,0.433333
0.6,0.1,0.65,0.03,3,4,30,0,26,0.566667,1.0,0.133333,1.0,0.235294,0.0,0.866667,0.066667,0.933333,60,4,56,0.433333
0.6,0.1,0.7,0.03,3,4,30,0,26,0.566667,1.0,0.133333,1.0,0.235294,0.0,0.866667,0.066667,0.933333,60,4,56,0.433333
0.6,0.1,0.75,0.03,3,4,30,0,26,0.566667,1.0,0.133333,1.0,0.235294,0.0,0.866667,0.066667,0.933333,60,4,56,0.433333
0.6,0.1,0.8,0.03,3,4,30,0,26,0.566667,1.0,0.133333,1.0,0.235294,0.0,0.866667,0.066667,0.933333,60,4,56,0.433333
0.6,0.1,0.85,,3,4,30,0,26,0.566667,1.0,0.133333,1.0,0.235294,0.0,0.866667,0.066667,0.933333,60,4,56,0.433333
0.6,0.1,0.85,0.015,3,4,30,0,26,0.566667,1.0,0.133333,1.0,0.235294,0.0,0.866667,0.066667,0.933333,60,4,56,0.433333
0.6,0.1,0.85,0.02,3,4,30,0,26,0.566667,1.0,0.133333,1.0,0.235294,0.0,0.866667,0.066667,0.933333,60,4,56,0.433333
0.6,0.1,0.85,0.025,3,4,30,0,26,0.566667,1.0,0.133333,1.0,0.235294,0.0,0.866667,0.066667,0.933333,60,4,56,0.433333
0.6,0.15,,,3,4,30,0,26,0.566667,1.0,0.133333,1.0,0.235294,0.0,0.866667,0.066667,0.933333,60,4,56,0.433333
0.6,0.15,,0.015,3,4,30,0,26,0.566667,1.0,0.133333,1.0,0.235294,0.0,0.866667,0.066667,0.933333,60,4,56,0.433333
0.6,0.15,,0.02,3,4,30,0,26,0.566667,1.0,0.133333,1.0,0.235294,0.0,0.866667,0.066667,0.933333,60,4,56,0.433333
0.6,0.15,,0.025,3,4,30,0,26,0.566667,1.0,0.133333,1.0,0.235294,0.0,0.866667,0.066667,0.933333,60,4,56,0.433333
0.6,0.15,,0.03,2,4,30,0,26,0.566667,1.0,0.133333,1.0,0.235294,0.0,0.866667,0.066667,0.933333,60,4,56,0.433333
0.6,0.15,0.65,,3,4,30,0,26,0.566667,1.0,0.133333,1.0,0.235294,0.0,0.866667,0.066667,0.933333,60,4,56,0.433333
0.6,0.15,0.65,0.015,3,4,30,0,26,0.566667,1.0,0.133333,1.0,0.235294,0.0,0.866667,0.066667,0.933333,60,4,56,0.433333
0.6,0.15,0.65,0.02,3,4,30,0,26,0.566667,1.0,0.133333,1.0,0.235294,0.0,0.866667,0.066667,0.933333,60,4,56,0.433333
0.6,0.15,0.65,0.025,3,4,30,0,26,0.566667,1.0,0.133333,1.0,0.235294,0.0,0.866667,0.066667,0.933333,60,4,56,0.433333
0.6,0.15,0.65,0.03,2,4,30,0,26,0.566667,1.0,0.133333,1.0,0.235294,0.0,0.866667,0.066667,0.933333,60,4,56,0.433333
0.6,0.15,0.7,,3,4,30,0,26,0.566667,1.0,0.133333,1.0,0.235294,0.0,0.866667,0.066667,0.933333,60,4,56,0.433333
0.6,0.15,0.7,0.015,3,4,30,0,26,0.566667,1.0,0.133333,1.0,0.235294,0.0,0.866667,0.066667,0.933333,60,4,56,0.433333
0.6,0.15,0.7,0.02,3,4,30,0,26,0.566667,1.0,0.133333,1.0,0.235294,0.0,0.866667,0.066667,0.933333,60,4,56,0.433333
0.6,0.15,0.7,0.025,3,4,30,0,26,0.566667,1.0,0.133333,1.0,0.235294,0.0,0.866667,0.066667,0.933333,60,4,56,0.433333
0.6,0.15,0.7,0.03,2,4,30,0,26,0.566667,1.0,0.133333,1.0,0.235294,0.0,0.866667,0.066667,0.933333,60,4,56,0.433333
0.6,0.15,0.75,,3,4,30,0,26,0.566667,1.0,0.133333,1.0,0.235294,0.0,0.866667,0.066667,0.933333,60,4,56,0.433333
0.6,0.15,0.75,0.015,3,4,30,0,26,0.566667,1.0,0.133333,1.0,0.235294,0.0,0.866667,0.066667,0.933333,60,4,56,0.433333
0.6,0.15,0.75,0.02,3,4,30,0,26,0.566667,1.0,0.133333,1.0,0.235294,0.0,0.866667,0.066667,0.933333,60,4,56,0.433333
0.6,0.15,0.75,0.025,3,4,30,0,26,0.566667,1.0,0.133333,1.0,0.235294,0.0,0.866667,0.066667,0.933333,60,4,56,0.433333
0.6,0.15,0.75,0.03,2,4,30,0,26,0.566667,1.0,0.133333,1.0,0.235294,0.0,0.866667,0.066667,0.933333,60,4,56,0.433333
0.6,0.15,0.8,,3,4,30,0,26,0.566667,1.0,0.133333,1.0,0.235294,0.0,0.866667,0.066667,0.933333,60,4,56,0.433333
0.6,0.15,0.8,0.015,3,4,30,0,26,0.566667,1.0,0.133333,1.0,0.235294,0.0,0.866667,0.066667,0.933333,60,4,56,0.433333
0.6,0.15,0.8,0.02,3,4,30,0,26,0.566667,1.0,0.133333,1.0,0.235294,0.0,0.866667,0.066667,0.933333,60,4,56,0.433333
0.6,0.15,0.8,0.025,3,4,30,0,26,0.566667,1.0,0.133333,1.0,0.235294,0.0,0.866667,0.066667,0.933333,60,4,56,0.433333
0.6,0.15,0.8,0.03,2,4,30,0,26,0.566667,1.0,0.133333,1.0,0.235294,0.0,0.866667,0.066667,0.933333,60,4,56,0.433333
0.6,0.15,0.85,,2,4,30,0,26,0.566667,1.0,0.133333,1.0,0.235294,0.0,0.866667,0.066667,0.933333,60,4,56,0.433333
0.6,0.15,0.85,0.015,2,4,30,0,26,0.566667,1.0,0.133333,1.0,0.235294,0.0,0.866667,0.066667,0.933333,60,4,56,0.433333
0.6,0.15,0.85,0.02,2,4,30,0,26,0.566667,1.0,0.133333,1.0,0.235294,0.0,0.866667,0.066667,0.933333,60,4,56,0.433333
0.6,0.15,0.85,0.025,2,4,30,0,26,0.566667,1.0,0.133333,1.0,0.235294,0.0,0.866667,0.066667,0.933333,60,4,56,0.433333
0.7,0.1,,0.03,3,4,30,0,26,0.566667,1.0,0.133333,1.0,0.235294,0.0,0.866667,0.066667,0.933333,60,4,56,0.433333
0.7,0.1,0.65,0.03,3,4,30,0,26,0.566667,1.0,0.133333,1.0,0.235294,0.0,0.866667,0.066667,0.933333,60,4,56,0.433333
0.7,0.1,0.7,0.03,3,4,30,0,26,0.566667,1.0,0.133333,1.0,0.235294,0.0,0.866667,0.066667,0.933333,60,4,56,0.433333
0.7,0.1,0.75,0.03,3,4,30,0,26,0.566667,1.0,0.133333,1.0,0.235294,0.0,0.866667,0.066667,0.933333,60,4,56,0.433333
0.7,0.1,0.8,0.03,3,4,30,0,26,0.566667,1.0,0.133333,1.0,0.235294,0.0,0.866667,0.066667,0.933333,60,4,56,0.433333
0.7,0.1,0.85,,3,4,30,0,26,0.566667,1.0,0.133333,1.0,0.235294,0.0,0.866667,0.066667,0.933333,60,4,56,0.433333
0.7,0.1,0.85,0.015,3,4,30,0,26,0.566667,1.0,0.133333,1.0,0.235294,0.0,0.866667,0.066667,0.933333,60,4,56,0.433333
0.7,0.1,0.85,0.02,3,4,30,0,26,0.566667,1.0,0.133333,1.0,0.235294,0.0,0.866667,0.066667,0.933333,60,4,56,0.433333
0.7,0.1,0.85,0.025,3,4,30,0,26,0.566667,1.0,0.133333,1.0,0.235294,0.0,0.866667,0.066667,0.933333,60,4,56,0.433333
0.7,0.15,,,3,4,30,0,26,0.566667,1.0,0.133333,1.0,0.235294,0.0,0.866667,0.066667,0.933333,60,4,56,0.433333
0.7,0.15,,0.015,3,4,30,0,26,0.566667,1.0,0.133333,1.0,0.235294,0.0,0.866667,0.066667,0.933333,60,4,56,0.433333
0.7,0.15,,0.02,3,4,30,0,26,0.566667,1.0,0.133333,1.0,0.235294,0.0,0.866667,0.066667,0.933333,60,4,56,0.433333
0.7,0.15,,0.025,3,4,30,0,26,0.566667,1.0,0.133333,1.0,0.235294,0.0,0.866667,0.066667,0.933333,60,4,56,0.433333
0.7,0.15,,0.03,2,4,30,0,26,0.566667,1.0,0.133333,1.0,0.235294,0.0,0.866667,0.066667,0.933333,60,4,56,0.433333
0.7,0.15,0.65,,3,4,30,0,26,0.566667,1.0,0.133333,1.0,0.235294,0.0,0.866667,0.066667,0.933333,60,4,56,0.433333
0.7,0.15,0.65,0.015,3,4,30,0,26,0.566667,1.0,0.133333,1.0,0.235294,0.0,0.866667,0.066667,0.933333,60,4,56,0.433333
0.7,0.15,0.65,0.02,3,4,30,0,26,0.566667,1.0,0.133333,1.0,0.235294,0.0,0.866667,0.066667,0.933333,60,4,56,0.433333
0.7,0.15,0.65,0.025,3,4,30,0,26,0.566667,1.0,0.133333,1.0,0.235294,0.0,0.866667,0.066667,0.933333,60,4,56,0.433333
0.7,0.15,0.65,0.03,2,4,30,0,26,0.566667,1.0,0.133333,1.0,0.235294,0.0,0.866667,0.066667,0.933333,60,4,56,0.433333
0.7,0.15,0.7,,3,4,30,0,26,0.566667,1.0,0.133333,1.0,0.235294,0.0,0.866667,0.066667,0.933333,60,4,56,0.433333
0.7,0.15,0.7,0.015,3,4,30,0,26,0.566667,1.0,0.133333,1.0,0.235294,0.0,0.866667,0.066667,0.933333,60,4,56,0.433333
0.7,0.15,0.7,0.02,3,4,30,0,26,0.566667,1.0,0.133333,1.0,0.235294,0.0,0.866667,0.066667,0.933333,60,4,56,0.433333
0.7,0.15,0.7,0.025,3,4,30,0,26,0.566667,1.0,0.133333,1.0,0.235294,0.0,0.866667,0.066667,0.933333,60,4,56,0.433333
0.7,0.15,0.7,0.03,2,4,30,0,26,0.566667,1.0,0.133333,1.0,0.235294,0.0,0.866667,0.066667,0.933333,60,4,56,0.433333
0.7,0.15,0.75,,3,4,30,0,26,0.566667,1.0,0.133333,1.0,0.235294,0.0,0.866667,0.066667,0.933333,60,4,56,0.433333
0.7,0.15,0.75,0.015,3,4,30,0,26,0.566667,1.0,0.133333,1.0,0.235294,0.0,0.866667,0.066667,0.933333,60,4,56,0.433333
0.7,0.15,0.75,0.02,3,4,30,0,26,0.566667,1.0,0.133333,1.0,0.235294,0.0,0.866667,0.066667,0.933333,60,4,56,0.433333
0.7,0.15,0.75,0.025,3,4,30,0,26,0.566667,1.0,0.133333,1.0,0.235294,0.0,0.866667,0.066667,0.933333,60,4,56,0.433333
0.7,0.15,0.75,0.03,2,4,30,0,26,0.566667,1.0,0.133333,1.0,0.235294,0.0,0.866667,0.066667,0.933333,60,4,56,0.433333
0.7,0.15,0.8,,3,4,30,0,26,0.566667,1.0,0.133333,1.0,0.235294,0.0,0.866667,0.066667,0.933333,60,4,56,0.433333
0.7,0.15,0.8,0.015,3,4,30,0,26,0.566667,1.0,0.133333,1.0,0.235294,0.0,0.866667,0.066667,0.933333,60,4,56,0.433333
0.7,0.15,0.8,0.02,3,4,30,0,26,0.566667,1.0,0.133333,1.0,0.235294,0.0,0.866667,0.066667,0.933333,60,4,56,0.433333
0.7,0.15,0.8,0.025,3,4,30,0,26,0.566667,1.0,0.133333,1.0,0.235294,0.0,0.866667,0.066667,0.933333,60,4,56,0.433333
0.7,0.15,0.8,0.03,2,4,30,0,26,0.566667,1.0,0.133333,1.0,0.235294,0.0,0.866667,0.066667,0.933333,60,4,56,0.433333
0.7,0.15,0.85,,2,4,30,0,26,0.566667,1.0,0.133333,1.0,0.235294,0.0,0.866667,0.066667,0.933333,60,4,56,0.433333
0.7,0.15,0.85,0.015,2,4,30,0,26,0.566667,1.0,0.133333,1.0,0.235294,0.0,0.866667,0.066667,0.933333,60,4,56,0.433333
0.7,0.15,0.85,0.02,2,4,30,0,26,0.566667,1.0,0.133333,1.0,0.235294,0.0,0.866667,0.066667,0.933333,60,4,56,0.433333
0.7,0.15,0.85,0.025,2,4,30,0,26,0.566667,1.0,0.133333,1.0,0.235294,0.0,0.866667,0.066667,0.933333,60,4,56,0.433333
0.75,0.1,,0.03,3,4,30,0,26,0.566667,1.0,0.133333,1.0,0.235294,0.0,0.866667,0.066667,0.933333,60,4,56,0.433333
0.75,0.1,0.65,0.03,3,4,30,0,26,0.566667,1.0,0.133333,1.0,0.235294,0.0,0.866667,0.066667,0.933333,60,4,56,0.433333
0.75,0.1,0.7,0.03,3,4,30,0,26,0.566667,1.0,0.133333,1.0,0.235294,0.0,0.866667,0.066667,0.933333,60,4,56,0.433333
0.75,0.1,0.75,0.03,3,4,30,0,26,0.566667,1.0,0.133333,1.0,0.235294,0.0,0.866667,0.066667,0.933333,60,4,56,0.433333
0.75,0.1,0.8,0.03,3,4,30,0,26,0.566667,1.0,0.133333,1.0,0.235294,0.0,0.866667,0.066667,0.933333,60,4,56,0.433333
0.75,0.1,0.85,,3,4,30,0,26,0.566667,1.0,0.133333,1.0,0.235294,0.0,0.866667,0.066667,0.933333,60,4,56,0.433333
0.75,0.1,0.85,0.015,3,4,30,0,26,0.566667,1.0,0.133333,1.0,0.235294,0.0,0.866667,0.066667,0.933333,60,4,56,0.433333
0.75,0.1,0.85,0.02,3,4,30,0,26,0.566667,1.0,0.133333,1.0,0.235294,0.0,0.866667,0.066667,0.933333,60,4,56,0.433333
0.75,0.1,0.85,0.025,3,4,30,0,26,0.566667,1.0,0.133333,1.0,0.235294,0.0,0.866667,0.066667,0.933333,60,4,56,0.433333
0.75,0.15,,,3,4,30,0,26,0.566667,1.0,0.133333,1.0,0.235294,0.0,0.866667,0.066667,0.933333,60,4,56,0.433333
0.75,0.15,,0.015,3,4,30,0,26,0.566667,1.0,0.133333,1.0,0.235294,0.0,0.866667,0.066667,0.933333,60,4,56,0.433333
0.75,0.15,,0.02,3,4,30,0,26,0.566667,1.0,0.133333,1.0,0.235294,0.0,0.866667,0.066667,0.933333,60,4,56,0.433333
0.75,0.15,,0.025,3,4,30,0,26,0.566667,1.0,0.133333,1.0,0.235294,0.0,0.866667,0.066667,0.933333,60,4,56,0.433333
0.75,0.15,,0.03,2,4,30,0,26,0.566667,1.0,0.133333,1.0,0.235294,0.0,0.866667,0.066667,0.933333,60,4,56,0.433333
0.75,0.15,0.65,,3,4,30,0,26,0.566667,1.0,0.133333,1.0,0.235294,0.0,0.866667,0.066667,0.933333,60,4,56,0.433333
0.75,0.15,0.65,0.015,3,4,30,0,26,0.566667,1.0,0.133333,1.0,0.235294,0.0,0.866667,0.066667,0.933333,60,4,56,0.433333
0.75,0.15,0.65,0.02,3,4,30,0,26,0.566667,1.0,0.133333,1.0,0.235294,0.0,0.866667,0.066667,0.933333,60,4,56,0.433333
0.75,0.15,0.65,0.025,3,4,30,0,26,0.566667,1.0,0.133333,1.0,0.235294,0.0,0.866667,0.066667,0.933333,60,4,56,0.433333
0.75,0.15,0.65,0.03,2,4,30,0,26,0.566667,1.0,0.133333,1.0,0.235294,0.0,0.866667,0.066667,0.933333,60,4,56,0.433333
0.75,0.15,0.7,,3,4,30,0,26,0.566667,1.0,0.133333,1.0,0.235294,0.0,0.866667,0.066667,0.933333,60,4,56,0.433333
0.75,0.15,0.7,0.015,3,4,30,0,26,0.566667,1.0,0.133333,1.0,0.235294,0.0,0.866667,0.066667,0.933333,60,4,56,0.433333
0.75,0.15,0.7,0.02,3,4,30,0,26,0.566667,1.0,0.133333,1.0,0.235294,0.0,0.866667,0.066667,0.933333,60,4,56,0.433333
0.75,0.15,0.7,0.025,3,4,30,0,26,0.566667,1.0,0.133333,1.0,0.235294,0.0,0.866667,0.066667,0.933333,60,4,56,0.433333
0.75,0.15,0.7,0.03,2,4,30,0,26,0.566667,1.0,0.133333,1.0,0.235294,0.0,0.866667,0.066667,0.933333,60,4,56,0.433333
0.75,0.15,0.75,,3,4,30,0,26,0.566667,1.0,0.133333,1.0,0.235294,0.0,0.866667,0.066667,0.933333,60,4,56,0.433333
0.75,0.15,0.75,0.015,3,4,30,0,26,0.566667,1.0,0.133333,1.0,0.235294,0.0,0.866667,0.066667,0.933333,60,4,56,0.433333
0.75,0.15,0.75,0.02,3,4,30,0,26,0.566667,1.0,0.133333,1.0,0.235294,0.0,0.866667,0.066667,0.933333,60,4,56,0.433333
0.75,0.15,0.75,0.025,3,4,30,0,26,0.566667,1.0,0.133333,1.0,0.235294,0.0,0.866667,0.066667,0.933333,60,4,56,0.433333
0.75,0.15,0.75,0.03,2,4,30,0,26,0.566667,1.0,0.133333,1.0,0.235294,0.0,0.866667,0.066667,0.933333,60,4,56,0.433333
0.75,0.15,0.8,,3,4,30,0,26,0.566667,1.0,0.133333,1.0,0.235294,0.0,0.866667,0.066667,0.933333,60,4,56,0.433333
0.75,0.15,0.8,0.015,3,4,30,0,26,0.566667,1.0,0.133333,1.0,0.235294,0.0,0.866667,0.066667,0.933333,60,4,56,0.433333
0.75,0.15,0.8,0.02,3,4,30,0,26,0.566667,1.0,0.133333,1.0,0.235294,0.0,0.866667,0.066667,0.933333,60,4,56,0.433333
0.75,0.15,0.8,0.025,3,4,30,0,26,0.566667,1.0,0.133333,1.0,0.235294,0.0,0.866667,0.066667,0.933333,60,4,56,0.433333
0.75,0.15,0.8,0.03,2,4,30,0,26,0.566667,1.0,0.133333,1.0,0.235294,0.0,0.866667,0.066667,0.933333,60,4,56,0.433333
0.75,0.15,0.85,,2,4,30,0,26,0.566667,1.0,0.133333,1.0,0.235294,0.0,0.866667,0.066667,0.933333,60,4,56,0.433333
0.75,0.15,0.85,0.015,2,4,30,0,26,0.566667,1.0,0.133333,1.0,0.235294,0.0,0.866667,0.066667,0.933333,60,4,56,0.433333
0.75,0.15,0.85,0.02,2,4,30,0,26,0.566667,1.0,0.133333,1.0,0.235294,0.0,0.866667,0.066667,0.933333,60,4,56,0.433333
0.75,0.15,0.85,0.025,2,4,30,0,26,0.566667,1.0,0.133333,1.0,0.235294,0.0,0.866667,0.066667,0.933333,60,4,56,0.433333
0.8,0.1,,,3,4,30,0,26,0.566667,1.0,0.133333,1.0,0.235294,0.0,0.866667,0.066667,0.933333,60,4,56,0.433333
0.8,0.1,,0.015,3,4,30,0,26,0.566667,1.0,0.133333,1.0,0.235294,0.0,0.866667,0.066667,0.933333,60,4,56,0.433333
0.8,0.1,,0.02,3,4,30,0,26,0.566667,1.0,0.133333,1.0,0.235294,0.0,0.866667,0.066667,0.933333,60,4,56,0.433333
0.8,0.1,,0.025,3,4,30,0,26,0.566667,1.0,0.133333,1.0,0.235294,0.0,0.866667,0.066667,0.933333,60,4,56,0.433333
0.8,0.1,,0.03,3,4,30,0,26,0.566667,1.0,0.133333,1.0,0.235294,0.0,0.866667,0.066667,0.933333,60,4,56,0.433333
0.8,0.1,0.65,,3,4,30,0,26,0.566667,1.0,0.133333,1.0,0.235294,0.0,0.866667,0.066667,0.933333,60,4,56,0.433333
0.8,0.1,0.65,0.015,3,4,30,0,26,0.566667,1.0,0.133333,1.0,0.235294,0.0,0.866667,0.066667,0.933333,60,4,56,0.433333
0.8,0.1,0.65,0.02,3,4,30,0,26,0.566667,1.0,0.133333,1.0,0.235294,0.0,0.866667,0.066667,0.933333,60,4,56,0.433333
0.8,0.1,0.65,0.025,3,4,30,0,26,0.566667,1.0,0.133333,1.0,0.235294,0.0,0.866667,0.066667,0.933333,60,4,56,0.433333
0.8,0.1,0.65,0.03,3,4,30,0,26,0.566667,1.0,0.133333,1.0,0.235294,0.0,0.866667,0.066667,0.933333,60,4,56,0.433333
0.8,0.1,0.7,,3,4,30,0,26,0.566667,1.0,0.133333,1.0,0.235294,0.0,0.866667,0.066667,0.933333,60,4,56,0.433333
0.8,0.1,0.7,0.015,3,4,30,0,26,0.566667,1.0,0.133333,1.0,0.235294,0.0,0.866667,0.066667,0.933333,60,4,56,0.433333
0.8,0.1,0.7,0.02,3,4,30,0,26,0.566667,1.0,0.133333,1.0,0.235294,0.0,0.866667,0.066667,0.933333,60,4,56,0.433333
0.8,0.1,0.7,0.025,3,4,30,0,26,0.566667,1.0,0.133333,1.0,0.235294,0.0,0.866667,0.066667,0.933333,60,4,56,0.433333
0.8,0.1,0.7,0.03,3,4,30,0,26,0.566667,1.0,0.133333,1.0,0.235294,0.0,0.866667,0.066667,0.933333,60,4,56,0.433333
0.8,0.1,0.75,,3,4,30,0,26,0.566667,1.0,0.133333,1.0,0.235294,0.0,0.866667,0.066667,0.933333,60,4,56,0.433333
0.8,0.1,0.75,0.015,3,4,30,0,26,0.566667,1.0,0.133333,1.0,0.235294,0.0,0.866667,0.066667,0.933333,60,4,56,0.433333
0.8,0.1,0.75,0.02,3,4,30,0,26,0.566667,1.0,0.133333,1.0,0.235294,0.0,0.866667,0.066667,0.933333,60,4,56,0.433333
0.8,0.1,0.75,0.025,3,4,30,0,26,0.566667,1.0,0.133333,1.0,0.235294,0.0,0.866667,0.066667,0.933333,60,4,56,0.433333
0.8,0.1,0.75,0.03,3,4,30,0,26,0.566667,1.0,0.133333,1.0,0.235294,0.0,0.866667,0.066667,0.933333,60,4,56,0.433333
0.8,0.1,0.8,,3,4,30,0,26,0.566667,1.0,0.133333,1.0,0.235294,0.0,0.866667,0.066667,0.933333,60,4,56,0.433333
0.8,0.1,0.8,0.015,3,4,30,0,26,0.566667,1.0,0.133333,1.0,0.235294,0.0,0.866667,0.066667,0.933333,60,4,56,0.433333
0.8,0.1,0.8,0.02,3,4,30,0,26,0.566667,1.0,0.133333,1.0,0.235294,0.0,0.866667,0.066667,0.933333,60,4,56,0.433333
0.8,0.1,0.8,0.025,3,4,30,0,26,0.566667,1.0,0.133333,1.0,0.235294,0.0,0.866667,0.066667,0.933333,60,4,56,0.433333
0.8,0.1,0.8,0.03,3,4,30,0,26,0.566667,1.0,0.133333,1.0,0.235294,0.0,0.866667,0.066667,0.933333,60,4,56,0.433333
0.8,0.15,,0.015,2,4,30,0,26,0.566667,1.0,0.133333,1.0,0.235294,0.0,0.866667,0.066667,0.933333,60,4,56,0.433333
0.8,0.15,,0.02,2,4,30,0,26,0.566667,1.0,0.133333,1.0,0.235294,0.0,0.866667,0.066667,0.933333,60,4,56,0.433333
0.8,0.15,,0.025,2,4,30,0,26,0.566667,1.0,0.133333,1.0,0.235294,0.0,0.866667,0.066667,0.933333,60,4,56,0.433333
0.8,0.15,,0.03,2,4,30,0,26,0.566667,1.0,0.133333,1.0,0.235294,0.0,0.866667,0.066667,0.933333,60,4,56,0.433333
0.8,0.15,0.65,0.015,2,4,30,0,26,0.566667,1.0,0.133333,1.0,0.235294,0.0,0.866667,0.066667,0.933333,60,4,56,0.433333
0.8,0.15,0.65,0.02,2,4,30,0,26,0.566667,1.0,0.133333,1.0,0.235294,0.0,0.866667,0.066667,0.933333,60,4,56,0.433333
0.8,0.15,0.65,0.025,2,4,30,0,26,0.566667,1.0,0.133333,1.0,0.235294,0.0,0.866667,0.066667,0.933333,60,4,56,0.433333
0.8,0.15,0.65,0.03,2,4,30,0,26,0.566667,1.0,0.133333,1.0,0.235294,0.0,0.866667,0.066667,0.933333,60,4,56,0.433333
0.8,0.15,0.7,0.015,2,4,30,0,26,0.566667,1.0,0.133333,1.0,0.235294,0.0,0.866667,0.066667,0.933333,60,4,56,0.433333
0.8,0.15,0.7,0.02,2,4,30,0,26,0.566667,1.0,0.133333,1.0,0.235294,0.0,0.866667,0.066667,0.933333,60,4,56,0.433333
0.8,0.15,0.7,0.025,2,4,30,0,26,0.566667,1.0,0.133333,1.0,0.235294,0.0,0.866667,0.066667,0.933333,60,4,56,0.433333
0.8,0.15,0.7,0.03,2,4,30,0,26,0.566667,1.0,0.133333,1.0,0.235294,0.0,0.866667,0.066667,0.933333,60,4,56,0.433333
0.8,0.15,0.75,,2,4,30,0,26,0.566667,1.0,0.133333,1.0,0.235294,0.0,0.866667,0.066667,0.933333,60,4,56,0.433333
0.8,0.15,0.75,0.015,2,4,30,0,26,0.566667,1.0,0.133333,1.0,0.235294,0.0,0.866667,0.066667,0.933333,60,4,56,0.433333
0.8,0.15,0.75,0.02,2,4,30,0,26,0.566667,1.0,0.133333,1.0,0.235294,0.0,0.866667,0.066667,0.933333,60,4,56,0.433333
0.8,0.15,0.75,0.025,2,4,30,0,26,0.566667,1.0,0.133333,1.0,0.235294,0.0,0.866667,0.066667,0.933333,60,4,56,0.433333
0.8,0.15,0.75,0.03,2,4,30,0,26,0.566667,1.0,0.133333,1.0,0.235294,0.0,0.866667,0.066667,0.933333,60,4,56,0.433333
0.8,0.15,0.8,,2,4,30,0,26,0.566667,1.0,0.133333,1.0,0.235294,0.0,0.866667,0.066667,0.933333,60,4,56,0.433333
0.8,0.15,0.8,0.015,2,4,30,0,26,0.566667,1.0,0.133333,1.0,0.235294,0.0,0.866667,0.066667,0.933333,60,4,56,0.433333
0.8,0.15,0.8,0.02,2,4,30,0,26,0.566667,1.0,0.133333,1.0,0.235294,0.0,0.866667,0.066667,0.933333,60,4,56,0.433333
0.8,0.15,0.8,0.025,2,4,30,0,26,0.566667,1.0,0.133333,1.0,0.235294,0.0,0.866667,0.066667,0.933333,60,4,56,0.433333
0.8,0.15,0.8,0.03,2,4,30,0,26,0.566667,1.0,0.133333,1.0,0.235294,0.0,0.866667,0.066667,0.933333,60,4,56,0.433333
0.85,0.1,,,3,4,30,0,26,0.566667,1.0,0.133333,1.0,0.235294,0.0,0.866667,0.066667,0.933333,60,4,56,0.433333
0.85,0.1,,0.015,3,4,30,0,26,0.566667,1.0,0.133333,1.0,0.235294,0.0,0.866667,0.066667,0.933333,60,4,56,0.433333
0.85,0.1,,0.02,3,4,30,0,26,0.566667,1.0,0.133333,1.0,0.235294,0.0,0.866667,0.066667,0.933333,60,4,56,0.433333
0.85,0.1,,0.025,3,4,30,0,26,0.566667,1.0,0.133333,1.0,0.235294,0.0,0.866667,0.066667,0.933333,60,4,56,0.433333
0.85,0.1,,0.03,3,4,30,0,26,0.566667,1.0,0.133333,1.0,0.235294,0.0,0.866667,0.066667,0.933333,60,4,56,0.433333
0.85,0.1,0.65,,3,4,30,0,26,0.566667,1.0,0.133333,1.0,0.235294,0.0,0.866667,0.066667,0.933333,60,4,56,0.433333
0.85,0.1,0.65,0.015,3,4,30,0,26,0.566667,1.0,0.133333,1.0,0.235294,0.0,0.866667,0.066667,0.933333,60,4,56,0.433333
0.85,0.1,0.65,0.02,3,4,30,0,26,0.566667,1.0,0.133333,1.0,0.235294,0.0,0.866667,0.066667,0.933333,60,4,56,0.433333
0.85,0.1,0.65,0.025,3,4,30,0,26,0.566667,1.0,0.133333,1.0,0.235294,0.0,0.866667,0.066667,0.933333,60,4,56,0.433333
0.85,0.1,0.65,0.03,3,4,30,0,26,0.566667,1.0,0.133333,1.0,0.235294,0.0,0.866667,0.066667,0.933333,60,4,56,0.433333
0.85,0.1,0.7,,3,4,30,0,26,0.566667,1.0,0.133333,1.0,0.235294,0.0,0.866667,0.066667,0.933333,60,4,56,0.433333
0.85,0.1,0.7,0.015,3,4,30,0,26,0.566667,1.0,0.133333,1.0,0.235294,0.0,0.866667,0.066667,0.933333,60,4,56,0.433333
0.85,0.1,0.7,0.02,3,4,30,0,26,0.566667,1.0,0.133333,1.0,0.235294,0.0,0.866667,0.066667,0.933333,60,4,56,0.433333
0.85,0.1,0.7,0.025,3,4,30,0,26,0.566667,1.0,0.133333,1.0,0.235294,0.0,0.866667,0.066667,0.933333,60,4,56,0.433333
0.85,0.1,0.7,0.03,3,4,30,0,26,0.566667,1.0,0.133333,1.0,0.235294,0.0,0.866667,0.066667,0.933333,60,4,56,0.433333
0.85,0.1,0.75,,3,4,30,0,26,0.566667,1.0,0.133333,1.0,0.235294,0.0,0.866667,0.066667,0.933333,60,4,56,0.433333
0.85,0.1,0.75,0.015,3,4,30,0,26,0.566667,1.0,0.133333,1.0,0.235294,0.0,0.866667,0.066667,0.933333,60,4,56,0.433333
0.85,0.1,0.75,0.02,3,4,30,0,26,0.566667,1.0,0.133333,1.0,0.235294,0.0,0.866667,0.066667,0.933333,60,4,56,0.433333
0.85,0.1,0.75,0.025,3,4,30,0,26,0.566667,1.0,0.133333,1.0,0.235294,0.0,0.866667,0.066667,0.933333,60,4,56,0.433333
0.85,0.1,0.75,0.03,3,4,30,0,26,0.566667,1.0,0.133333,1.0,0.235294,0.0,0.866667,0.066667,0.933333,60,4,56,0.433333
0.85,0.1,0.8,,3,4,30,0,26,0.566667,1.0,0.133333,1.0,0.235294,0.0,0.866667,0.066667,0.933333,60,4,56,0.433333
0.85,0.1,0.8,0.015,3,4,30,0,26,0.566667,1.0,0.133333,1.0,0.235294,0.0,0.866667,0.066667,0.933333,60,4,56,0.433333
0.85,0.1,0.8,0.02,3,4,30,0,26,0.566667,1.0,0.133333,1.0,0.235294,0.0,0.866667,0.066667,0.933333,60,4,56,0.433333
0.85,0.1,0.8,0.025,3,4,30,0,26,0.566667,1.0,0.133333,1.0,0.235294,0.0,0.866667,0.066667,0.933333,60,4,56,0.433333
0.85,0.1,0.8,0.03,3,4,30,0,26,0.566667,1.0,0.133333,1.0,0.235294,0.0,0.866667,0.066667,0.933333,60,4,56,0.433333
0.85,0.1,0.85,,2,4,30,0,26,0.566667,1.0,0.133333,1.0,0.235294,0.0,0.866667,0.066667,0.933333,60,4,56,0.433333
0.85,0.1,0.85,0.015,2,4,30,0,26,0.566667,1.0,0.133333,1.0,0.235294,0.0,0.866667,0.066667,0.933333,60,4,56,0.433333
0.85,0.1,0.85,0.02,2,4,30,0,26,0.566667,1.0,0.133333,1.0,0.235294,0.0,0.866667,0.066667,0.933333,60,4,56,0.433333
0.85,0.1,0.85,0.025,2,4,30,0,26,0.566667,1.0,0.133333,1.0,0.235294,0.0,0.866667,0.066667,0.933333,60,4,56,0.433333
0.85,0.1,0.85,0.03,2,4,30,0,26,0.566667,1.0,0.133333,1.0,0.235294,0.0,0.866667,0.066667,0.933333,60,4,56,0.433333
0.85,0.15,,0.015,2,4,30,0,26,0.566667,1.0,0.133333,1.0,0.235294,0.0,0.866667,0.066667,0.933333,60,4,56,0.433333
0.85,0.15,,0.02,2,4,30,0,26,0.566667,1.0,0.133333,1.0,0.235294,0.0,0.866667,0.066667,0.933333,60,4,56,0.433333
0.85,0.15,,0.025,2,4,30,0,26,0.566667,1.0,0.133333,1.0,0.235294,0.0,0.866667,0.066667,0.933333,60,4,56,0.433333
0.85,0.15,,0.03,2,4,30,0,26,0.566667,1.0,0.133333,1.0,0.235294,0.0,0.866667,0.066667,0.933333,60,4,56,0.433333
0.85,0.15,0.65,0.015,2,4,30,0,26,0.566667,1.0,0.133333,1.0,0.235294,0.0,0.866667,0.066667,0.933333,60,4,56,0.433333
0.85,0.15,0.65,0.02,2,4,30,0,26,0.566667,1.0,0.133333,1.0,0.235294,0.0,0.866667,0.066667,0.933333,60,4,56,0.433333
0.85,0.15,0.65,0.025,2,4,30,0,26,0.566667,1.0,0.133333,1.0,0.235294,0.0,0.866667,0.066667,0.933333,60,4,56,0.433333
0.85,0.15,0.65,0.03,2,4,30,0,26,0.566667,1.0,0.133333,1.0,0.235294,0.0,0.866667,0.066667,0.933333,60,4,56,0.433333
0.85,0.15,0.7,0.015,2,4,30,0,26,0.566667,1.0,0.133333,1.0,0.235294,0.0,0.866667,0.066667,0.933333,60,4,56,0.433333
0.85,0.15,0.7,0.02,2,4,30,0,26,0.566667,1.0,0.133333,1.0,0.235294,0.0,0.866667,0.066667,0.933333,60,4,56,0.433333
0.85,0.15,0.7,0.025,2,4,30,0,26,0.566667,1.0,0.133333,1.0,0.235294,0.0,0.866667,0.066667,0.933333,60,4,56,0.433333
0.85,0.15,0.7,0.03,2,4,30,0,26,0.566667,1.0,0.133333,1.0,0.235294,0.0,0.866667,0.066667,0.933333,60,4,56,0.433333
0.85,0.15,0.75,,2,4,30,0,26,0.566667,1.0,0.133333,1.0,0.235294,0.0,0.866667,0.066667,0.933333,60,4,56,0.433333
0.85,0.15,0.75,0.015,2,4,30,0,26,0.566667,1.0,0.133333,1.0,0.235294,0.0,0.866667,0.066667,0.933333,60,4,56,0.433333
0.85,0.15,0.75,0.02,2,4,30,0,26,0.566667,1.0,0.133333,1.0,0.235294,0.0,0.866667,0.066667,0.933333,60,4,56,0.433333
0.85,0.15,0.75,0.025,2,4,30,0,26,0.566667,1.0,0.133333,1.0,0.235294,0.0,0.866667,0.066667,0.933333,60,4,56,0.433333
0.85,0.15,0.75,0.03,2,4,30,0,26,0.566667,1.0,0.133333,1.0,0.235294,0.0,0.866667,0.066667,0.933333,60,4,56,0.433333
0.85,0.15,0.8,,2,4,30,0,26,0.566667,1.0,0.133333,1.0,0.235294,0.0,0.866667,0.066667,0.933333,60,4,56,0.433333
0.85,0.15,0.8,0.015,2,4,30,0,26,0.566667,1.0,0.133333,1.0,0.235294,0.0,0.866667,0.066667,0.933333,60,4,56,0.433333
0.85,0.15,0.8,0.02,2,4,30,0,26,0.566667,1.0,0.133333,1.0,0.235294,0.0,0.866667,0.066667,0.933333,60,4,56,0.433333
0.85,0.15,0.8,0.025,2,4,30,0,26,0.566667,1.0,0.133333,1.0,0.235294,0.0,0.866667,0.066667,0.933333,60,4,56,0.433333
0.85,0.15,0.8,0.03,2,4,30,0,26,0.566667,1.0,0.133333,1.0,0.235294,0.0,0.866667,0.066667,0.933333,60,4,56,0.433333
0.9,0.1,,,3,4,30,0,26,0.566667,1.0,0.133333,1.0,0.235294,0.0,0.866667,0.066667,0.933333,60,4,56,0.433333
0.9,0.1,,0.015,3,4,30,0,26,0.566667,1.0,0.133333,1.0,0.235294,0.0,0.866667,0.066667,0.933333,60,4,56,0.433333
0.9,0.1,,0.02,3,4,30,0,26,0.566667,1.0,0.133333,1.0,0.235294,0.0,0.866667,0.066667,0.933333,60,4,56,0.433333
0.9,0.1,,0.025,3,4,30,0,26,0.566667,1.0,0.133333,1.0,0.235294,0.0,0.866667,0.066667,0.933333,60,4,56,0.433333
0.9,0.1,,0.03,3,4,30,0,26,0.566667,1.0,0.133333,1.0,0.235294,0.0,0.866667,0.066667,0.933333,60,4,56,0.433333
0.9,0.1,0.65,,3,4,30,0,26,0.566667,1.0,0.133333,1.0,0.235294,0.0,0.866667,0.066667,0.933333,60,4,56,0.433333
0.9,0.1,0.65,0.015,3,4,30,0,26,0.566667,1.0,0.133333,1.0,0.235294,0.0,0.866667,0.066667,0.933333,60,4,56,0.433333
0.9,0.1,0.65,0.02,3,4,30,0,26,0.566667,1.0,0.133333,1.0,0.235294,0.0,0.866667,0.066667,0.933333,60,4,56,0.433333
0.9,0.1,0.65,0.025,3,4,30,0,26,0.566667,1.0,0.133333,1.0,0.235294,0.0,0.866667,0.066667,0.933333,60,4,56,0.433333
0.9,0.1,0.65,0.03,3,4,30,0,26,0.566667,1.0,0.133333,1.0,0.235294,0.0,0.866667,0.066667,0.933333,60,4,56,0.433333
0.9,0.1,0.7,,3,4,30,0,26,0.566667,1.0,0.133333,1.0,0.235294,0.0,0.866667,0.066667,0.933333,60,4,56,0.433333
0.9,0.1,0.7,0.015,3,4,30,0,26,0.566667,1.0,0.133333,1.0,0.235294,0.0,0.866667,0.066667,0.933333,60,4,56,0.433333
0.9,0.1,0.7,0.02,3,4,30,0,26,0.566667,1.0,0.133333,1.0,0.235294,0.0,0.866667,0.066667,0.933333,60,4,56,0.433333
0.9,0.1,0.7,0.025,3,4,30,0,26,0.566667,1.0,0.133333,1.0,0.235294,0.0,0.866667,0.066667,0.933333,60,4,56,0.433333
0.9,0.1,0.7,0.03,3,4,30,0,26,0.566667,1.0,0.133333,1.0,0.235294,0.0,0.866667,0.066667,0.933333,60,4,56,0.433333
0.9,0.1,0.75,,3,4,30,0,26,0.566667,1.0,0.133333,1.0,0.235294,0.0,0.866667,0.066667,0.933333,60,4,56,0.433333
0.9,0.1,0.75,0.015,3,4,30,0,26,0.566667,1.0,0.133333,1.0,0.235294,0.0,0.866667,0.066667,0.933333,60,4,56,0.433333
0.9,0.1,0.75,0.02,3,4,30,0,26,0.566667,1.0,0.133333,1.0,0.235294,0.0,0.866667,0.066667,0.933333,60,4,56,0.433333
0.9,0.1,0.75,0.025,3,4,30,0,26,0.566667,1.0,0.133333,1.0,0.235294,0.0,0.866667,0.066667,0.933333,60,4,56,0.433333
0.9,0.1,0.75,0.03,3,4,30,0,26,0.566667,1.0,0.133333,1.0,0.235294,0.0,0.866667,0.066667,0.933333,60,4,56,0.433333
0.9,0.1,0.8,,3,4,30,0,26,0.566667,1.0,0.133333,1.0,0.235294,0.0,0.866667,0.066667,0.933333,60,4,56,0.433333
0.9,0.1,0.8,0.015,3,4,30,0,26,0.566667,1.0,0.133333,1.0,0.235294,0.0,0.866667,0.066667,0.933333,60,4,56,0.433333
0.9,0.1,0.8,0.02,3,4,30,0,26,0.566667,1.0,0.133333,1.0,0.235294,0.0,0.866667,0.066667,0.933333,60,4,56,0.433333
0.9,0.1,0.8,0.025,3,4,30,0,26,0.566667,1.0,0.133333,1.0,0.235294,0.0,0.866667,0.066667,0.933333,60,4,56,0.433333
0.9,0.1,0.8,0.03,3,4,30,0,26,0.566667,1.0,0.133333,1.0,0.235294,0.0,0.866667,0.066667,0.933333,60,4,56,0.433333
0.9,0.1,0.85,,2,4,30,0,26,0.566667,1.0,0.133333,1.0,0.235294,0.0,0.866667,0.066667,0.933333,60,4,56,0.433333
0.9,0.1,0.85,0.015,2,4,30,0,26,0.566667,1.0,0.133333,1.0,0.235294,0.0,0.866667,0.066667,0.933333,60,4,56,0.433333
0.9,0.1,0.85,0.02,2,4,30,0,26,0.566667,1.0,0.133333,1.0,0.235294,0.0,0.866667,0.066667,0.933333,60,4,56,0.433333
0.9,0.1,0.85,0.025,2,4,30,0,26,0.566667,1.0,0.133333,1.0,0.235294,0.0,0.866667,0.066667,0.933333,60,4,56,0.433333
0.9,0.1,0.85,0.03,2,4,30,0,26,0.566667,1.0,0.133333,1.0,0.235294,0.0,0.866667,0.066667,0.933333,60,4,56,0.433333
0.9,0.15,,0.015,2,4,30,0,26,0.566667,1.0,0.133333,1.0,0.235294,0.0,0.866667,0.066667,0.933333,60,4,56,0.433333
0.9,0.15,,0.02,2,4,30,0,26,0.566667,1.0,0.133333,1.0,0.235294,0.0,0.866667,0.066667,0.933333,60,4,56,0.433333
0.9,0.15,,0.025,2,4,30,0,26,0.566667,1.0,0.133333,1.0,0.235294,0.0,0.866667,0.066667,0.933333,60,4,56,0.433333
0.9,0.15,,0.03,2,4,30,0,26,0.566667,1.0,0.133333,1.0,0.235294,0.0,0.866667,0.066667,0.933333,60,4,56,0.433333
0.9,0.15,0.65,0.015,2,4,30,0,26,0.566667,1.0,0.133333,1.0,0.235294,0.0,0.866667,0.066667,0.933333,60,4,56,0.433333
0.9,0.15,0.65,0.02,2,4,30,0,26,0.566667,1.0,0.133333,1.0,0.235294,0.0,0.866667,0.066667,0.933333,60,4,56,0.433333
0.9,0.15,0.65,0.025,2,4,30,0,26,0.566667,1.0,0.133333,1.0,0.235294,0.0,0.866667,0.066667,0.933333,60,4,56,0.433333
0.9,0.15,0.65,0.03,2,4,30,0,26,0.566667,1.0,0.133333,1.0,0.235294,0.0,0.866667,0.066667,0.933333,60,4,56,0.433333
0.9,0.15,0.7,0.015,2,4,30,0,26,0.566667,1.0,0.133333,1.0,0.235294,0.0,0.866667,0.066667,0.933333,60,4,56,0.433333
0.9,0.15,0.7,0.02,2,4,30,0,26,0.566667,1.0,0.133333,1.0,0.235294,0.0,0.866667,0.066667,0.933333,60,4,56,0.433333
0.9,0.15,0.7,0.025,2,4,30,0,26,0.566667,1.0,0.133333,1.0,0.235294,0.0,0.866667,0.066667,0.933333,60,4,56,0.433333
0.9,0.15,0.7,0.03,2,4,30,0,26,0.566667,1.0,0.133333,1.0,0.235294,0.0,0.866667,0.066667,0.933333,60,4,56,0.433333
0.9,0.15,0.75,,2,4,30,0,26,0.566667,1.0,0.133333,1.0,0.235294,0.0,0.866667,0.066667,0.933333,60,4,56,0.433333
0.9,0.15,0.75,0.015,2,4,30,0,26,0.566667,1.0,0.133333,1.0,0.235294,0.0,0.866667,0.066667,0.933333,60,4,56,0.433333
0.9,0.15,0.75,0.02,2,4,30,0,26,0.566667,1.0,0.133333,1.0,0.235294,0.0,0.866667,0.066667,0.933333,60,4,56,0.433333
0.9,0.15,0.75,0.025,2,4,30,0,26,0.566667,1.0,0.133333,1.0,0.235294,0.0,0.866667,0.066667,0.933333,60,4,56,0.433333
0.9,0.15,0.75,0.03,2,4,30,0,26,0.566667,1.0,0.133333,1.0,0.235294,0.0,0.866667,0.066667,0.933333,60,4,56,0.433333
0.9,0.15,0.8,,2,4,30,0,26,0.566667,1.0,0.133333,1.0,0.235294,0.0,0.866667,0.066667,0.933333,60,4,56,0.433333
0.9,0.15,0.8,0.015,2,4,30,0,26,0.566667,1.0,0.133333,1.0,0.235294,0.0,0.866667,0.066667,0.933333,60,4,56,0.433333
0.9,0.15,0.8,0.02,2,4,30,0,26,0.566667,1.0,0.133333,1.0,0.235294,0.0,0.866667,0.066667,0.933333,60,4,56,0.433333
0.9,0.15,0.8,0.025,2,4,30,0,26,0.566667,1.0,0.133333,1.0,0.235294,0.0,0.866667,0.066667,0.933333,60,4,56,0.433333
0.9,0.15,0.8,0.03,2,4,30,0,26,0.566667,1.0,0.133333,1.0,0.235294,0.0,0.866667,0.066667,0.933333,60,4,56,0.433333
0.95,0.1,,,3,4,30,0,26,0.566667,1.0,0.133333,1.0,0.235294,0.0,0.866667,0.066667,0.933333,60,4,56,0.433333
0.95,0.1,,0.015,3,4,30,0,26,0.566667,1.0,0.133333,1.0,0.235294,0.0,0.866667,0.066667,0.933333,60,4,56,0.433333
0.95,0.1,,0.02,3,4,30,0,26,0.566667,1.0,0.133333,1.0,0.235294,0.0,0.866667,0.066667,0.933333,60,4,56,0.433333
0.95,0.1,,0.025,3,4,30,0,26,0.566667,1.0,0.133333,1.0,0.235294,0.0,0.866667,0.066667,0.933333,60,4,56,0.433333
0.95,0.1,,0.03,3,4,30,0,26,0.566667,1.0,0.133333,1.0,0.235294,0.0,0.866667,0.066667,0.933333,60,4,56,0.433333
0.95,0.1,0.65,,3,4,30,0,26,0.566667,1.0,0.133333,1.0,0.235294,0.0,0.866667,0.066667,0.933333,60,4,56,0.433333
0.95,0.1,0.65,0.015,3,4,30,0,26,0.566667,1.0,0.133333,1.0,0.235294,0.0,0.866667,0.066667,0.933333,60,4,56,0.433333
0.95,0.1,0.65,0.02,3,4,30,0,26,0.566667,1.0,0.133333,1.0,0.235294,0.0,0.866667,0.066667,0.933333,60,4,56,0.433333
0.95,0.1,0.65,0.025,3,4,30,0,26,0.566667,1.0,0.133333,1.0,0.235294,0.0,0.866667,0.066667,0.933333,60,4,56,0.433333
0.95,0.1,0.65,0.03,3,4,30,0,26,0.566667,1.0,0.133333,1.0,0.235294,0.0,0.866667,0.066667,0.933333,60,4,56,0.433333
0.95,0.1,0.7,,3,4,30,0,26,0.566667,1.0,0.133333,1.0,0.235294,0.0,0.866667,0.066667,0.933333,60,4,56,0.433333
0.95,0.1,0.7,0.015,3,4,30,0,26,0.566667,1.0,0.133333,1.0,0.235294,0.0,0.866667,0.066667,0.933333,60,4,56,0.433333
0.95,0.1,0.7,0.02,3,4,30,0,26,0.566667,1.0,0.133333,1.0,0.235294,0.0,0.866667,0.066667,0.933333,60,4,56,0.433333
0.95,0.1,0.7,0.025,3,4,30,0,26,0.566667,1.0,0.133333,1.0,0.235294,0.0,0.866667,0.066667,0.933333,60,4,56,0.433333
0.95,0.1,0.7,0.03,3,4,30,0,26,0.566667,1.0,0.133333,1.0,0.235294,0.0,0.866667,0.066667,0.933333,60,4,56,0.433333
0.95,0.1,0.75,,3,4,30,0,26,0.566667,1.0,0.133333,1.0,0.235294,0.0,0.866667,0.066667,0.933333,60,4,56,0.433333
0.95,0.1,0.75,0.015,3,4,30,0,26,0.566667,1.0,0.133333,1.0,0.235294,0.0,0.866667,0.066667,0.933333,60,4,56,0.433333
0.95,0.1,0.75,0.02,3,4,30,0,26,0.566667,1.0,0.133333,1.0,0.235294,0.0,0.866667,0.066667,0.933333,60,4,56,0.433333
0.95,0.1,0.75,0.025,3,4,30,0,26,0.566667,1.0,0.133333,1.0,0.235294,0.0,0.866667,0.066667,0.933333,60,4,56,0.433333
0.95,0.1,0.75,0.03,3,4,30,0,26,0.566667,1.0,0.133333,1.0,0.235294,0.0,0.866667,0.066667,0.933333,60,4,56,0.433333
0.95,0.1,0.8,,3,4,30,0,26,0.566667,1.0,0.133333,1.0,0.235294,0.0,0.866667,0.066667,0.933333,60,4,56,0.433333
0.95,0.1,0.8,0.015,3,4,30,0,26,0.566667,1.0,0.133333,1.0,0.235294,0.0,0.866667,0.066667,0.933333,60,4,56,0.433333
0.95,0.1,0.8,0.02,3,4,30,0,26,0.566667,1.0,0.133333,1.0,0.235294,0.0,0.866667,0.066667,0.933333,60,4,56,0.433333
0.95,0.1,0.8,0.025,3,4,30,0,26,0.566667,1.0,0.133333,1.0,0.235294,0.0,0.866667,0.066667,0.933333,60,4,56,0.433333
0.95,0.1,0.8,0.03,3,4,30,0,26,0.566667,1.0,0.133333,1.0,0.235294,0.0,0.866667,0.066667,0.933333,60,4,56,0.433333
0.95,0.1,0.85,,2,4,30,0,26,0.566667,1.0,0.133333,1.0,0.235294,0.0,0.866667,0.066667,0.933333,60,4,56,0.433333
0.95,0.1,0.85,0.015,2,4,30,0,26,0.566667,1.0,0.133333,1.0,0.235294,0.0,0.866667,0.066667,0.933333,60,4,56,0.433333
0.95,0.1,0.85,0.02,2,4,30,0,26,0.566667,1.0,0.133333,1.0,0.235294,0.0,0.866667,0.066667,0.933333,60,4,56,0.433333
0.95,0.1,0.85,0.025,2,4,30,0,26,0.566667,1.0,0.133333,1.0,0.235294,0.0,0.866667,0.066667,0.933333,60,4,56,0.433333
0.95,0.1,0.85,0.03,2,4,30,0,26,0.566667,1.0,0.133333,1.0,0.235294,0.0,0.866667,0.066667,0.933333,60,4,56,0.433333
0.95,0.15,,0.015,2,4,30,0,26,0.566667,1.0,0.133333,1.0,0.235294,0.0,0.866667,0.066667,0.933333,60,4,56,0.433333
0.95,0.15,,0.02,2,4,30,0,26,0.566667,1.0,0.133333,1.0,0.235294,0.0,0.866667,0.066667,0.933333,60,4,56,0.433333
0.95,0.15,,0.025,2,4,30,0,26,0.566667,1.0,0.133333,1.0,0.235294,0.0,0.866667,0.066667,0.933333,60,4,56,0.433333
0.95,0.15,,0.03,2,4,30,0,26,0.566667,1.0,0.133333,1.0,0.235294,0.0,0.866667,0.066667,0.933333,60,4,56,0.433333
0.95,0.15,0.65,0.015,2,4,30,0,26,0.566667,1.0,0.133333,1.0,0.235294,0.0,0.866667,0.066667,0.933333,60,4,56,0.433333
0.95,0.15,0.65,0.02,2,4,30,0,26,0.566667,1.0,0.133333,1.0,0.235294,0.0,0.866667,0.066667,0.933333,60,4,56,0.433333
0.95,0.15,0.65,0.025,2,4,30,0,26,0.566667,1.0,0.133333,1.0,0.235294,0.0,0.866667,0.066667,0.933333,60,4,56,0.433333
0.95,0.15,0.65,0.03,2,4,30,0,26,0.566667,1.0,0.133333,1.0,0.235294,0.0,0.866667,0.066667,0.933333,60,4,56,0.433333
0.95,0.15,0.7,0.015,2,4,30,0,26,0.566667,1.0,0.133333,1.0,0.235294,0.0,0.866667,0.066667,0.933333,60,4,56,0.433333
0.95,0.15,0.7,0.02,2,4,30,0,26,0.566667,1.0,0.133333,1.0,0.235294,0.0,0.866667,0.066667,0.933333,60,4,56,0.433333
0.95,0.15,0.7,0.025,2,4,30,0,26,0.566667,1.0,0.133333,1.0,0.235294,0.0,0.866667,0.066667,0.933333,60,4,56,0.433333
0.95,0.15,0.7,0.03,2,4,30,0,26,0.566667,1.0,0.133333,1.0,0.235294,0.0,0.866667,0.066667,0.933333,60,4,56,0.433333
0.95,0.15,0.75,,2,4,30,0,26,0.566667,1.0,0.133333,1.0,0.235294,0.0,0.866667,0.066667,0.933333,60,4,56,0.433333
0.95,0.15,0.75,0.015,2,4,30,0,26,0.566667,1.0,0.133333,1.0,0.235294,0.0,0.866667,0.066667,0.933333,60,4,56,0.433333
0.95,0.15,0.75,0.02,2,4,30,0,26,0.566667,1.0,0.133333,1.0,0.235294,0.0,0.866667,0.066667,0.933333,60,4,56,0.433333
0.95,0.15,0.75,0.025,2,4,30,0,26,0.566667,1.0,0.133333,1.0,0.235294,0.0,0.866667,0.066667,0.933333,60,4,56,0.433333
0.95,0.15,0.75,0.03,2,4,30,0,26,0.566667,1.0,0.133333,1.0,0.235294,0.0,0.866667,0.066667,0.933333,60,4,56,0.433333
0.95,0.15,0.8,,2,4,30,0,26,0.566667,1.0,0.133333,1.0,0.235294,0.0,0.866667,0.066667,0.933333,60,4,56,0.433333
0.95,0.15,0.8,0.015,2,4,30,0,26,0.566667,1.0,0.133333,1.0,0.235294,0.0,0.866667,0.066667,0.933333,60,4,56,0.433333
0.95,0.15,0.8,0.02,2,4,30,0,26,0.566667,1.0,0.133333,1.0,0.235294,0.0,0.866667,0.066667,0.933333,60,4,56,0.433333
0.95,0.15,0.8,0.025,2,4,30,0,26,0.566667,1.0,0.133333,1.0,0.235294,0.0,0.866667,0.066667,0.933333,60,4,56,0.433333
0.95,0.15,0.8,0.03,2,4,30,0,26,0.566667,1.0,0.133333,1.0,0.235294,0.0,0.866667,0.066667,0.933333,60,4,56,0.433333
0.3,0.1,0.85,0.03,3,3,30,0,27,0.55,1.0,0.1,1.0,0.181818,0.0,0.9,0.05,0.95,60,3,57,0.45
0.3,0.15,,0.03,3,3,30,0,27,0.55,1.0,0.1,1.0,0.181818,0.0,0.9,0.05,0.95,60,3,57,0.45
0.3,0.15,0.65,0.03,3,3,30,0,27,0.55,1.0,0.1,1.0,0.181818,0.0,0.9,0.05,0.95,60,3,57,0.45
0.3,0.15,0.7,0.03,3,3,30,0,27,0.55,1.0,0.1,1.0,0.181818,0.0,0.9,0.05,0.95,60,3,57,0.45
0.3,0.15,0.75,0.03,3,3,30,0,27,0.55,1.0,0.1,1.0,0.181818,0.0,0.9,0.05,0.95,60,3,57,0.45
0.3,0.15,0.8,0.03,3,3,30,0,27,0.55,1.0,0.1,1.0,0.181818,0.0,0.9,0.05,0.95,60,3,57,0.45
0.3,0.15,0.85,,3,3,30,0,27,0.55,1.0,0.1,1.0,0.181818,0.0,0.9,0.05,0.95,60,3,57,0.45
0.3,0.15,0.85,0.015,3,3,30,0,27,0.55,1.0,0.1,1.0,0.181818,0.0,0.9,0.05,0.95,60,3,57,0.45
0.3,0.15,0.85,0.02,3,3,30,0,27,0.55,1.0,0.1,1.0,0.181818,0.0,0.9,0.05,0.95,60,3,57,0.45
0.3,0.15,0.85,0.025,3,3,30,0,27,0.55,1.0,0.1,1.0,0.181818,0.0,0.9,0.05,0.95,60,3,57,0.45
0.3,0.15,0.85,0.03,2,3,30,0,27,0.55,1.0,0.1,1.0,0.181818,0.0,0.9,0.05,0.95,60,3,57,0.45
0.3,0.2,,0.015,2,3,30,0,27,0.55,1.0,0.1,1.0,0.181818,0.0,0.9,0.05,0.95,60,3,57,0.45
0.3,0.2,,0.02,2,3,30,0,27,0.55,1.0,0.1,1.0,0.181818,0.0,0.9,0.05,0.95,60,3,57,0.45
0.3,0.2,,0.025,2,3,30,0,27,0.55,1.0,0.1,1.0,0.181818,0.0,0.9,0.05,0.95,60,3,57,0.45
0.3,0.2,,0.03,2,3,30,0,27,0.55,1.0,0.1,1.0,0.181818,0.0,0.9,0.05,0.95,60,3,57,0.45
0.3,0.2,0.65,0.015,2,3,30,0,27,0.55,1.0,0.1,1.0,0.181818,0.0,0.9,0.05,0.95,60,3,57,0.45
0.3,0.2,0.65,0.02,2,3,30,0,27,0.55,1.0,0.1,1.0,0.181818,0.0,0.9,0.05,0.95,60,3,57,0.45
0.3,0.2,0.65,0.025,2,3,30,0,27,0.55,1.0,0.1,1.0,0.181818,0.0,0.9,0.05,0.95,60,3,57,0.45
0.3,0.2,0.65,0.03,2,3,30,0,27,0.55,1.0,0.1,1.0,0.181818,0.0,0.9,0.05,0.95,60,3,57,0.45
0.3,0.2,0.7,0.015,2,3,30,0,27,0.55,1.0,0.1,1.0,0.181818,0.0,0.9,0.05,0.95,60,3,57,0.45
0.3,0.2,0.7,0.02,2,3,30,0,27,0.55,1.0,0.1,1.0,0.181818,0.0,0.9,0.05,0.95,60,3,57,0.45
0.3,0.2,0.7,0.025,2,3,30,0,27,0.55,1.0,0.1,1.0,0.181818,0.0,0.9,0.05,0.95,60,3,57,0.45
0.3,0.2,0.7,0.03,2,3,30,0,27,0.55,1.0,0.1,1.0,0.181818,0.0,0.9,0.05,0.95,60,3,57,0.45
0.3,0.2,0.75,,2,3,30,0,27,0.55,1.0,0.1,1.0,0.181818,0.0,0.9,0.05,0.95,60,3,57,0.45
0.3,0.2,0.75,0.015,2,3,30,0,27,0.55,1.0,0.1,1.0,0.181818,0.0,0.9,0.05,0.95,60,3,57,0.45
0.3,0.2,0.75,0.02,2,3,30,0,27,0.55,1.0,0.1,1.0,0.181818,0.0,0.9,0.05,0.95,60,3,57,0.45
0.3,0.2,0.75,0.025,2,3,30,0,27,0.55,1.0,0.1,1.0,0.181818,0.0,0.9,0.05,0.95,60,3,57,0.45
0.3,0.2,0.75,0.03,2,3,30,0,27,0.55,1.0,0.1,1.0,0.181818,0.0,0.9,0.05,0.95,60,3,57,0.45
0.3,0.2,0.8,,2,3,30,0,27,0.55,1.0,0.1,1.0,0.181818,0.0,0.9,0.05,0.95,60,3,57,0.45
0.3,0.2,0.8,0.015,2,3,30,0,27,0.55,1.0,0.1,1.0,0.181818,0.0,0.9,0.05,0.95,60,3,57,0.45
0.3,0.2,0.8,0.02,2,3,30,0,27,0.55,1.0,0.1,1.0,0.181818,0.0,0.9,0.05,0.95,60,3,57,0.45
0.3,0.2,0.8,0.025,2,3,30,0,27,0.55,1.0,0.1,1.0,0.181818,0.0,0.9,0.05,0.95,60,3,57,0.45
0.3,0.2,0.8,0.03,2,3,30,0,27,0.55,1.0,0.1,1.0,0.181818,0.0,0.9,0.05,0.95,60,3,57,0.45
0.3,0.2,0.85,,2,3,30,0,27,0.55,1.0,0.1,1.0,0.181818,0.0,0.9,0.05,0.95,60,3,57,0.45
0.3,0.2,0.85,0.015,2,3,30,0,27,0.55,1.0,0.1,1.0,0.181818,0.0,0.9,0.05,0.95,60,3,57,0.45
0.3,0.2,0.85,0.02,2,3,30,0,27,0.55,1.0,0.1,1.0,0.181818,0.0,0.9,0.05,0.95,60,3,57,0.45
0.3,0.2,0.85,0.025,2,3,30,0,27,0.55,1.0,0.1,1.0,0.181818,0.0,0.9,0.05,0.95,60,3,57,0.45
0.3,0.2,0.85,0.03,2,3,30,0,27,0.55,1.0,0.1,1.0,0.181818,0.0,0.9,0.05,0.95,60,3,57,0.45
0.3,0.3,0.85,,0,3,30,0,27,0.55,1.0,0.1,1.0,0.181818,0.0,0.9,0.05,0.95,60,3,57,0.45
0.3,0.3,0.85,,1,3,30,0,27,0.55,1.0,0.1,1.0,0.181818,0.0,0.9,0.05,0.95,60,3,57,0.45
0.3,0.3,0.85,0.015,0,3,30,0,27,0.55,1.0,0.1,1.0,0.181818,0.0,0.9,0.05,0.95,60,3,57,0.45
0.3,0.3,0.85,0.015,1,3,30,0,27,0.55,1.0,0.1,1.0,0.181818,0.0,0.9,0.05,0.95,60,3,57,0.45
0.3,0.3,0.85,0.02,0,3,30,0,27,0.55,1.0,0.1,1.0,0.181818,0.0,0.9,0.05,0.95,60,3,57,0.45
0.3,0.3,0.85,0.02,1,3,30,0,27,0.55,1.0,0.1,1.0,0.181818,0.0,0.9,0.05,0.95,60,3,57,0.45
0.3,0.3,0.85,0.025,0,3,30,0,27,0.55,1.0,0.1,1.0,0.181818,0.0,0.9,0.05,0.95,60,3,57,0.45
0.3,0.3,0.85,0.025,1,3,30,0,27,0.55,1.0,0.1,1.0,0.181818,0.0,0.9,0.05,0.95,60,3,57,0.45
0.3,0.3,0.85,0.03,0,3,30,0,27,0.55,1.0,0.1,1.0,0.181818,0.0,0.9,0.05,0.95,60,3,57,0.45
0.3,0.3,0.85,0.03,1,3,30,0,27,0.55,1.0,0.1,1.0,0.181818,0.0,0.9,0.05,0.95,60,3,57,0.45
0.4,0.1,0.85,0.03,3,3,30,0,27,0.55,1.0,0.1,1.0,0.181818,0.0,0.9,0.05,0.95,60,3,57,0.45
0.4,0.15,,0.03,3,3,30,0,27,0.55,1.0,0.1,1.0,0.181818,0.0,0.9,0.05,0.95,60,3,57,0.45
0.4,0.15,0.65,0.03,3,3,30,0,27,0.55,1.0,0.1,1.0,0.181818,0.0,0.9,0.05,0.95,60,3,57,0.45
0.4,0.15,0.7,0.03,3,3,30,0,27,0.55,1.0,0.1,1.0,0.181818,0.0,0.9,0.05,0.95,60,3,57,0.45
0.4,0.15,0.75,0.03,3,3,30,0,27,0.55,1.0,0.1,1.0,0.181818,0.0,0.9,0.05,0.95,60,3,57,0.45
0.4,0.15,0.8,0.03,3,3,30,0,27,0.55,1.0,0.1,1.0,0.181818,0.0,0.9,0.05,0.95,60,3,57,0.45
0.4,0.15,0.85,,3,3,30,0,27,0.55,1.0,0.1,1.0,0.181818,0.0,0.9,0.05,0.95,60,3,57,0.45
0.4,0.15,0.85,0.015,3,3,30,0,27,0.55,1.0,0.1,1.0,0.181818,0.0,0.9,0.05,0.95,60,3,57,0.45
0.4,0.15,0.85,0.02,3,3,30,0,27,0.55,1.0,0.1,1.0,0.181818,0.0,0.9,0.05,0.95,60,3,57,0.45
0.4,0.15,0.85,0.025,3,3,30,0,27,0.55,1.0,0.1,1.0,0.181818,0.0,0.9,0.05,0.95,60,3,57,0.45
0.4,0.15,0.85,0.03,2,3,30,0,27,0.55,1.0,0.1,1.0,0.181818,0.0,0.9,0.05,0.95,60,3,57,0.45
0.4,0.2,,0.015,2,3,30,0,27,0.55,1.0,0.1,1.0,0.181818,0.0,0.9,0.05,0.95,60,3,57,0.45
0.4,0.2,,0.02,2,3,30,0,27,0.55,1.0,0.1,1.0,0.181818,0.0,0.9,0.05,0.95,60,3,57,0.45
0.4,0.2,,0.025,2,3,30,0,27,0.55,1.0,0.1,1.0,0.181818,0.0,0.9,0.05,0.95,60,3,57,0.45
0.4,0.2,,0.03,2,3,30,0,27,0.55,1.0,0.1,1.0,0.181818,0.0,0.9,0.05,0.95,60,3,57,0.45
0.4,0.2,0.65,0.015,2,3,30,0,27,0.55,1.0,0.1,1.0,0.181818,0.0,0.9,0.05,0.95,60,3,57,0.45
0.4,0.2,0.65,0.02,2,3,30,0,27,0.55,1.0,0.1,1.0,0.181818,0.0,0.9,0.05,0.95,60,3,57,0.45
0.4,0.2,0.65,0.025,2,3,30,0,27,0.55,1.0,0.1,1.0,0.181818,0.0,0.9,0.05,0.95,60,3,57,0.45
0.4,0.2,0.65,0.03,2,3,30,0,27,0.55,1.0,0.1,1.0,0.181818,0.0,0.9,0.05,0.95,60,3,57,0.45
0.4,0.2,0.7,0.015,2,3,30,0,27,0.55,1.0,0.1,1.0,0.181818,0.0,0.9,0.05,0.95,60,3,57,0.45
0.4,0.2,0.7,0.02,2,3,30,0,27,0.55,1.0,0.1,1.0,0.181818,0.0,0.9,0.05,0.95,60,3,57,0.45
0.4,0.2,0.7,0.025,2,3,30,0,27,0.55,1.0,0.1,1.0,0.181818,0.0,0.9,0.05,0.95,60,3,57,0.45
0.4,0.2,0.7,0.03,2,3,30,0,27,0.55,1.0,0.1,1.0,0.181818,0.0,0.9,0.05,0.95,60,3,57,0.45
0.4,0.2,0.75,,2,3,30,0,27,0.55,1.0,0.1,1.0,0.181818,0.0,0.9,0.05,0.95,60,3,57,0.45
0.4,0.2,0.75,0.015,2,3,30,0,27,0.55,1.0,0.1,1.0,0.181818,0.0,0.9,0.05,0.95,60,3,57,0.45
0.4,0.2,0.75,0.02,2,3,30,0,27,0.55,1.0,0.1,1.0,0.181818,0.0,0.9,0.05,0.95,60,3,57,0.45
0.4,0.2,0.75,0.025,2,3,30,0,27,0.55,1.0,0.1,1.0,0.181818,0.0,0.9,0.05,0.95,60,3,57,0.45
0.4,0.2,0.75,0.03,2,3,30,0,27,0.55,1.0,0.1,1.0,0.181818,0.0,0.9,0.05,0.95,60,3,57,0.45
0.4,0.2,0.8,,2,3,30,0,27,0.55,1.0,0.1,1.0,0.181818,0.0,0.9,0.05,0.95,60,3,57,0.45
0.4,0.2,0.8,0.015,2,3,30,0,27,0.55,1.0,0.1,1.0,0.181818,0.0,0.9,0.05,0.95,60,3,57,0.45
0.4,0.2,0.8,0.02,2,3,30,0,27,0.55,1.0,0.1,1.0,0.181818,0.0,0.9,0.05,0.95,60,3,57,0.45
0.4,0.2,0.8,0.025,2,3,30,0,27,0.55,1.0,0.1,1.0,0.181818,0.0,0.9,0.05,0.95,60,3,57,0.45
0.4,0.2,0.8,0.03,2,3,30,0,27,0.55,1.0,0.1,1.0,0.181818,0.0,0.9,0.05,0.95,60,3,57,0.45
0.4,0.2,0.85,,2,3,30,0,27,0.55,1.0,0.1,1.0,0.181818,0.0,0.9,0.05,0.95,60,3,57,0.45
0.4,0.2,0.85,0.015,2,3,30,0,27,0.55,1.0,0.1,1.0,0.181818,0.0,0.9,0.05,0.95,60,3,57,0.45
0.4,0.2,0.85,0.02,2,3,30,0,27,0.55,1.0,0.1,1.0,0.181818,0.0,0.9,0.05,0.95,60,3,57,0.45
0.4,0.2,0.85,0.025,2,3,30,0,27,0.55,1.0,0.1,1.0,0.181818,0.0,0.9,0.05,0.95,60,3,57,0.45
0.4,0.2,0.85,0.03,2,3,30,0,27,0.55,1.0,0.1,1.0,0.181818,0.0,0.9,0.05,0.95,60,3,57,0.45
0.4,0.3,0.85,,0,3,30,0,27,0.55,1.0,0.1,1.0,0.181818,0.0,0.9,0.05,0.95,60,3,57,0.45
0.4,0.3,0.85,,1,3,30,0,27,0.55,1.0,0.1,1.0,0.181818,0.0,0.9,0.05,0.95,60,3,57,0.45
0.4,0.3,0.85,0.015,0,3,30,0,27,0.55,1.0,0.1,1.0,0.181818,0.0,0.9,0.05,0.95,60,3,57,0.45
0.4,0.3,0.85,0.015,1,3,30,0,27,0.55,1.0,0.1,1.0,0.181818,0.0,0.9,0.05,0.95,60,3,57,0.45
0.4,0.3,0.85,0.02,0,3,30,0,27,0.55,1.0,0.1,1.0,0.181818,0.0,0.9,0.05,0.95,60,3,57,0.45
0.4,0.3,0.85,0.02,1,3,30,0,27,0.55,1.0,0.1,1.0,0.181818,0.0,0.9,0.05,0.95,60,3,57,0.45
0.4,0.3,0.85,0.025,0,3,30,0,27,0.55,1.0,0.1,1.0,0.181818,0.0,0.9,0.05,0.95,60,3,57,0.45
0.4,0.3,0.85,0.025,1,3,30,0,27,0.55,1.0,0.1,1.0,0.181818,0.0,0.9,0.05,0.95,60,3,57,0.45
0.4,0.3,0.85,0.03,0,3,30,0,27,0.55,1.0,0.1,1.0,0.181818,0.0,0.9,0.05,0.95,60,3,57,0.45
0.4,0.3,0.85,0.03,1,3,30,0,27,0.55,1.0,0.1,1.0,0.181818,0.0,0.9,0.05,0.95,60,3,57,0.45
0.5,0.1,0.85,0.03,3,3,30,0,27,0.55,1.0,0.1,1.0,0.181818,0.0,0.9,0.05,0.95,60,3,57,0.45
0.5,0.15,,0.03,3,3,30,0,27,0.55,1.0,0.1,1.0,0.181818,0.0,0.9,0.05,0.95,60,3,57,0.45
0.5,0.15,0.65,0.03,3,3,30,0,27,0.55,1.0,0.1,1.0,0.181818,0.0,0.9,0.05,0.95,60,3,57,0.45
0.5,0.15,0.7,0.03,3,3,30,0,27,0.55,1.0,0.1,1.0,0.181818,0.0,0.9,0.05,0.95,60,3,57,0.45
0.5,0.15,0.75,0.03,3,3,30,0,27,0.55,1.0,0.1,1.0,0.181818,0.0,0.9,0.05,0.95,60,3,57,0.45
0.5,0.15,0.8,0.03,3,3,30,0,27,0.55,1.0,0.1,1.0,0.181818,0.0,0.9,0.05,0.95,60,3,57,0.45
0.5,0.15,0.85,,3,3,30,0,27,0.55,1.0,0.1,1.0,0.181818,0.0,0.9,0.05,0.95,60,3,57,0.45
0.5,0.15,0.85,0.015,3,3,30,0,27,0.55,1.0,0.1,1.0,0.181818,0.0,0.9,0.05,0.95,60,3,57,0.45
0.5,0.15,0.85,0.02,3,3,30,0,27,0.55,1.0,0.1,1.0,0.181818,0.0,0.9,0.05,0.95,60,3,57,0.45
0.5,0.15,0.85,0.025,3,3,30,0,27,0.55,1.0,0.1,1.0,0.181818,0.0,0.9,0.05,0.95,60,3,57,0.45
0.5,0.15,0.85,0.03,2,3,30,0,27,0.55,1.0,0.1,1.0,0.181818,0.0,0.9,0.05,0.95,60,3,57,0.45
0.5,0.2,,0.015,2,3,30,0,27,0.55,1.0,0.1,1.0,0.181818,0.0,0.9,0.05,0.95,60,3,57,0.45
0.5,0.2,,0.02,2,3,30,0,27,0.55,1.0,0.1,1.0,0.181818,0.0,0.9,0.05,0.95,60,3,57,0.45
0.5,0.2,,0.025,2,3,30,0,27,0.55,1.0,0.1,1.0,0.181818,0.0,0.9,0.05,0.95,60,3,57,0.45
0.5,0.2,,0.03,2,3,30,0,27,0.55,1.0,0.1,1.0,0.181818,0.0,0.9,0.05,0.95,60,3,57,0.45
0.5,0.2,0.65,0.015,2,3,30,0,27,0.55,1.0,0.1,1.0,0.181818,0.0,0.9,0.05,0.95,60,3,57,0.45
0.5,0.2,0.65,0.02,2,3,30,0,27,0.55,1.0,0.1,1.0,0.181818,0.0,0.9,0.05,0.95,60,3,57,0.45
0.5,0.2,0.65,0.025,2,3,30,0,27,0.55,1.0,0.1,1.0,0.181818,0.0,0.9,0.05,0.95,60,3,57,0.45
0.5,0.2,0.65,0.03,2,3,30,0,27,0.55,1.0,0.1,1.0,0.181818,0.0,0.9,0.05,0.95,60,3,57,0.45
0.5,0.2,0.7,0.015,2,3,30,0,27,0.55,1.0,0.1,1.0,0.181818,0.0,0.9,0.05,0.95,60,3,57,0.45
0.5,0.2,0.7,0.02,2,3,30,0,27,0.55,1.0,0.1,1.0,0.181818,0.0,0.9,0.05,0.95,60,3,57,0.45
0.5,0.2,0.7,0.025,2,3,30,0,27,0.55,1.0,0.1,1.0,0.181818,0.0,0.9,0.05,0.95,60,3,57,0.45
0.5,0.2,0.7,0.03,2,3,30,0,27,0.55,1.0,0.1,1.0,0.181818,0.0,0.9,0.05,0.95,60,3,57,0.45
0.5,0.2,0.75,,2,3,30,0,27,0.55,1.0,0.1,1.0,0.181818,0.0,0.9,0.05,0.95,60,3,57,0.45
0.5,0.2,0.75,0.015,2,3,30,0,27,0.55,1.0,0.1,1.0,0.181818,0.0,0.9,0.05,0.95,60,3,57,0.45
0.5,0.2,0.75,0.02,2,3,30,0,27,0.55,1.0,0.1,1.0,0.181818,0.0,0.9,0.05,0.95,60,3,57,0.45
0.5,0.2,0.75,0.025,2,3,30,0,27,0.55,1.0,0.1,1.0,0.181818,0.0,0.9,0.05,0.95,60,3,57,0.45
0.5,0.2,0.75,0.03,2,3,30,0,27,0.55,1.0,0.1,1.0,0.181818,0.0,0.9,0.05,0.95,60,3,57,0.45
0.5,0.2,0.8,,2,3,30,0,27,0.55,1.0,0.1,1.0,0.181818,0.0,0.9,0.05,0.95,60,3,57,0.45
0.5,0.2,0.8,0.015,2,3,30,0,27,0.55,1.0,0.1,1.0,0.181818,0.0,0.9,0.05,0.95,60,3,57,0.45
0.5,0.2,0.8,0.02,2,3,30,0,27,0.55,1.0,0.1,1.0,0.181818,0.0,0.9,0.05,0.95,60,3,57,0.45
0.5,0.2,0.8,0.025,2,3,30,0,27,0.55,1.0,0.1,1.0,0.181818,0.0,0.9,0.05,0.95,60,3,57,0.45
0.5,0.2,0.8,0.03,2,3,30,0,27,0.55,1.0,0.1,1.0,0.181818,0.0,0.9,0.05,0.95,60,3,57,0.45
0.5,0.2,0.85,,2,3,30,0,27,0.55,1.0,0.1,1.0,0.181818,0.0,0.9,0.05,0.95,60,3,57,0.45
0.5,0.2,0.85,0.015,2,3,30,0,27,0.55,1.0,0.1,1.0,0.181818,0.0,0.9,0.05,0.95,60,3,57,0.45
0.5,0.2,0.85,0.02,2,3,30,0,27,0.55,1.0,0.1,1.0,0.181818,0.0,0.9,0.05,0.95,60,3,57,0.45
0.5,0.2,0.85,0.025,2,3,30,0,27,0.55,1.0,0.1,1.0,0.181818,0.0,0.9,0.05,0.95,60,3,57,0.45
0.5,0.2,0.85,0.03,2,3,30,0,27,0.55,1.0,0.1,1.0,0.181818,0.0,0.9,0.05,0.95,60,3,57,0.45
0.5,0.3,0.85,,0,3,30,0,27,0.55,1.0,0.1,1.0,0.181818,0.0,0.9,0.05,0.95,60,3,57,0.45
0.5,0.3,0.85,,1,3,30,0,27,0.55,1.0,0.1,1.0,0.181818,0.0,0.9,0.05,0.95,60,3,57,0.45
0.5,0.3,0.85,0.015,0,3,30,0,27,0.55,1.0,0.1,1.0,0.181818,0.0,0.9,0.05,0.95,60,3,57,0.45
0.5,0.3,0.85,0.015,1,3,30,0,27,0.55,1.0,0.1,1.0,0.181818,0.0,0.9,0.05,0.95,60,3,57,0.45
0.5,0.3,0.85,0.02,0,3,30,0,27,0.55,1.0,0.1,1.0,0.181818,0.0,0.9,0.05,0.95,60,3,57,0.45
0.5,0.3,0.85,0.02,1,3,30,0,27,0.55,1.0,0.1,1.0,0.181818,0.0,0.9,0.05,0.95,60,3,57,0.45
0.5,0.3,0.85,0.025,0,3,30,0,27,0.55,1.0,0.1,1.0,0.181818,0.0,0.9,0.05,0.95,60,3,57,0.45
0.5,0.3,0.85,0.025,1,3,30,0,27,0.55,1.0,0.1,1.0,0.181818,0.0,0.9,0.05,0.95,60,3,57,0.45
0.5,0.3,0.85,0.03,0,3,30,0,27,0.55,1.0,0.1,1.0,0.181818,0.0,0.9,0.05,0.95,60,3,57,0.45
0.5,0.3,0.85,0.03,1,3,30,0,27,0.55,1.0,0.1,1.0,0.181818,0.0,0.9,0.05,0.95,60,3,57,0.45
0.6,0.1,0.85,0.03,3,3,30,0,27,0.55,1.0,0.1,1.0,0.181818,0.0,0.9,0.05,0.95,60,3,57,0.45
0.6,0.15,,0.03,3,3,30,0,27,0.55,1.0,0.1,1.0,0.181818,0.0,0.9,0.05,0.95,60,3,57,0.45
0.6,0.15,0.65,0.03,3,3,30,0,27,0.55,1.0,0.1,1.0,0.181818,0.0,0.9,0.05,0.95,60,3,57,0.45
0.6,0.15,0.7,0.03,3,3,30,0,27,0.55,1.0,0.1,1.0,0.181818,0.0,0.9,0.05,0.95,60,3,57,0.45
0.6,0.15,0.75,0.03,3,3,30,0,27,0.55,1.0,0.1,1.0,0.181818,0.0,0.9,0.05,0.95,60,3,57,0.45
0.6,0.15,0.8,0.03,3,3,30,0,27,0.55,1.0,0.1,1.0,0.181818,0.0,0.9,0.05,0.95,60,3,57,0.45
0.6,0.15,0.85,,3,3,30,0,27,0.55,1.0,0.1,1.0,0.181818,0.0,0.9,0.05,0.95,60,3,57,0.45
0.6,0.15,0.85,0.015,3,3,30,0,27,0.55,1.0,0.1,1.0,0.181818,0.0,0.9,0.05,0.95,60,3,57,0.45
0.6,0.15,0.85,0.02,3,3,30,0,27,0.55,1.0,0.1,1.0,0.181818,0.0,0.9,0.05,0.95,60,3,57,0.45
0.6,0.15,0.85,0.025,3,3,30,0,27,0.55,1.0,0.1,1.0,0.181818,0.0,0.9,0.05,0.95,60,3,57,0.45
0.6,0.15,0.85,0.03,2,3,30,0,27,0.55,1.0,0.1,1.0,0.181818,0.0,0.9,0.05,0.95,60,3,57,0.45
0.6,0.2,,0.015,2,3,30,0,27,0.55,1.0,0.1,1.0,0.181818,0.0,0.9,0.05,0.95,60,3,57,0.45
0.6,0.2,,0.02,2,3,30,0,27,0.55,1.0,0.1,1.0,0.181818,0.0,0.9,0.05,0.95,60,3,57,0.45
0.6,0.2,,0.025,2,3,30,0,27,0.55,1.0,0.1,1.0,0.181818,0.0,0.9,0.05,0.95,60,3,57,0.45
0.6,0.2,,0.03,2,3,30,0,27,0.55,1.0,0.1,1.0,0.181818,0.0,0.9,0.05,0.95,60,3,57,0.45
0.6,0.2,0.65,0.015,2,3,30,0,27,0.55,1.0,0.1,1.0,0.181818,0.0,0.9,0.05,0.95,60,3,57,0.45
0.6,0.2,0.65,0.02,2,3,30,0,27,0.55,1.0,0.1,1.0,0.181818,0.0,0.9,0.05,0.95,60,3,57,0.45
0.6,0.2,0.65,0.025,2,3,30,0,27,0.55,1.0,0.1,1.0,0.181818,0.0,0.9,0.05,0.95,60,3,57,0.45
0.6,0.2,0.65,0.03,2,3,30,0,27,0.55,1.0,0.1,1.0,0.181818,0.0,0.9,0.05,0.95,60,3,57,0.45
0.6,0.2,0.7,0.015,2,3,30,0,27,0.55,1.0,0.1,1.0,0.181818,0.0,0.9,0.05,0.95,60,3,57,0.45
0.6,0.2,0.7,0.02,2,3,30,0,27,0.55,1.0,0.1,1.0,0.181818,0.0,0.9,0.05,0.95,60,3,57,0.45
0.6,0.2,0.7,0.025,2,3,30,0,27,0.55,1.0,0.1,1.0,0.181818,0.0,0.9,0.05,0.95,60,3,57,0.45
0.6,0.2,0.7,0.03,2,3,30,0,27,0.55,1.0,0.1,1.0,0.181818,0.0,0.9,0.05,0.95,60,3,57,0.45
0.6,0.2,0.75,,2,3,30,0,27,0.55,1.0,0.1,1.0,0.181818,0.0,0.9,0.05,0.95,60,3,57,0.45
0.6,0.2,0.75,0.015,2,3,30,0,27,0.55,1.0,0.1,1.0,0.181818,0.0,0.9,0.05,0.95,60,3,57,0.45
0.6,0.2,0.75,0.02,2,3,30,0,27,0.55,1.0,0.1,1.0,0.181818,0.0,0.9,0.05,0.95,60,3,57,0.45
0.6,0.2,0.75,0.025,2,3,30,0,27,0.55,1.0,0.1,1.0,0.181818,0.0,0.9,0.05,0.95,60,3,57,0.45
0.6,0.2,0.75,0.03,2,3,30,0,27,0.55,1.0,0.1,1.0,0.181818,0.0,0.9,0.05,0.95,60,3,57,0.45
0.6,0.2,0.8,,2,3,30,0,27,0.55,1.0,0.1,1.0,0.181818,0.0,0.9,0.05,0.95,60,3,57,0.45
0.6,0.2,0.8,0.015,2,3,30,0,27,0.55,1.0,0.1,1.0,0.181818,0.0,0.9,0.05,0.95,60,3,57,0.45
0.6,0.2,0.8,0.02,2,3,30,0,27,0.55,1.0,0.1,1.0,0.181818,0.0,0.9,0.05,0.95,60,3,57,0.45
0.6,0.2,0.8,0.025,2,3,30,0,27,0.55,1.0,0.1,1.0,0.181818,0.0,0.9,0.05,0.95,60,3,57,0.45
0.6,0.2,0.8,0.03,2,3,30,0,27,0.55,1.0,0.1,1.0,0.181818,0.0,0.9,0.05,0.95,60,3,57,0.45
0.6,0.2,0.85,,2,3,30,0,27,0.55,1.0,0.1,1.0,0.181818,0.0,0.9,0.05,0.95,60,3,57,0.45
0.6,0.2,0.85,0.015,2,3,30,0,27,0.55,1.0,0.1,1.0,0.181818,0.0,0.9,0.05,0.95,60,3,57,0.45
0.6,0.2,0.85,0.02,2,3,30,0,27,0.55,1.0,0.1,1.0,0.181818,0.0,0.9,0.05,0.95,60,3,57,0.45
0.6,0.2,0.85,0.025,2,3,30,0,27,0.55,1.0,0.1,1.0,0.181818,0.0,0.9,0.05,0.95,60,3,57,0.45
0.6,0.2,0.85,0.03,2,3,30,0,27,0.55,1.0,0.1,1.0,0.181818,0.0,0.9,0.05,0.95,60,3,57,0.45
0.6,0.3,0.85,,0,3,30,0,27,0.55,1.0,0.1,1.0,0.181818,0.0,0.9,0.05,0.95,60,3,57,0.45
0.6,0.3,0.85,,1,3,30,0,27,0.55,1.0,0.1,1.0,0.181818,0.0,0.9,0.05,0.95,60,3,57,0.45
0.6,0.3,0.85,0.015,0,3,30,0,27,0.55,1.0,0.1,1.0,0.181818,0.0,0.9,0.05,0.95,60,3,57,0.45
0.6,0.3,0.85,0.015,1,3,30,0,27,0.55,1.0,0.1,1.0,0.181818,0.0,0.9,0.05,0.95,60,3,57,0.45
0.6,0.3,0.85,0.02,0,3,30,0,27,0.55,1.0,0.1,1.0,0.181818,0.0,0.9,0.05,0.95,60,3,57,0.45
0.6,0.3,0.85,0.02,1,3,30,0,27,0.55,1.0,0.1,1.0,0.181818,0.0,0.9,0.05,0.95,60,3,57,0.45
0.6,0.3,0.85,0.025,0,3,30,0,27,0.55,1.0,0.1,1.0,0.181818,0.0,0.9,0.05,0.95,60,3,57,0.45
0.6,0.3,0.85,0.025,1,3,30,0,27,0.55,1.0,0.1,1.0,0.181818,0.0,0.9,0.05,0.95,60,3,57,0.45
0.6,0.3,0.85,0.03,0,3,30,0,27,0.55,1.0,0.1,1.0,0.181818,0.0,0.9,0.05,0.95,60,3,57,0.45
0.6,0.3,0.85,0.03,1,3,30,0,27,0.55,1.0,0.1,1.0,0.181818,0.0,0.9,0.05,0.95,60,3,57,0.45
0.7,0.1,0.85,0.03,3,3,30,0,27,0.55,1.0,0.1,1.0,0.181818,0.0,0.9,0.05,0.95,60,3,57,0.45
0.7,0.15,,0.03,3,3,30,0,27,0.55,1.0,0.1,1.0,0.181818,0.0,0.9,0.05,0.95,60,3,57,0.45
0.7,0.15,0.65,0.03,3,3,30,0,27,0.55,1.0,0.1,1.0,0.181818,0.0,0.9,0.05,0.95,60,3,57,0.45
0.7,0.15,0.7,0.03,3,3,30,0,27,0.55,1.0,0.1,1.0,0.181818,0.0,0.9,0.05,0.95,60,3,57,0.45
0.7,0.15,0.75,0.03,3,3,30,0,27,0.55,1.0,0.1,1.0,0.181818,0.0,0.9,0.05,0.95,60,3,57,0.45
0.7,0.15,0.8,0.03,3,3,30,0,27,0.55,1.0,0.1,1.0,0.181818,0.0,0.9,0.05,0.95,60,3,57,0.45
0.7,0.15,0.85,,3,3,30,0,27,0.55,1.0,0.1,1.0,0.181818,0.0,0.9,0.05,0.95,60,3,57,0.45
0.7,0.15,0.85,0.015,3,3,30,0,27,0.55,1.0,0.1,1.0,0.181818,0.0,0.9,0.05,0.95,60,3,57,0.45
0.7,0.15,0.85,0.02,3,3,30,0,27,0.55,1.0,0.1,1.0,0.181818,0.0,0.9,0.05,0.95,60,3,57,0.45
0.7,0.15,0.85,0.025,3,3,30,0,27,0.55,1.0,0.1,1.0,0.181818,0.0,0.9,0.05,0.95,60,3,57,0.45
0.7,0.15,0.85,0.03,2,3,30,0,27,0.55,1.0,0.1,1.0,0.181818,0.0,0.9,0.05,0.95,60,3,57,0.45
0.7,0.2,,0.015,2,3,30,0,27,0.55,1.0,0.1,1.0,0.181818,0.0,0.9,0.05,0.95,60,3,57,0.45
0.7,0.2,,0.02,2,3,30,0,27,0.55,1.0,0.1,1.0,0.181818,0.0,0.9,0.05,0.95,60,3,57,0.45
0.7,0.2,,0.025,2,3,30,0,27,0.55,1.0,0.1,1.0,0.181818,0.0,0.9,0.05,0.95,60,3,57,0.45
0.7,0.2,,0.03,2,3,30,0,27,0.55,1.0,0.1,1.0,0.181818,0.0,0.9,0.05,0.95,60,3,57,0.45
0.7,0.2,0.65,0.015,2,3,30,0,27,0.55,1.0,0.1,1.0,0.181818,0.0,0.9,0.05,0.95,60,3,57,0.45
0.7,0.2,0.65,0.02,2,3,30,0,27,0.55,1.0,0.1,1.0,0.181818,0.0,0.9,0.05,0.95,60,3,57,0.45
0.7,0.2,0.65,0.025,2,3,30,0,27,0.55,1.0,0.1,1.0,0.181818,0.0,0.9,0.05,0.95,60,3,57,0.45
0.7,0.2,0.65,0.03,2,3,30,0,27,0.55,1.0,0.1,1.0,0.181818,0.0,0.9,0.05,0.95,60,3,57,0.45
0.7,0.2,0.7,0.015,2,3,30,0,27,0.55,1.0,0.1,1.0,0.181818,0.0,0.9,0.05,0.95,60,3,57,0.45
0.7,0.2,0.7,0.02,2,3,30,0,27,0.55,1.0,0.1,1.0,0.181818,0.0,0.9,0.05,0.95,60,3,57,0.45
0.7,0.2,0.7,0.025,2,3,30,0,27,0.55,1.0,0.1,1.0,0.181818,0.0,0.9,0.05,0.95,60,3,57,0.45
0.7,0.2,0.7,0.03,2,3,30,0,27,0.55,1.0,0.1,1.0,0.181818,0.0,0.9,0.05,0.95,60,3,57,0.45
0.7,0.2,0.75,,2,3,30,0,27,0.55,1.0,0.1,1.0,0.181818,0.0,0.9,0.05,0.95,60,3,57,0.45
0.7,0.2,0.75,0.015,2,3,30,0,27,0.55,1.0,0.1,1.0,0.181818,0.0,0.9,0.05,0.95,60,3,57,0.45
0.7,0.2,0.75,0.02,2,3,30,0,27,0.55,1.0,0.1,1.0,0.181818,0.0,0.9,0.05,0.95,60,3,57,0.45
0.7,0.2,0.75,0.025,2,3,30,0,27,0.55,1.0,0.1,1.0,0.181818,0.0,0.9,0.05,0.95,60,3,57,0.45
0.7,0.2,0.75,0.03,2,3,30,0,27,0.55,1.0,0.1,1.0,0.181818,0.0,0.9,0.05,0.95,60,3,57,0.45
0.7,0.2,0.8,,2,3,30,0,27,0.55,1.0,0.1,1.0,0.181818,0.0,0.9,0.05,0.95,60,3,57,0.45
0.7,0.2,0.8,0.015,2,3,30,0,27,0.55,1.0,0.1,1.0,0.181818,0.0,0.9,0.05,0.95,60,3,57,0.45
0.7,0.2,0.8,0.02,2,3,30,0,27,0.55,1.0,0.1,1.0,0.181818,0.0,0.9,0.05,0.95,60,3,57,0.45
0.7,0.2,0.8,0.025,2,3,30,0,27,0.55,1.0,0.1,1.0,0.181818,0.0,0.9,0.05,0.95,60,3,57,0.45
0.7,0.2,0.8,0.03,2,3,30,0,27,0.55,1.0,0.1,1.0,0.181818,0.0,0.9,0.05,0.95,60,3,57,0.45
0.7,0.2,0.85,,2,3,30,0,27,0.55,1.0,0.1,1.0,0.181818,0.0,0.9,0.05,0.95,60,3,57,0.45
0.7,0.2,0.85,0.015,2,3,30,0,27,0.55,1.0,0.1,1.0,0.181818,0.0,0.9,0.05,0.95,60,3,57,0.45
0.7,0.2,0.85,0.02,2,3,30,0,27,0.55,1.0,0.1,1.0,0.181818,0.0,0.9,0.05,0.95,60,3,57,0.45
0.7,0.2,0.85,0.025,2,3,30,0,27,0.55,1.0,0.1,1.0,0.181818,0.0,0.9,0.05,0.95,60,3,57,0.45
0.7,0.2,0.85,0.03,2,3,30,0,27,0.55,1.0,0.1,1.0,0.181818,0.0,0.9,0.05,0.95,60,3,57,0.45
0.7,0.3,0.85,,0,3,30,0,27,0.55,1.0,0.1,1.0,0.181818,0.0,0.9,0.05,0.95,60,3,57,0.45
0.7,0.3,0.85,,1,3,30,0,27,0.55,1.0,0.1,1.0,0.181818,0.0,0.9,0.05,0.95,60,3,57,0.45
0.7,0.3,0.85,0.015,0,3,30,0,27,0.55,1.0,0.1,1.0,0.181818,0.0,0.9,0.05,0.95,60,3,57,0.45
0.7,0.3,0.85,0.015,1,3,30,0,27,0.55,1.0,0.1,1.0,0.181818,0.0,0.9,0.05,0.95,60,3,57,0.45
0.7,0.3,0.85,0.02,0,3,30,0,27,0.55,1.0,0.1,1.0,0.181818,0.0,0.9,0.05,0.95,60,3,57,0.45
0.7,0.3,0.85,0.02,1,3,30,0,27,0.55,1.0,0.1,1.0,0.181818,0.0,0.9,0.05,0.95,60,3,57,0.45
0.7,0.3,0.85,0.025,0,3,30,0,27,0.55,1.0,0.1,1.0,0.181818,0.0,0.9,0.05,0.95,60,3,57,0.45
0.7,0.3,0.85,0.025,1,3,30,0,27,0.55,1.0,0.1,1.0,0.181818,0.0,0.9,0.05,0.95,60,3,57,0.45
0.7,0.3,0.85,0.03,0,3,30,0,27,0.55,1.0,0.1,1.0,0.181818,0.0,0.9,0.05,0.95,60,3,57,0.45
0.7,0.3,0.85,0.03,1,3,30,0,27,0.55,1.0,0.1,1.0,0.181818,0.0,0.9,0.05,0.95,60,3,57,0.45
0.75,0.1,0.85,0.03,3,3,30,0,27,0.55,1.0,0.1,1.0,0.181818,0.0,0.9,0.05,0.95,60,3,57,0.45
0.75,0.15,,0.03,3,3,30,0,27,0.55,1.0,0.1,1.0,0.181818,0.0,0.9,0.05,0.95,60,3,57,0.45
0.75,0.15,0.65,0.03,3,3,30,0,27,0.55,1.0,0.1,1.0,0.181818,0.0,0.9,0.05,0.95,60,3,57,0.45
0.75,0.15,0.7,0.03,3,3,30,0,27,0.55,1.0,0.1,1.0,0.181818,0.0,0.9,0.05,0.95,60,3,57,0.45
0.75,0.15,0.75,0.03,3,3,30,0,27,0.55,1.0,0.1,1.0,0.181818,0.0,0.9,0.05,0.95,60,3,57,0.45
0.75,0.15,0.8,0.03,3,3,30,0,27,0.55,1.0,0.1,1.0,0.181818,0.0,0.9,0.05,0.95,60,3,57,0.45
0.75,0.15,0.85,,3,3,30,0,27,0.55,1.0,0.1,1.0,0.181818,0.0,0.9,0.05,0.95,60,3,57,0.45
0.75,0.15,0.85,0.015,3,3,30,0,27,0.55,1.0,0.1,1.0,0.181818,0.0,0.9,0.05,0.95,60,3,57,0.45
0.75,0.15,0.85,0.02,3,3,30,0,27,0.55,1.0,0.1,1.0,0.181818,0.0,0.9,0.05,0.95,60,3,57,0.45
0.75,0.15,0.85,0.025,3,3,30,0,27,0.55,1.0,0.1,1.0,0.181818,0.0,0.9,0.05,0.95,60,3,57,0.45
0.75,0.15,0.85,0.03,2,3,30,0,27,0.55,1.0,0.1,1.0,0.181818,0.0,0.9,0.05,0.95,60,3,57,0.45
0.75,0.2,,0.015,2,3,30,0,27,0.55,1.0,0.1,1.0,0.181818,0.0,0.9,0.05,0.95,60,3,57,0.45
0.75,0.2,,0.02,2,3,30,0,27,0.55,1.0,0.1,1.0,0.181818,0.0,0.9,0.05,0.95,60,3,57,0.45
0.75,0.2,,0.025,2,3,30,0,27,0.55,1.0,0.1,1.0,0.181818,0.0,0.9,0.05,0.95,60,3,57,0.45
0.75,0.2,,0.03,2,3,30,0,27,0.55,1.0,0.1,1.0,0.181818,0.0,0.9,0.05,0.95,60,3,57,0.45
0.75,0.2,0.65,0.015,2,3,30,0,27,0.55,1.0,0.1,1.0,0.181818,0.0,0.9,0.05,0.95,60,3,57,0.45
0.75,0.2,0.65,0.02,2,3,30,0,27,0.55,1.0,0.1,1.0,0.181818,0.0,0.9,0.05,0.95,60,3,57,0.45
0.75,0.2,0.65,0.025,2,3,30,0,27,0.55,1.0,0.1,1.0,0.181818,0.0,0.9,0.05,0.95,60,3,57,0.45
0.75,0.2,0.65,0.03,2,3,30,0,27,0.55,1.0,0.1,1.0,0.181818,0.0,0.9,0.05,0.95,60,3,57,0.45
0.75,0.2,0.7,0.015,2,3,30,0,27,0.55,1.0,0.1,1.0,0.181818,0.0,0.9,0.05,0.95,60,3,57,0.45
0.75,0.2,0.7,0.02,2,3,30,0,27,0.55,1.0,0.1,1.0,0.181818,0.0,0.9,0.05,0.95,60,3,57,0.45
0.75,0.2,0.7,0.025,2,3,30,0,27,0.55,1.0,0.1,1.0,0.181818,0.0,0.9,0.05,0.95,60,3,57,0.45
0.75,0.2,0.7,0.03,2,3,30,0,27,0.55,1.0,0.1,1.0,0.181818,0.0,0.9,0.05,0.95,60,3,57,0.45
0.75,0.2,0.75,,2,3,30,0,27,0.55,1.0,0.1,1.0,0.181818,0.0,0.9,0.05,0.95,60,3,57,0.45
0.75,0.2,0.75,0.015,2,3,30,0,27,0.55,1.0,0.1,1.0,0.181818,0.0,0.9,0.05,0.95,60,3,57,0.45
0.75,0.2,0.75,0.02,2,3,30,0,27,0.55,1.0,0.1,1.0,0.181818,0.0,0.9,0.05,0.95,60,3,57,0.45
0.75,0.2,0.75,0.025,2,3,30,0,27,0.55,1.0,0.1,1.0,0.181818,0.0,0.9,0.05,0.95,60,3,57,0.45
0.75,0.2,0.75,0.03,2,3,30,0,27,0.55,1.0,0.1,1.0,0.181818,0.0,0.9,0.05,0.95,60,3,57,0.45
0.75,0.2,0.8,,2,3,30,0,27,0.55,1.0,0.1,1.0,0.181818,0.0,0.9,0.05,0.95,60,3,57,0.45
0.75,0.2,0.8,0.015,2,3,30,0,27,0.55,1.0,0.1,1.0,0.181818,0.0,0.9,0.05,0.95,60,3,57,0.45
0.75,0.2,0.8,0.02,2,3,30,0,27,0.55,1.0,0.1,1.0,0.181818,0.0,0.9,0.05,0.95,60,3,57,0.45
0.75,0.2,0.8,0.025,2,3,30,0,27,0.55,1.0,0.1,1.0,0.181818,0.0,0.9,0.05,0.95,60,3,57,0.45
0.75,0.2,0.8,0.03,2,3,30,0,27,0.55,1.0,0.1,1.0,0.181818,0.0,0.9,0.05,0.95,60,3,57,0.45
0.75,0.2,0.85,,2,3,30,0,27,0.55,1.0,0.1,1.0,0.181818,0.0,0.9,0.05,0.95,60,3,57,0.45
0.75,0.2,0.85,0.015,2,3,30,0,27,0.55,1.0,0.1,1.0,0.181818,0.0,0.9,0.05,0.95,60,3,57,0.45
0.75,0.2,0.85,0.02,2,3,30,0,27,0.55,1.0,0.1,1.0,0.181818,0.0,0.9,0.05,0.95,60,3,57,0.45
0.75,0.2,0.85,0.025,2,3,30,0,27,0.55,1.0,0.1,1.0,0.181818,0.0,0.9,0.05,0.95,60,3,57,0.45
0.75,0.2,0.85,0.03,2,3,30,0,27,0.55,1.0,0.1,1.0,0.181818,0.0,0.9,0.05,0.95,60,3,57,0.45
0.75,0.3,0.85,,0,3,30,0,27,0.55,1.0,0.1,1.0,0.181818,0.0,0.9,0.05,0.95,60,3,57,0.45
0.75,0.3,0.85,,1,3,30,0,27,0.55,1.0,0.1,1.0,0.181818,0.0,0.9,0.05,0.95,60,3,57,0.45
0.75,0.3,0.85,0.015,0,3,30,0,27,0.55,1.0,0.1,1.0,0.181818,0.0,0.9,0.05,0.95,60,3,57,0.45
0.75,0.3,0.85,0.015,1,3,30,0,27,0.55,1.0,0.1,1.0,0.181818,0.0,0.9,0.05,0.95,60,3,57,0.45
0.75,0.3,0.85,0.02,0,3,30,0,27,0.55,1.0,0.1,1.0,0.181818,0.0,0.9,0.05,0.95,60,3,57,0.45
0.75,0.3,0.85,0.02,1,3,30,0,27,0.55,1.0,0.1,1.0,0.181818,0.0,0.9,0.05,0.95,60,3,57,0.45
0.75,0.3,0.85,0.025,0,3,30,0,27,0.55,1.0,0.1,1.0,0.181818,0.0,0.9,0.05,0.95,60,3,57,0.45
0.75,0.3,0.85,0.025,1,3,30,0,27,0.55,1.0,0.1,1.0,0.181818,0.0,0.9,0.05,0.95,60,3,57,0.45
0.75,0.3,0.85,0.03,0,3,30,0,27,0.55,1.0,0.1,1.0,0.181818,0.0,0.9,0.05,0.95,60,3,57,0.45
0.75,0.3,0.85,0.03,1,3,30,0,27,0.55,1.0,0.1,1.0,0.181818,0.0,0.9,0.05,0.95,60,3,57,0.45
0.8,0.1,0.85,,3,3,30,0,27,0.55,1.0,0.1,1.0,0.181818,0.0,0.9,0.05,0.95,60,3,57,0.45
0.8,0.1,0.85,0.015,3,3,30,0,27,0.55,1.0,0.1,1.0,0.181818,0.0,0.9,0.05,0.95,60,3,57,0.45
0.8,0.1,0.85,0.02,3,3,30,0,27,0.55,1.0,0.1,1.0,0.181818,0.0,0.9,0.05,0.95,60,3,57,0.45
0.8,0.1,0.85,0.025,3,3,30,0,27,0.55,1.0,0.1,1.0,0.181818,0.0,0.9,0.05,0.95,60,3,57,0.45
0.8,0.1,0.85,0.03,3,3,30,0,27,0.55,1.0,0.1,1.0,0.181818,0.0,0.9,0.05,0.95,60,3,57,0.45
0.8,0.15,,,3,3,30,0,27,0.55,1.0,0.1,1.0,0.181818,0.0,0.9,0.05,0.95,60,3,57,0.45
0.8,0.15,,0.015,3,3,30,0,27,0.55,1.0,0.1,1.0,0.181818,0.0,0.9,0.05,0.95,60,3,57,0.45
0.8,0.15,,0.02,3,3,30,0,27,0.55,1.0,0.1,1.0,0.181818,0.0,0.9,0.05,0.95,60,3,57,0.45
0.8,0.15,,0.025,3,3,30,0,27,0.55,1.0,0.1,1.0,0.181818,0.0,0.9,0.05,0.95,60,3,57,0.45
0.8,0.15,,0.03,3,3,30,0,27,0.55,1.0,0.1,1.0,0.181818,0.0,0.9,0.05,0.95,60,3,57,0.45
0.8,0.15,0.65,,3,3,30,0,27,0.55,1.0,0.1,1.0,0.181818,0.0,0.9,0.05,0.95,60,3,57,0.45
0.8,0.15,0.65,0.015,3,3,30,0,27,0.55,1.0,0.1,1.0,0.181818,0.0,0.9,0.05,0.95,60,3,57,0.45
0.8,0.15,0.65,0.02,3,3,30,0,27,0.55,1.0,0.1,1.0,0.181818,0.0,0.9,0.05,0.95,60,3,57,0.45
0.8,0.15,0.65,0.025,3,3,30,0,27,0.55,1.0,0.1,1.0,0.181818,0.0,0.9,0.05,0.95,60,3,57,0.45
0.8,0.15,0.65,0.03,3,3,30,0,27,0.55,1.0,0.1,1.0,0.181818,0.0,0.9,0.05,0.95,60,3,57,0.45
0.8,0.15,0.7,,3,3,30,0,27,0.55,1.0,0.1,1.0,0.181818,0.0,0.9,0.05,0.95,60,3,57,0.45
0.8,0.15,0.7,0.015,3,3,30,0,27,0.55,1.0,0.1,1.0,0.181818,0.0,0.9,0.05,0.95,60,3,57,0.45
0.8,0.15,0.7,0.02,3,3,30,0,27,0.55,1.0,0.1,1.0,0.181818,0.0,0.9,0.05,0.95,60,3,57,0.45
0.8,0.15,0.7,0.025,3,3,30,0,27,0.55,1.0,0.1,1.0,0.181818,0.0,0.9,0.05,0.95,60,3,57,0.45
0.8,0.15,0.7,0.03,3,3,30,0,27,0.55,1.0,0.1,1.0,0.181818,0.0,0.9,0.05,0.95,60,3,57,0.45
0.8,0.15,0.75,,3,3,30,0,27,0.55,1.0,0.1,1.0,0.181818,0.0,0.9,0.05,0.95,60,3,57,0.45
0.8,0.15,0.75,0.015,3,3,30,0,27,0.55,1.0,0.1,1.0,0.181818,0.0,0.9,0.05,0.95,60,3,57,0.45
0.8,0.15,0.75,0.02,3,3,30,0,27,0.55,1.0,0.1,1.0,0.181818,0.0,0.9,0.05,0.95,60,3,57,0.45
0.8,0.15,0.75,0.025,3,3,30,0,27,0.55,1.0,0.1,1.0,0.181818,0.0,0.9,0.05,0.95,60,3,57,0.45
0.8,0.15,0.75,0.03,3,3,30,0,27,0.55,1.0,0.1,1.0,0.181818,0.0,0.9,0.05,0.95,60,3,57,0.45
0.8,0.15,0.8,,3,3,30,0,27,0.55,1.0,0.1,1.0,0.181818,0.0,0.9,0.05,0.95,60,3,57,0.45
0.8,0.15,0.8,0.015,3,3,30,0,27,0.55,1.0,0.1,1.0,0.181818,0.0,0.9,0.05,0.95,60,3,57,0.45
0.8,0.15,0.8,0.02,3,3,30,0,27,0.55,1.0,0.1,1.0,0.181818,0.0,0.9,0.05,0.95,60,3,57,0.45
0.8,0.15,0.8,0.025,3,3,30,0,27,0.55,1.0,0.1,1.0,0.181818,0.0,0.9,0.05,0.95,60,3,57,0.45
0.8,0.15,0.8,0.03,3,3,30,0,27,0.55,1.0,0.1,1.0,0.181818,0.0,0.9,0.05,0.95,60,3,57,0.45
0.8,0.15,0.85,,2,3,30,0,27,0.55,1.0,0.1,1.0,0.181818,0.0,0.9,0.05,0.95,60,3,57,0.45
0.8,0.15,0.85,0.015,2,3,30,0,27,0.55,1.0,0.1,1.0,0.181818,0.0,0.9,0.05,0.95,60,3,57,0.45
0.8,0.15,0.85,0.02,2,3,30,0,27,0.55,1.0,0.1,1.0,0.181818,0.0,0.9,0.05,0.95,60,3,57,0.45
0.8,0.15,0.85,0.025,2,3,30,0,27,0.55,1.0,0.1,1.0,0.181818,0.0,0.9,0.05,0.95,60,3,57,0.45
0.8,0.15,0.85,0.03,2,3,30,0,27,0.55,1.0,0.1,1.0,0.181818,0.0,0.9,0.05,0.95,60,3,57,0.45
0.8,0.2,,0.015,2,3,30,0,27,0.55,1.0,0.1,1.0,0.181818,0.0,0.9,0.05,0.95,60,3,57,0.45
0.8,0.2,,0.02,2,3,30,0,27,0.55,1.0,0.1,1.0,0.181818,0.0,0.9,0.05,0.95,60,3,57,0.45
0.8,0.2,,0.025,2,3,30,0,27,0.55,1.0,0.1,1.0,0.181818,0.0,0.9,0.05,0.95,60,3,57,0.45
0.8,0.2,,0.03,2,3,30,0,27,0.55,1.0,0.1,1.0,0.181818,0.0,0.9,0.05,0.95,60,3,57,0.45
0.8,0.2,0.65,0.015,2,3,30,0,27,0.55,1.0,0.1,1.0,0.181818,0.0,0.9,0.05,0.95,60,3,57,0.45
0.8,0.2,0.65,0.02,2,3,30,0,27,0.55,1.0,0.1,1.0,0.181818,0.0,0.9,0.05,0.95,60,3,57,0.45
0.8,0.2,0.65,0.025,2,3,30,0,27,0.55,1.0,0.1,1.0,0.181818,0.0,0.9,0.05,0.95,60,3,57,0.45
0.8,0.2,0.65,0.03,2,3,30,0,27,0.55,1.0,0.1,1.0,0.181818,0.0,0.9,0.05,0.95,60,3,57,0.45
0.8,0.2,0.7,0.015,2,3,30,0,27,0.55,1.0,0.1,1.0,0.181818,0.0,0.9,0.05,0.95,60,3,57,0.45
0.8,0.2,0.7,0.02,2,3,30,0,27,0.55,1.0,0.1,1.0,0.181818,0.0,0.9,0.05,0.95,60,3,57,0.45
0.8,0.2,0.7,0.025,2,3,30,0,27,0.55,1.0,0.1,1.0,0.181818,0.0,0.9,0.05,0.95,60,3,57,0.45
0.8,0.2,0.7,0.03,2,3,30,0,27,0.55,1.0,0.1,1.0,0.181818,0.0,0.9,0.05,0.95,60,3,57,0.45
0.8,0.2,0.75,,2,3,30,0,27,0.55,1.0,0.1,1.0,0.181818,0.0,0.9,0.05,0.95,60,3,57,0.45
0.8,0.2,0.75,0.015,2,3,30,0,27,0.55,1.0,0.1,1.0,0.181818,0.0,0.9,0.05,0.95,60,3,57,0.45
0.8,0.2,0.75,0.02,2,3,30,0,27,0.55,1.0,0.1,1.0,0.181818,0.0,0.9,0.05,0.95,60,3,57,0.45
0.8,0.2,0.75,0.025,2,3,30,0,27,0.55,1.0,0.1,1.0,0.181818,0.0,0.9,0.05,0.95,60,3,57,0.45
0.8,0.2,0.75,0.03,2,3,30,0,27,0.55,1.0,0.1,1.0,0.181818,0.0,0.9,0.05,0.95,60,3,57,0.45
0.8,0.2,0.8,,2,3,30,0,27,0.55,1.0,0.1,1.0,0.181818,0.0,0.9,0.05,0.95,60,3,57,0.45
0.8,0.2,0.8,0.015,2,3,30,0,27,0.55,1.0,0.1,1.0,0.181818,0.0,0.9,0.05,0.95,60,3,57,0.45
0.8,0.2,0.8,0.02,2,3,30,0,27,0.55,1.0,0.1,1.0,0.181818,0.0,0.9,0.05,0.95,60,3,57,0.45
0.8,0.2,0.8,0.025,2,3,30,0,27,0.55,1.0,0.1,1.0,0.181818,0.0,0.9,0.05,0.95,60,3,57,0.45
0.8,0.2,0.8,0.03,2,3,30,0,27,0.55,1.0,0.1,1.0,0.181818,0.0,0.9,0.05,0.95,60,3,57,0.45
0.8,0.2,0.85,,2,3,30,0,27,0.55,1.0,0.1,1.0,0.181818,0.0,0.9,0.05,0.95,60,3,57,0.45
0.8,0.2,0.85,0.015,2,3,30,0,27,0.55,1.0,0.1,1.0,0.181818,0.0,0.9,0.05,0.95,60,3,57,0.45
0.8,0.2,0.85,0.02,2,3,30,0,27,0.55,1.0,0.1,1.0,0.181818,0.0,0.9,0.05,0.95,60,3,57,0.45
0.8,0.2,0.85,0.025,2,3,30,0,27,0.55,1.0,0.1,1.0,0.181818,0.0,0.9,0.05,0.95,60,3,57,0.45
0.8,0.2,0.85,0.03,2,3,30,0,27,0.55,1.0,0.1,1.0,0.181818,0.0,0.9,0.05,0.95,60,3,57,0.45
0.8,0.3,0.85,,0,3,30,0,27,0.55,1.0,0.1,1.0,0.181818,0.0,0.9,0.05,0.95,60,3,57,0.45
0.8,0.3,0.85,,1,3,30,0,27,0.55,1.0,0.1,1.0,0.181818,0.0,0.9,0.05,0.95,60,3,57,0.45
0.8,0.3,0.85,0.015,0,3,30,0,27,0.55,1.0,0.1,1.0,0.181818,0.0,0.9,0.05,0.95,60,3,57,0.45
0.8,0.3,0.85,0.015,1,3,30,0,27,0.55,1.0,0.1,1.0,0.181818,0.0,0.9,0.05,0.95,60,3,57,0.45
0.8,0.3,0.85,0.02,0,3,30,0,27,0.55,1.0,0.1,1.0,0.181818,0.0,0.9,0.05,0.95,60,3,57,0.45
0.8,0.3,0.85,0.02,1,3,30,0,27,0.55,1.0,0.1,1.0,0.181818,0.0,0.9,0.05,0.95,60,3,57,0.45
0.8,0.3,0.85,0.025,0,3,30,0,27,0.55,1.0,0.1,1.0,0.181818,0.0,0.9,0.05,0.95,60,3,57,0.45
0.8,0.3,0.85,0.025,1,3,30,0,27,0.55,1.0,0.1,1.0,0.181818,0.0,0.9,0.05,0.95,60,3,57,0.45
0.8,0.3,0.85,0.03,0,3,30,0,27,0.55,1.0,0.1,1.0,0.181818,0.0,0.9,0.05,0.95,60,3,57,0.45
0.8,0.3,0.85,0.03,1,3,30,0,27,0.55,1.0,0.1,1.0,0.181818,0.0,0.9,0.05,0.95,60,3,57,0.45
0.85,0.1,0.85,,3,3,30,0,27,0.55,1.0,0.1,1.0,0.181818,0.0,0.9,0.05,0.95,60,3,57,0.45
0.85,0.1,0.85,0.015,3,3,30,0,27,0.55,1.0,0.1,1.0,0.181818,0.0,0.9,0.05,0.95,60,3,57,0.45
0.85,0.1,0.85,0.02,3,3,30,0,27,0.55,1.0,0.1,1.0,0.181818,0.0,0.9,0.05,0.95,60,3,57,0.45
0.85,0.1,0.85,0.025,3,3,30,0,27,0.55,1.0,0.1,1.0,0.181818,0.0,0.9,0.05,0.95,60,3,57,0.45
0.85,0.1,0.85,0.03,3,3,30,0,27,0.55,1.0,0.1,1.0,0.181818,0.0,0.9,0.05,0.95,60,3,57,0.45
0.85,0.15,,,3,3,30,0,27,0.55,1.0,0.1,1.0,0.181818,0.0,0.9,0.05,0.95,60,3,57,0.45
0.85,0.15,,0.015,3,3,30,0,27,0.55,1.0,0.1,1.0,0.181818,0.0,0.9,0.05,0.95,60,3,57,0.45
0.85,0.15,,0.02,3,3,30,0,27,0.55,1.0,0.1,1.0,0.181818,0.0,0.9,0.05,0.95,60,3,57,0.45
0.85,0.15,,0.025,3,3,30,0,27,0.55,1.0,0.1,1.0,0.181818,0.0,0.9,0.05,0.95,60,3,57,0.45
0.85,0.15,,0.03,3,3,30,0,27,0.55,1.0,0.1,1.0,0.181818,0.0,0.9,0.05,0.95,60,3,57,0.45
0.85,0.15,0.65,,3,3,30,0,27,0.55,1.0,0.1,1.0,0.181818,0.0,0.9,0.05,0.95,60,3,57,0.45
0.85,0.15,0.65,0.015,3,3,30,0,27,0.55,1.0,0.1,1.0,0.181818,0.0,0.9,0.05,0.95,60,3,57,0.45
0.85,0.15,0.65,0.02,3,3,30,0,27,0.55,1.0,0.1,1.0,0.181818,0.0,0.9,0.05,0.95,60,3,57,0.45
0.85,0.15,0.65,0.025,3,3,30,0,27,0.55,1.0,0.1,1.0,0.181818,0.0,0.9,0.05,0.95,60,3,57,0.45
0.85,0.15,0.65,0.03,3,3,30,0,27,0.55,1.0,0.1,1.0,0.181818,0.0,0.9,0.05,0.95,60,3,57,0.45
0.85,0.15,0.7,,3,3,30,0,27,0.55,1.0,0.1,1.0,0.181818,0.0,0.9,0.05,0.95,60,3,57,0.45
0.85,0.15,0.7,0.015,3,3,30,0,27,0.55,1.0,0.1,1.0,0.181818,0.0,0.9,0.05,0.95,60,3,57,0.45
0.85,0.15,0.7,0.02,3,3,30,0,27,0.55,1.0,0.1,1.0,0.181818,0.0,0.9,0.05,0.95,60,3,57,0.45
0.85,0.15,0.7,0.025,3,3,30,0,27,0.55,1.0,0.1,1.0,0.181818,0.0,0.9,0.05,0.95,60,3,57,0.45
0.85,0.15,0.7,0.03,3,3,30,0,27,0.55,1.0,0.1,1.0,0.181818,0.0,0.9,0.05,0.95,60,3,57,0.45
0.85,0.15,0.75,,3,3,30,0,27,0.55,1.0,0.1,1.0,0.181818,0.0,0.9,0.05,0.95,60,3,57,0.45
0.85,0.15,0.75,0.015,3,3,30,0,27,0.55,1.0,0.1,1.0,0.181818,0.0,0.9,0.05,0.95,60,3,57,0.45
0.85,0.15,0.75,0.02,3,3,30,0,27,0.55,1.0,0.1,1.0,0.181818,0.0,0.9,0.05,0.95,60,3,57,0.45
0.85,0.15,0.75,0.025,3,3,30,0,27,0.55,1.0,0.1,1.0,0.181818,0.0,0.9,0.05,0.95,60,3,57,0.45
0.85,0.15,0.75,0.03,3,3,30,0,27,0.55,1.0,0.1,1.0,0.181818,0.0,0.9,0.05,0.95,60,3,57,0.45
0.85,0.15,0.8,,3,3,30,0,27,0.55,1.0,0.1,1.0,0.181818,0.0,0.9,0.05,0.95,60,3,57,0.45
0.85,0.15,0.8,0.015,3,3,30,0,27,0.55,1.0,0.1,1.0,0.181818,0.0,0.9,0.05,0.95,60,3,57,0.45
0.85,0.15,0.8,0.02,3,3,30,0,27,0.55,1.0,0.1,1.0,0.181818,0.0,0.9,0.05,0.95,60,3,57,0.45
0.85,0.15,0.8,0.025,3,3,30,0,27,0.55,1.0,0.1,1.0,0.181818,0.0,0.9,0.05,0.95,60,3,57,0.45
0.85,0.15,0.8,0.03,3,3,30,0,27,0.55,1.0,0.1,1.0,0.181818,0.0,0.9,0.05,0.95,60,3,57,0.45
0.85,0.15,0.85,,2,3,30,0,27,0.55,1.0,0.1,1.0,0.181818,0.0,0.9,0.05,0.95,60,3,57,0.45
0.85,0.15,0.85,0.015,2,3,30,0,27,0.55,1.0,0.1,1.0,0.181818,0.0,0.9,0.05,0.95,60,3,57,0.45
0.85,0.15,0.85,0.02,2,3,30,0,27,0.55,1.0,0.1,1.0,0.181818,0.0,0.9,0.05,0.95,60,3,57,0.45
0.85,0.15,0.85,0.025,2,3,30,0,27,0.55,1.0,0.1,1.0,0.181818,0.0,0.9,0.05,0.95,60,3,57,0.45
0.85,0.15,0.85,0.03,2,3,30,0,27,0.55,1.0,0.1,1.0,0.181818,0.0,0.9,0.05,0.95,60,3,57,0.45
0.85,0.2,,0.015,2,3,30,0,27,0.55,1.0,0.1,1.0,0.181818,0.0,0.9,0.05,0.95,60,3,57,0.45
0.85,0.2,,0.02,2,3,30,0,27,0.55,1.0,0.1,1.0,0.181818,0.0,0.9,0.05,0.95,60,3,57,0.45
0.85,0.2,,0.025,2,3,30,0,27,0.55,1.0,0.1,1.0,0.181818,0.0,0.9,0.05,0.95,60,3,57,0.45
0.85,0.2,,0.03,2,3,30,0,27,0.55,1.0,0.1,1.0,0.181818,0.0,0.9,0.05,0.95,60,3,57,0.45
0.85,0.2,0.65,0.015,2,3,30,0,27,0.55,1.0,0.1,1.0,0.181818,0.0,0.9,0.05,0.95,60,3,57,0.45
0.85,0.2,0.65,0.02,2,3,30,0,27,0.55,1.0,0.1,1.0,0.181818,0.0,0.9,0.05,0.95,60,3,57,0.45
0.85,0.2,0.65,0.025,2,3,30,0,27,0.55,1.0,0.1,1.0,0.181818,0.0,0.9,0.05,0.95,60,3,57,0.45
0.85,0.2,0.65,0.03,2,3,30,0,27,0.55,1.0,0.1,1.0,0.181818,0.0,0.9,0.05,0.95,60,3,57,0.45
0.85,0.2,0.7,0.015,2,3,30,0,27,0.55,1.0,0.1,1.0,0.181818,0.0,0.9,0.05,0.95,60,3,57,0.45
0.85,0.2,0.7,0.02,2,3,30,0,27,0.55,1.0,0.1,1.0,0.181818,0.0,0.9,0.05,0.95,60,3,57,0.45
0.85,0.2,0.7,0.025,2,3,30,0,27,0.55,1.0,0.1,1.0,0.181818,0.0,0.9,0.05,0.95,60,3,57,0.45
0.85,0.2,0.7,0.03,2,3,30,0,27,0.55,1.0,0.1,1.0,0.181818,0.0,0.9,0.05,0.95,60,3,57,0.45
0.85,0.2,0.75,,2,3,30,0,27,0.55,1.0,0.1,1.0,0.181818,0.0,0.9,0.05,0.95,60,3,57,0.45
0.85,0.2,0.75,0.015,2,3,30,0,27,0.55,1.0,0.1,1.0,0.181818,0.0,0.9,0.05,0.95,60,3,57,0.45
0.85,0.2,0.75,0.02,2,3,30,0,27,0.55,1.0,0.1,1.0,0.181818,0.0,0.9,0.05,0.95,60,3,57,0.45
0.85,0.2,0.75,0.025,2,3,30,0,27,0.55,1.0,0.1,1.0,0.181818,0.0,0.9,0.05,0.95,60,3,57,0.45
0.85,0.2,0.75,0.03,2,3,30,0,27,0.55,1.0,0.1,1.0,0.181818,0.0,0.9,0.05,0.95,60,3,57,0.45
0.85,0.2,0.8,,2,3,30,0,27,0.55,1.0,0.1,1.0,0.181818,0.0,0.9,0.05,0.95,60,3,57,0.45
0.85,0.2,0.8,0.015,2,3,30,0,27,0.55,1.0,0.1,1.0,0.181818,0.0,0.9,0.05,0.95,60,3,57,0.45
0.85,0.2,0.8,0.02,2,3,30,0,27,0.55,1.0,0.1,1.0,0.181818,0.0,0.9,0.05,0.95,60,3,57,0.45
0.85,0.2,0.8,0.025,2,3,30,0,27,0.55,1.0,0.1,1.0,0.181818,0.0,0.9,0.05,0.95,60,3,57,0.45
0.85,0.2,0.8,0.03,2,3,30,0,27,0.55,1.0,0.1,1.0,0.181818,0.0,0.9,0.05,0.95,60,3,57,0.45
0.85,0.2,0.85,,2,3,30,0,27,0.55,1.0,0.1,1.0,0.181818,0.0,0.9,0.05,0.95,60,3,57,0.45
0.85,0.2,0.85,0.015,2,3,30,0,27,0.55,1.0,0.1,1.0,0.181818,0.0,0.9,0.05,0.95,60,3,57,0.45
0.85,0.2,0.85,0.02,2,3,30,0,27,0.55,1.0,0.1,1.0,0.181818,0.0,0.9,0.05,0.95,60,3,57,0.45
0.85,0.2,0.85,0.025,2,3,30,0,27,0.55,1.0,0.1,1.0,0.181818,0.0,0.9,0.05,0.95,60,3,57,0.45
0.85,0.2,0.85,0.03,2,3,30,0,27,0.55,1.0,0.1,1.0,0.181818,0.0,0.9,0.05,0.95,60,3,57,0.45
0.85,0.3,0.85,,0,3,30,0,27,0.55,1.0,0.1,1.0,0.181818,0.0,0.9,0.05,0.95,60,3,57,0.45
0.85,0.3,0.85,,1,3,30,0,27,0.55,1.0,0.1,1.0,0.181818,0.0,0.9,0.05,0.95,60,3,57,0.45
0.85,0.3,0.85,0.015,0,3,30,0,27,0.55,1.0,0.1,1.0,0.181818,0.0,0.9,0.05,0.95,60,3,57,0.45
0.85,0.3,0.85,0.015,1,3,30,0,27,0.55,1.0,0.1,1.0,0.181818,0.0,0.9,0.05,0.95,60,3,57,0.45
0.85,0.3,0.85,0.02,0,3,30,0,27,0.55,1.0,0.1,1.0,0.181818,0.0,0.9,0.05,0.95,60,3,57,0.45
0.85,0.3,0.85,0.02,1,3,30,0,27,0.55,1.0,0.1,1.0,0.181818,0.0,0.9,0.05,0.95,60,3,57,0.45
0.85,0.3,0.85,0.025,0,3,30,0,27,0.55,1.0,0.1,1.0,0.181818,0.0,0.9,0.05,0.95,60,3,57,0.45
0.85,0.3,0.85,0.025,1,3,30,0,27,0.55,1.0,0.1,1.0,0.181818,0.0,0.9,0.05,0.95,60,3,57,0.45
0.85,0.3,0.85,0.03,0,3,30,0,27,0.55,1.0,0.1,1.0,0.181818,0.0,0.9,0.05,0.95,60,3,57,0.45
0.85,0.3,0.85,0.03,1,3,30,0,27,0.55,1.0,0.1,1.0,0.181818,0.0,0.9,0.05,0.95,60,3,57,0.45
0.9,0.1,0.85,,3,3,30,0,27,0.55,1.0,0.1,1.0,0.181818,0.0,0.9,0.05,0.95,60,3,57,0.45
0.9,0.1,0.85,0.015,3,3,30,0,27,0.55,1.0,0.1,1.0,0.181818,0.0,0.9,0.05,0.95,60,3,57,0.45
0.9,0.1,0.85,0.02,3,3,30,0,27,0.55,1.0,0.1,1.0,0.181818,0.0,0.9,0.05,0.95,60,3,57,0.45
0.9,0.1,0.85,0.025,3,3,30,0,27,0.55,1.0,0.1,1.0,0.181818,0.0,0.9,0.05,0.95,60,3,57,0.45
0.9,0.1,0.85,0.03,3,3,30,0,27,0.55,1.0,0.1,1.0,0.181818,0.0,0.9,0.05,0.95,60,3,57,0.45
0.9,0.15,,,3,3,30,0,27,0.55,1.0,0.1,1.0,0.181818,0.0,0.9,0.05,0.95,60,3,57,0.45
0.9,0.15,,0.015,3,3,30,0,27,0.55,1.0,0.1,1.0,0.181818,0.0,0.9,0.05,0.95,60,3,57,0.45
0.9,0.15,,0.02,3,3,30,0,27,0.55,1.0,0.1,1.0,0.181818,0.0,0.9,0.05,0.95,60,3,57,0.45
0.9,0.15,,0.025,3,3,30,0,27,0.55,1.0,0.1,1.0,0.181818,0.0,0.9,0.05,0.95,60,3,57,0.45
0.9,0.15,,0.03,3,3,30,0,27,0.55,1.0,0.1,1.0,0.181818,0.0,0.9,0.05,0.95,60,3,57,0.45
0.9,0.15,0.65,,3,3,30,0,27,0.55,1.0,0.1,1.0,0.181818,0.0,0.9,0.05,0.95,60,3,57,0.45
0.9,0.15,0.65,0.015,3,3,30,0,27,0.55,1.0,0.1,1.0,0.181818,0.0,0.9,0.05,0.95,60,3,57,0.45
0.9,0.15,0.65,0.02,3,3,30,0,27,0.55,1.0,0.1,1.0,0.181818,0.0,0.9,0.05,0.95,60,3,57,0.45
0.9,0.15,0.65,0.025,3,3,30,0,27,0.55,1.0,0.1,1.0,0.181818,0.0,0.9,0.05,0.95,60,3,57,0.45
0.9,0.15,0.65,0.03,3,3,30,0,27,0.55,1.0,0.1,1.0,0.181818,0.0,0.9,0.05,0.95,60,3,57,0.45
0.9,0.15,0.7,,3,3,30,0,27,0.55,1.0,0.1,1.0,0.181818,0.0,0.9,0.05,0.95,60,3,57,0.45
0.9,0.15,0.7,0.015,3,3,30,0,27,0.55,1.0,0.1,1.0,0.181818,0.0,0.9,0.05,0.95,60,3,57,0.45
0.9,0.15,0.7,0.02,3,3,30,0,27,0.55,1.0,0.1,1.0,0.181818,0.0,0.9,0.05,0.95,60,3,57,0.45
0.9,0.15,0.7,0.025,3,3,30,0,27,0.55,1.0,0.1,1.0,0.181818,0.0,0.9,0.05,0.95,60,3,57,0.45
0.9,0.15,0.7,0.03,3,3,30,0,27,0.55,1.0,0.1,1.0,0.181818,0.0,0.9,0.05,0.95,60,3,57,0.45
0.9,0.15,0.75,,3,3,30,0,27,0.55,1.0,0.1,1.0,0.181818,0.0,0.9,0.05,0.95,60,3,57,0.45
0.9,0.15,0.75,0.015,3,3,30,0,27,0.55,1.0,0.1,1.0,0.181818,0.0,0.9,0.05,0.95,60,3,57,0.45
0.9,0.15,0.75,0.02,3,3,30,0,27,0.55,1.0,0.1,1.0,0.181818,0.0,0.9,0.05,0.95,60,3,57,0.45
0.9,0.15,0.75,0.025,3,3,30,0,27,0.55,1.0,0.1,1.0,0.181818,0.0,0.9,0.05,0.95,60,3,57,0.45
0.9,0.15,0.75,0.03,3,3,30,0,27,0.55,1.0,0.1,1.0,0.181818,0.0,0.9,0.05,0.95,60,3,57,0.45
0.9,0.15,0.8,,3,3,30,0,27,0.55,1.0,0.1,1.0,0.181818,0.0,0.9,0.05,0.95,60,3,57,0.45
0.9,0.15,0.8,0.015,3,3,30,0,27,0.55,1.0,0.1,1.0,0.181818,0.0,0.9,0.05,0.95,60,3,57,0.45
0.9,0.15,0.8,0.02,3,3,30,0,27,0.55,1.0,0.1,1.0,0.181818,0.0,0.9,0.05,0.95,60,3,57,0.45
0.9,0.15,0.8,0.025,3,3,30,0,27,0.55,1.0,0.1,1.0,0.181818,0.0,0.9,0.05,0.95,60,3,57,0.45
0.9,0.15,0.8,0.03,3,3,30,0,27,0.55,1.0,0.1,1.0,0.181818,0.0,0.9,0.05,0.95,60,3,57,0.45
0.9,0.15,0.85,,2,3,30,0,27,0.55,1.0,0.1,1.0,0.181818,0.0,0.9,0.05,0.95,60,3,57,0.45
0.9,0.15,0.85,0.015,2,3,30,0,27,0.55,1.0,0.1,1.0,0.181818,0.0,0.9,0.05,0.95,60,3,57,0.45
0.9,0.15,0.85,0.02,2,3,30,0,27,0.55,1.0,0.1,1.0,0.181818,0.0,0.9,0.05,0.95,60,3,57,0.45
0.9,0.15,0.85,0.025,2,3,30,0,27,0.55,1.0,0.1,1.0,0.181818,0.0,0.9,0.05,0.95,60,3,57,0.45
0.9,0.15,0.85,0.03,2,3,30,0,27,0.55,1.0,0.1,1.0,0.181818,0.0,0.9,0.05,0.95,60,3,57,0.45
0.9,0.2,,0.015,2,3,30,0,27,0.55,1.0,0.1,1.0,0.181818,0.0,0.9,0.05,0.95,60,3,57,0.45
0.9,0.2,,0.02,2,3,30,0,27,0.55,1.0,0.1,1.0,0.181818,0.0,0.9,0.05,0.95,60,3,57,0.45
0.9,0.2,,0.025,2,3,30,0,27,0.55,1.0,0.1,1.0,0.181818,0.0,0.9,0.05,0.95,60,3,57,0.45
0.9,0.2,,0.03,2,3,30,0,27,0.55,1.0,0.1,1.0,0.181818,0.0,0.9,0.05,0.95,60,3,57,0.45
0.9,0.2,0.65,0.015,2,3,30,0,27,0.55,1.0,0.1,1.0,0.181818,0.0,0.9,0.05,0.95,60,3,57,0.45
0.9,0.2,0.65,0.02,2,3,30,0,27,0.55,1.0,0.1,1.0,0.181818,0.0,0.9,0.05,0.95,60,3,57,0.45
0.9,0.2,0.65,0.025,2,3,30,0,27,0.55,1.0,0.1,1.0,0.181818,0.0,0.9,0.05,0.95,60,3,57,0.45
0.9,0.2,0.65,0.03,2,3,30,0,27,0.55,1.0,0.1,1.0,0.181818,0.0,0.9,0.05,0.95,60,3,57,0.45
0.9,0.2,0.7,0.015,2,3,30,0,27,0.55,1.0,0.1,1.0,0.181818,0.0,0.9,0.05,0.95,60,3,57,0.45
0.9,0.2,0.7,0.02,2,3,30,0,27,0.55,1.0,0.1,1.0,0.181818,0.0,0.9,0.05,0.95,60,3,57,0.45
0.9,0.2,0.7,0.025,2,3,30,0,27,0.55,1.0,0.1,1.0,0.181818,0.0,0.9,0.05,0.95,60,3,57,0.45
0.9,0.2,0.7,0.03,2,3,30,0,27,0.55,1.0,0.1,1.0,0.181818,0.0,0.9,0.05,0.95,60,3,57,0.45
0.9,0.2,0.75,,2,3,30,0,27,0.55,1.0,0.1,1.0,0.181818,0.0,0.9,0.05,0.95,60,3,57,0.45
0.9,0.2,0.75,0.015,2,3,30,0,27,0.55,1.0,0.1,1.0,0.181818,0.0,0.9,0.05,0.95,60,3,57,0.45
0.9,0.2,0.75,0.02,2,3,30,0,27,0.55,1.0,0.1,1.0,0.181818,0.0,0.9,0.05,0.95,60,3,57,0.45
0.9,0.2,0.75,0.025,2,3,30,0,27,0.55,1.0,0.1,1.0,0.181818,0.0,0.9,0.05,0.95,60,3,57,0.45
0.9,0.2,0.75,0.03,2,3,30,0,27,0.55,1.0,0.1,1.0,0.181818,0.0,0.9,0.05,0.95,60,3,57,0.45
0.9,0.2,0.8,,2,3,30,0,27,0.55,1.0,0.1,1.0,0.181818,0.0,0.9,0.05,0.95,60,3,57,0.45
0.9,0.2,0.8,0.015,2,3,30,0,27,0.55,1.0,0.1,1.0,0.181818,0.0,0.9,0.05,0.95,60,3,57,0.45
0.9,0.2,0.8,0.02,2,3,30,0,27,0.55,1.0,0.1,1.0,0.181818,0.0,0.9,0.05,0.95,60,3,57,0.45
0.9,0.2,0.8,0.025,2,3,30,0,27,0.55,1.0,0.1,1.0,0.181818,0.0,0.9,0.05,0.95,60,3,57,0.45
0.9,0.2,0.8,0.03,2,3,30,0,27,0.55,1.0,0.1,1.0,0.181818,0.0,0.9,0.05,0.95,60,3,57,0.45
0.9,0.2,0.85,,2,3,30,0,27,0.55,1.0,0.1,1.0,0.181818,0.0,0.9,0.05,0.95,60,3,57,0.45
0.9,0.2,0.85,0.015,2,3,30,0,27,0.55,1.0,0.1,1.0,0.181818,0.0,0.9,0.05,0.95,60,3,57,0.45
0.9,0.2,0.85,0.02,2,3,30,0,27,0.55,1.0,0.1,1.0,0.181818,0.0,0.9,0.05,0.95,60,3,57,0.45
0.9,0.2,0.85,0.025,2,3,30,0,27,0.55,1.0,0.1,1.0,0.181818,0.0,0.9,0.05,0.95,60,3,57,0.45
0.9,0.2,0.85,0.03,2,3,30,0,27,0.55,1.0,0.1,1.0,0.181818,0.0,0.9,0.05,0.95,60,3,57,0.45
0.9,0.3,0.85,,0,3,30,0,27,0.55,1.0,0.1,1.0,0.181818,0.0,0.9,0.05,0.95,60,3,57,0.45
0.9,0.3,0.85,,1,3,30,0,27,0.55,1.0,0.1,1.0,0.181818,0.0,0.9,0.05,0.95,60,3,57,0.45
0.9,0.3,0.85,0.015,0,3,30,0,27,0.55,1.0,0.1,1.0,0.181818,0.0,0.9,0.05,0.95,60,3,57,0.45
0.9,0.3,0.85,0.015,1,3,30,0,27,0.55,1.0,0.1,1.0,0.181818,0.0,0.9,0.05,0.95,60,3,57,0.45
0.9,0.3,0.85,0.02,0,3,30,0,27,0.55,1.0,0.1,1.0,0.181818,0.0,0.9,0.05,0.95,60,3,57,0.45
0.9,0.3,0.85,0.02,1,3,30,0,27,0.55,1.0,0.1,1.0,0.181818,0.0,0.9,0.05,0.95,60,3,57,0.45
0.9,0.3,0.85,0.025,0,3,30,0,27,0.55,1.0,0.1,1.0,0.181818,0.0,0.9,0.05,0.95,60,3,57,0.45
0.9,0.3,0.85,0.025,1,3,30,0,27,0.55,1.0,0.1,1.0,0.181818,0.0,0.9,0.05,0.95,60,3,57,0.45
0.9,0.3,0.85,0.03,0,3,30,0,27,0.55,1.0,0.1,1.0,0.181818,0.0,0.9,0.05,0.95,60,3,57,0.45
0.9,0.3,0.85,0.03,1,3,30,0,27,0.55,1.0,0.1,1.0,0.181818,0.0,0.9,0.05,0.95,60,3,57,0.45
0.95,0.1,0.85,,3,3,30,0,27,0.55,1.0,0.1,1.0,0.181818,0.0,0.9,0.05,0.95,60,3,57,0.45
0.95,0.1,0.85,0.015,3,3,30,0,27,0.55,1.0,0.1,1.0,0.181818,0.0,0.9,0.05,0.95,60,3,57,0.45
0.95,0.1,0.85,0.02,3,3,30,0,27,0.55,1.0,0.1,1.0,0.181818,0.0,0.9,0.05,0.95,60,3,57,0.45
0.95,0.1,0.85,0.025,3,3,30,0,27,0.55,1.0,0.1,1.0,0.181818,0.0,0.9,0.05,0.95,60,3,57,0.45
0.95,0.1,0.85,0.03,3,3,30,0,27,0.55,1.0,0.1,1.0,0.181818,0.0,0.9,0.05,0.95,60,3,57,0.45
0.95,0.15,,,3,3,30,0,27,0.55,1.0,0.1,1.0,0.181818,0.0,0.9,0.05,0.95,60,3,57,0.45
0.95,0.15,,0.015,3,3,30,0,27,0.55,1.0,0.1,1.0,0.181818,0.0,0.9,0.05,0.95,60,3,57,0.45
0.95,0.15,,0.02,3,3,30,0,27,0.55,1.0,0.1,1.0,0.181818,0.0,0.9,0.05,0.95,60,3,57,0.45
0.95,0.15,,0.025,3,3,30,0,27,0.55,1.0,0.1,1.0,0.181818,0.0,0.9,0.05,0.95,60,3,57,0.45
0.95,0.15,,0.03,3,3,30,0,27,0.55,1.0,0.1,1.0,0.181818,0.0,0.9,0.05,0.95,60,3,57,0.45
0.95,0.15,0.65,,3,3,30,0,27,0.55,1.0,0.1,1.0,0.181818,0.0,0.9,0.05,0.95,60,3,57,0.45
0.95,0.15,0.65,0.015,3,3,30,0,27,0.55,1.0,0.1,1.0,0.181818,0.0,0.9,0.05,0.95,60,3,57,0.45
0.95,0.15,0.65,0.02,3,3,30,0,27,0.55,1.0,0.1,1.0,0.181818,0.0,0.9,0.05,0.95,60,3,57,0.45
0.95,0.15,0.65,0.025,3,3,30,0,27,0.55,1.0,0.1,1.0,0.181818,0.0,0.9,0.05,0.95,60,3,57,0.45
0.95,0.15,0.65,0.03,3,3,30,0,27,0.55,1.0,0.1,1.0,0.181818,0.0,0.9,0.05,0.95,60,3,57,0.45
0.95,0.15,0.7,,3,3,30,0,27,0.55,1.0,0.1,1.0,0.181818,0.0,0.9,0.05,0.95,60,3,57,0.45
0.95,0.15,0.7,0.015,3,3,30,0,27,0.55,1.0,0.1,1.0,0.181818,0.0,0.9,0.05,0.95,60,3,57,0.45
0.95,0.15,0.7,0.02,3,3,30,0,27,0.55,1.0,0.1,1.0,0.181818,0.0,0.9,0.05,0.95,60,3,57,0.45
0.95,0.15,0.7,0.025,3,3,30,0,27,0.55,1.0,0.1,1.0,0.181818,0.0,0.9,0.05,0.95,60,3,57,0.45
0.95,0.15,0.7,0.03,3,3,30,0,27,0.55,1.0,0.1,1.0,0.181818,0.0,0.9,0.05,0.95,60,3,57,0.45
0.95,0.15,0.75,,3,3,30,0,27,0.55,1.0,0.1,1.0,0.181818,0.0,0.9,0.05,0.95,60,3,57,0.45
0.95,0.15,0.75,0.015,3,3,30,0,27,0.55,1.0,0.1,1.0,0.181818,0.0,0.9,0.05,0.95,60,3,57,0.45
0.95,0.15,0.75,0.02,3,3,30,0,27,0.55,1.0,0.1,1.0,0.181818,0.0,0.9,0.05,0.95,60,3,57,0.45
0.95,0.15,0.75,0.025,3,3,30,0,27,0.55,1.0,0.1,1.0,0.181818,0.0,0.9,0.05,0.95,60,3,57,0.45
0.95,0.15,0.75,0.03,3,3,30,0,27,0.55,1.0,0.1,1.0,0.181818,0.0,0.9,0.05,0.95,60,3,57,0.45
0.95,0.15,0.8,,3,3,30,0,27,0.55,1.0,0.1,1.0,0.181818,0.0,0.9,0.05,0.95,60,3,57,0.45
0.95,0.15,0.8,0.015,3,3,30,0,27,0.55,1.0,0.1,1.0,0.181818,0.0,0.9,0.05,0.95,60,3,57,0.45
0.95,0.15,0.8,0.02,3,3,30,0,27,0.55,1.0,0.1,1.0,0.181818,0.0,0.9,0.05,0.95,60,3,57,0.45
0.95,0.15,0.8,0.025,3,3,30,0,27,0.55,1.0,0.1,1.0,0.181818,0.0,0.9,0.05,0.95,60,3,57,0.45
0.95,0.15,0.8,0.03,3,3,30,0,27,0.55,1.0,0.1,1.0,0.181818,0.0,0.9,0.05,0.95,60,3,57,0.45
0.95,0.15,0.85,,2,3,30,0,27,0.55,1.0,0.1,1.0,0.181818,0.0,0.9,0.05,0.95,60,3,57,0.45
0.95,0.15,0.85,0.015,2,3,30,0,27,0.55,1.0,0.1,1.0,0.181818,0.0,0.9,0.05,0.95,60,3,57,0.45
0.95,0.15,0.85,0.02,2,3,30,0,27,0.55,1.0,0.1,1.0,0.181818,0.0,0.9,0.05,0.95,60,3,57,0.45
0.95,0.15,0.85,0.025,2,3,30,0,27,0.55,1.0,0.1,1.0,0.181818,0.0,0.9,0.05,0.95,60,3,57,0.45
0.95,0.15,0.85,0.03,2,3,30,0,27,0.55,1.0,0.1,1.0,0.181818,0.0,0.9,0.05,0.95,60,3,57,0.45
0.95,0.2,,0.015,2,3,30,0,27,0.55,1.0,0.1,1.0,0.181818,0.0,0.9,0.05,0.95,60,3,57,0.45
0.95,0.2,,0.02,2,3,30,0,27,0.55,1.0,0.1,1.0,0.181818,0.0,0.9,0.05,0.95,60,3,57,0.45
0.95,0.2,,0.025,2,3,30,0,27,0.55,1.0,0.1,1.0,0.181818,0.0,0.9,0.05,0.95,60,3,57,0.45
0.95,0.2,,0.03,2,3,30,0,27,0.55,1.0,0.1,1.0,0.181818,0.0,0.9,0.05,0.95,60,3,57,0.45
0.95,0.2,0.65,0.015,2,3,30,0,27,0.55,1.0,0.1,1.0,0.181818,0.0,0.9,0.05,0.95,60,3,57,0.45
0.95,0.2,0.65,0.02,2,3,30,0,27,0.55,1.0,0.1,1.0,0.181818,0.0,0.9,0.05,0.95,60,3,57,0.45
0.95,0.2,0.65,0.025,2,3,30,0,27,0.55,1.0,0.1,1.0,0.181818,0.0,0.9,0.05,0.95,60,3,57,0.45
0.95,0.2,0.65,0.03,2,3,30,0,27,0.55,1.0,0.1,1.0,0.181818,0.0,0.9,0.05,0.95,60,3,57,0.45
0.95,0.2,0.7,0.015,2,3,30,0,27,0.55,1.0,0.1,1.0,0.181818,0.0,0.9,0.05,0.95,60,3,57,0.45
0.95,0.2,0.7,0.02,2,3,30,0,27,0.55,1.0,0.1,1.0,0.181818,0.0,0.9,0.05,0.95,60,3,57,0.45
0.95,0.2,0.7,0.025,2,3,30,0,27,0.55,1.0,0.1,1.0,0.181818,0.0,0.9,0.05,0.95,60,3,57,0.45
0.95,0.2,0.7,0.03,2,3,30,0,27,0.55,1.0,0.1,1.0,0.181818,0.0,0.9,0.05,0.95,60,3,57,0.45
0.95,0.2,0.75,,2,3,30,0,27,0.55,1.0,0.1,1.0,0.181818,0.0,0.9,0.05,0.95,60,3,57,0.45
0.95,0.2,0.75,0.015,2,3,30,0,27,0.55,1.0,0.1,1.0,0.181818,0.0,0.9,0.05,0.95,60,3,57,0.45
0.95,0.2,0.75,0.02,2,3,30,0,27,0.55,1.0,0.1,1.0,0.181818,0.0,0.9,0.05,0.95,60,3,57,0.45
0.95,0.2,0.75,0.025,2,3,30,0,27,0.55,1.0,0.1,1.0,0.181818,0.0,0.9,0.05,0.95,60,3,57,0.45
0.95,0.2,0.75,0.03,2,3,30,0,27,0.55,1.0,0.1,1.0,0.181818,0.0,0.9,0.05,0.95,60,3,57,0.45
0.95,0.2,0.8,,2,3,30,0,27,0.55,1.0,0.1,1.0,0.181818,0.0,0.9,0.05,0.95,60,3,57,0.45
0.95,0.2,0.8,0.015,2,3,30,0,27,0.55,1.0,0.1,1.0,0.181818,0.0,0.9,0.05,0.95,60,3,57,0.45
0.95,0.2,0.8,0.02,2,3,30,0,27,0.55,1.0,0.1,1.0,0.181818,0.0,0.9,0.05,0.95,60,3,57,0.45
0.95,0.2,0.8,0.025,2,3,30,0,27,0.55,1.0,0.1,1.0,0.181818,0.0,0.9,0.05,0.95,60,3,57,0.45
0.95,0.2,0.8,0.03,2,3,30,0,27,0.55,1.0,0.1,1.0,0.181818,0.0,0.9,0.05,0.95,60,3,57,0.45
0.95,0.2,0.85,,2,3,30,0,27,0.55,1.0,0.1,1.0,0.181818,0.0,0.9,0.05,0.95,60,3,57,0.45
0.95,0.2,0.85,0.015,2,3,30,0,27,0.55,1.0,0.1,1.0,0.181818,0.0,0.9,0.05,0.95,60,3,57,0.45
0.95,0.2,0.85,0.02,2,3,30,0,27,0.55,1.0,0.1,1.0,0.181818,0.0,0.9,0.05,0.95,60,3,57,0.45
0.95,0.2,0.85,0.025,2,3,30,0,27,0.55,1.0,0.1,1.0,0.181818,0.0,0.9,0.05,0.95,60,3,57,0.45
0.95,0.2,0.85,0.03,2,3,30,0,27,0.55,1.0,0.1,1.0,0.181818,0.0,0.9,0.05,0.95,60,3,57,0.45
0.95,0.3,,0.015,0,3,30,0,27,0.55,1.0,0.1,1.0,0.181818,0.0,0.9,0.05,0.95,60,3,57,0.45
0.95,0.3,,0.015,1,3,30,0,27,0.55,1.0,0.1,1.0,0.181818,0.0,0.9,0.05,0.95,60,3,57,0.45
0.95,0.3,,0.02,0,3,30,0,27,0.55,1.0,0.1,1.0,0.181818,0.0,0.9,0.05,0.95,60,3,57,0.45
0.95,0.3,,0.02,1,3,30,0,27,0.55,1.0,0.1,1.0,0.181818,0.0,0.9,0.05,0.95,60,3,57,0.45
0.95,0.3,,0.025,0,3,30,0,27,0.55,1.0,0.1,1.0,0.181818,0.0,0.9,0.05,0.95,60,3,57,0.45
0.95,0.3,,0.025,1,3,30,0,27,0.55,1.0,0.1,1.0,0.181818,0.0,0.9,0.05,0.95,60,3,57,0.45
0.95,0.3,,0.03,0,3,30,0,27,0.55,1.0,0.1,1.0,0.181818,0.0,0.9,0.05,0.95,60,3,57,0.45
0.95,0.3,,0.03,1,3,30,0,27,0.55,1.0,0.1,1.0,0.181818,0.0,0.9,0.05,0.95,60,3,57,0.45
0.95,0.3,0.65,0.015,0,3,30,0,27,0.55,1.0,0.1,1.0,0.181818,0.0,0.9,0.05,0.95,60,3,57,0.45
0.95,0.3,0.65,0.015,1,3,30,0,27,0.55,1.0,0.1,1.0,0.181818,0.0,0.9,0.05,0.95,60,3,57,0.45
0.95,0.3,0.65,0.02,0,3,30,0,27,0.55,1.0,0.1,1.0,0.181818,0.0,0.9,0.05,0.95,60,3,57,0.45
0.95,0.3,0.65,0.02,1,3,30,0,27,0.55,1.0,0.1,1.0,0.181818,0.0,0.9,0.05,0.95,60,3,57,0.45
0.95,0.3,0.65,0.025,0,3,30,0,27,0.55,1.0,0.1,1.0,0.181818,0.0,0.9,0.05,0.95,60,3,57,0.45
0.95,0.3,0.65,0.025,1,3,30,0,27,0.55,1.0,0.1,1.0,0.181818,0.0,0.9,0.05,0.95,60,3,57,0.45
0.95,0.3,0.65,0.03,0,3,30,0,27,0.55,1.0,0.1,1.0,0.181818,0.0,0.9,0.05,0.95,60,3,57,0.45
0.95,0.3,0.65,0.03,1,3,30,0,27,0.55,1.0,0.1,1.0,0.181818,0.0,0.9,0.05,0.95,60,3,57,0.45
0.95,0.3,0.7,0.015,0,3,30,0,27,0.55,1.0,0.1,1.0,0.181818,0.0,0.9,0.05,0.95,60,3,57,0.45
0.95,0.3,0.7,0.015,1,3,30,0,27,0.55,1.0,0.1,1.0,0.181818,0.0,0.9,0.05,0.95,60,3,57,0.45
0.95,0.3,0.7,0.02,0,3,30,0,27,0.55,1.0,0.1,1.0,0.181818,0.0,0.9,0.05,0.95,60,3,57,0.45
0.95,0.3,0.7,0.02,1,3,30,0,27,0.55,1.0,0.1,1.0,0.181818,0.0,0.9,0.05,0.95,60,3,57,0.45
0.95,0.3,0.7,0.025,0,3,30,0,27,0.55,1.0,0.1,1.0,0.181818,0.0,0.9,0.05,0.95,60,3,57,0.45
0.95,0.3,0.7,0.025,1,3,30,0,27,0.55,1.0,0.1,1.0,0.181818,0.0,0.9,0.05,0.95,60,3,57,0.45
0.95,0.3,0.7,0.03,0,3,30,0,27,0.55,1.0,0.1,1.0,0.181818,0.0,0.9,0.05,0.95,60,3,57,0.45
0.95,0.3,0.7,0.03,1,3,30,0,27,0.55,1.0,0.1,1.0,0.181818,0.0,0.9,0.05,0.95,60,3,57,0.45
0.95,0.3,0.75,,0,3,30,0,27,0.55,1.0,0.1,1.0,0.181818,0.0,0.9,0.05,0.95,60,3,57,0.45
0.95,0.3,0.75,,1,3,30,0,27,0.55,1.0,0.1,1.0,0.181818,0.0,0.9,0.05,0.95,60,3,57,0.45
0.95,0.3,0.75,0.015,0,3,30,0,27,0.55,1.0,0.1,1.0,0.181818,0.0,0.9,0.05,0.95,60,3,57,0.45
0.95,0.3,0.75,0.015,1,3,30,0,27,0.55,1.0,0.1,1.0,0.181818,0.0,0.9,0.05,0.95,60,3,57,0.45
0.95,0.3,0.75,0.02,0,3,30,0,27,0.55,1.0,0.1,1.0,0.181818,0.0,0.9,0.05,0.95,60,3,57,0.45
0.95,0.3,0.75,0.02,1,3,30,0,27,0.55,1.0,0.1,1.0,0.181818,0.0,0.9,0.05,0.95,60,3,57,0.45
0.95,0.3,0.75,0.025,0,3,30,0,27,0.55,1.0,0.1,1.0,0.181818,0.0,0.9,0.05,0.95,60,3,57,0.45
0.95,0.3,0.75,0.025,1,3,30,0,27,0.55,1.0,0.1,1.0,0.181818,0.0,0.9,0.05,0.95,60,3,57,0.45
0.95,0.3,0.75,0.03,0,3,30,0,27,0.55,1.0,0.1,1.0,0.181818,0.0,0.9,0.05,0.95,60,3,57,0.45
0.95,0.3,0.75,0.03,1,3,30,0,27,0.55,1.0,0.1,1.0,0.181818,0.0,0.9,0.05,0.95,60,3,57,0.45
0.95,0.3,0.8,,0,3,30,0,27,0.55,1.0,0.1,1.0,0.181818,0.0,0.9,0.05,0.95,60,3,57,0.45
0.95,0.3,0.8,,1,3,30,0,27,0.55,1.0,0.1,1.0,0.181818,0.0,0.9,0.05,0.95,60,3,57,0.45
0.95,0.3,0.8,0.015,0,3,30,0,27,0.55,1.0,0.1,1.0,0.181818,0.0,0.9,0.05,0.95,60,3,57,0.45
0.95,0.3,0.8,0.015,1,3,30,0,27,0.55,1.0,0.1,1.0,0.181818,0.0,0.9,0.05,0.95,60,3,57,0.45
0.95,0.3,0.8,0.02,0,3,30,0,27,0.55,1.0,0.1,1.0,0.181818,0.0,0.9,0.05,0.95,60,3,57,0.45
0.95,0.3,0.8,0.02,1,3,30,0,27,0.55,1.0,0.1,1.0,0.181818,0.0,0.9,0.05,0.95,60,3,57,0.45
0.95,0.3,0.8,0.025,0,3,30,0,27,0.55,1.0,0.1,1.0,0.181818,0.0,0.9,0.05,0.95,60,3,57,0.45
0.95,0.3,0.8,0.025,1,3,30,0,27,0.55,1.0,0.1,1.0,0.181818,0.0,0.9,0.05,0.95,60,3,57,0.45
0.95,0.3,0.8,0.03,0,3,30,0,27,0.55,1.0,0.1,1.0,0.181818,0.0,0.9,0.05,0.95,60,3,57,0.45
0.95,0.3,0.8,0.03,1,3,30,0,27,0.55,1.0,0.1,1.0,0.181818,0.0,0.9,0.05,0.95,60,3,57,0.45
0.95,0.3,0.85,,0,3,30,0,27,0.55,1.0,0.1,1.0,0.181818,0.0,0.9,0.05,0.95,60,3,57,0.45
0.95,0.3,0.85,,1,3,30,0,27,0.55,1.0,0.1,1.0,0.181818,0.0,0.9,0.05,0.95,60,3,57,0.45
0.95,0.3,0.85,0.015,0,3,30,0,27,0.55,1.0,0.1,1.0,0.181818,0.0,0.9,0.05,0.95,60,3,57,0.45
0.95,0.3,0.85,0.015,1,3,30,0,27,0.55,1.0,0.1,1.0,0.181818,0.0,0.9,0.05,0.95,60,3,57,0.45
0.95,0.3,0.85,0.02,0,3,30,0,27,0.55,1.0,0.1,1.0,0.181818,0.0,0.9,0.05,0.95,60,3,57,0.45
0.95,0.3,0.85,0.02,1,3,30,0,27,0.55,1.0,0.1,1.0,0.181818,0.0,0.9,0.05,0.95,60,3,57,0.45
0.95,0.3,0.85,0.025,0,3,30,0,27,0.55,1.0,0.1,1.0,0.181818,0.0,0.9,0.05,0.95,60,3,57,0.45
0.95,0.3,0.85,0.025,1,3,30,0,27,0.55,1.0,0.1,1.0,0.181818,0.0,0.9,0.05,0.95,60,3,57,0.45
0.95,0.3,0.85,0.03,0,3,30,0,27,0.55,1.0,0.1,1.0,0.181818,0.0,0.9,0.05,0.95,60,3,57,0.45
0.95,0.3,0.85,0.03,1,3,30,0,27,0.55,1.0,0.1,1.0,0.181818,0.0,0.9,0.05,0.95,60,3,57,0.45
0.3,0.15,0.85,0.03,3,2,30,0,28,0.533333,1.0,0.066667,1.0,0.125,0.0,0.933333,0.033333,0.966667,60,2,58,0.466666
0.3,0.2,,,3,2,30,0,28,0.533333,1.0,0.066667,1.0,0.125,0.0,0.933333,0.033333,0.966667,60,2,58,0.466666
0.3,0.2,,0.015,3,2,30,0,28,0.533333,1.0,0.066667,1.0,0.125,0.0,0.933333,0.033333,0.966667,60,2,58,0.466666
0.3,0.2,,0.02,3,2,30,0,28,0.533333,1.0,0.066667,1.0,0.125,0.0,0.933333,0.033333,0.966667,60,2,58,0.466666
0.3,0.2,,0.025,3,2,30,0,28,0.533333,1.0,0.066667,1.0,0.125,0.0,0.933333,0.033333,0.966667,60,2,58,0.466666
0.3,0.2,,0.03,3,2,30,0,28,0.533333,1.0,0.066667,1.0,0.125,0.0,0.933333,0.033333,0.966667,60,2,58,0.466666
0.3,0.2,0.65,,3,2,30,0,28,0.533333,1.0,0.066667,1.0,0.125,0.0,0.933333,0.033333,0.966667,60,2,58,0.466666
0.3,0.2,0.65,0.015,3,2,30,0,28,0.533333,1.0,0.066667,1.0,0.125,0.0,0.933333,0.033333,0.966667,60,2,58,0.466666
0.3,0.2,0.65,0.02,3,2,30,0,28,0.533333,1.0,0.066667,1.0,0.125,0.0,0.933333,0.033333,0.966667,60,2,58,0.466666
0.3,0.2,0.65,0.025,3,2,30,0,28,0.533333,1.0,0.066667,1.0,0.125,0.0,0.933333,0.033333,0.966667,60,2,58,0.466666
0.3,0.2,0.65,0.03,3,2,30,0,28,0.533333,1.0,0.066667,1.0,0.125,0.0,0.933333,0.033333,0.966667,60,2,58,0.466666
0.3,0.2,0.7,,3,2,30,0,28,0.533333,1.0,0.066667,1.0,0.125,0.0,0.933333,0.033333,0.966667,60,2,58,0.466666
0.3,0.2,0.7,0.015,3,2,30,0,28,0.533333,1.0,0.066667,1.0,0.125,0.0,0.933333,0.033333,0.966667,60,2,58,0.466666
0.3,0.2,0.7,0.02,3,2,30,0,28,0.533333,1.0,0.066667,1.0,0.125,0.0,0.933333,0.033333,0.966667,60,2,58,0.466666
0.3,0.2,0.7,0.025,3,2,30,0,28,0.533333,1.0,0.066667,1.0,0.125,0.0,0.933333,0.033333,0.966667,60,2,58,0.466666
0.3,0.2,0.7,0.03,3,2,30,0,28,0.533333,1.0,0.066667,1.0,0.125,0.0,0.933333,0.033333,0.966667,60,2,58,0.466666
0.3,0.2,0.75,,3,2,30,0,28,0.533333,1.0,0.066667,1.0,0.125,0.0,0.933333,0.033333,0.966667,60,2,58,0.466666
0.3,0.2,0.75,0.015,3,2,30,0,28,0.533333,1.0,0.066667,1.0,0.125,0.0,0.933333,0.033333,0.966667,60,2,58,0.466666
0.3,0.2,0.75,0.02,3,2,30,0,28,0.533333,1.0,0.066667,1.0,0.125,0.0,0.933333,0.033333,0.966667,60,2,58,0.466666
0.3,0.2,0.75,0.025,3,2,30,0,28,0.533333,1.0,0.066667,1.0,0.125,0.0,0.933333,0.033333,0.966667,60,2,58,0.466666
0.3,0.2,0.75,0.03,3,2,30,0,28,0.533333,1.0,0.066667,1.0,0.125,0.0,0.933333,0.033333,0.966667,60,2,58,0.466666
0.3,0.2,0.8,,3,2,30,0,28,0.533333,1.0,0.066667,1.0,0.125,0.0,0.933333,0.033333,0.966667,60,2,58,0.466666
0.3,0.2,0.8,0.015,3,2,30,0,28,0.533333,1.0,0.066667,1.0,0.125,0.0,0.933333,0.033333,0.966667,60,2,58,0.466666
0.3,0.2,0.8,0.02,3,2,30,0,28,0.533333,1.0,0.066667,1.0,0.125,0.0,0.933333,0.033333,0.966667,60,2,58,0.466666
0.3,0.2,0.8,0.025,3,2,30,0,28,0.533333,1.0,0.066667,1.0,0.125,0.0,0.933333,0.033333,0.966667,60,2,58,0.466666
0.3,0.2,0.8,0.03,3,2,30,0,28,0.533333,1.0,0.066667,1.0,0.125,0.0,0.933333,0.033333,0.966667,60,2,58,0.466666
0.3,0.2,0.85,,3,2,30,0,28,0.533333,1.0,0.066667,1.0,0.125,0.0,0.933333,0.033333,0.966667,60,2,58,0.466666
0.3,0.2,0.85,0.015,3,2,30,0,28,0.533333,1.0,0.066667,1.0,0.125,0.0,0.933333,0.033333,0.966667,60,2,58,0.466666
0.3,0.2,0.85,0.02,3,2,30,0,28,0.533333,1.0,0.066667,1.0,0.125,0.0,0.933333,0.033333,0.966667,60,2,58,0.466666
0.3,0.2,0.85,0.025,3,2,30,0,28,0.533333,1.0,0.066667,1.0,0.125,0.0,0.933333,0.033333,0.966667,60,2,58,0.466666
0.3,0.2,0.85,0.03,3,2,30,0,28,0.533333,1.0,0.066667,1.0,0.125,0.0,0.933333,0.033333,0.966667,60,2,58,0.466666
0.4,0.15,0.85,0.03,3,2,30,0,28,0.533333,1.0,0.066667,1.0,0.125,0.0,0.933333,0.033333,0.966667,60,2,58,0.466666
0.4,0.2,,,3,2,30,0,28,0.533333,1.0,0.066667,1.0,0.125,0.0,0.933333,0.033333,0.966667,60,2,58,0.466666
0.4,0.2,,0.015,3,2,30,0,28,0.533333,1.0,0.066667,1.0,0.125,0.0,0.933333,0.033333,0.966667,60,2,58,0.466666
0.4,0.2,,0.02,3,2,30,0,28,0.533333,1.0,0.066667,1.0,0.125,0.0,0.933333,0.033333,0.966667,60,2,58,0.466666
0.4,0.2,,0.025,3,2,30,0,28,0.533333,1.0,0.066667,1.0,0.125,0.0,0.933333,0.033333,0.966667,60,2,58,0.466666
0.4,0.2,,0.03,3,2,30,0,28,0.533333,1.0,0.066667,1.0,0.125,0.0,0.933333,0.033333,0.966667,60,2,58,0.466666
0.4,0.2,0.65,,3,2,30,0,28,0.533333,1.0,0.066667,1.0,0.125,0.0,0.933333,0.033333,0.966667,60,2,58,0.466666
0.4,0.2,0.65,0.015,3,2,30,0,28,0.533333,1.0,0.066667,1.0,0.125,0.0,0.933333,0.033333,0.966667,60,2,58,0.466666
0.4,0.2,0.65,0.02,3,2,30,0,28,0.533333,1.0,0.066667,1.0,0.125,0.0,0.933333,0.033333,0.966667,60,2,58,0.466666
0.4,0.2,0.65,0.025,3,2,30,0,28,0.533333,1.0,0.066667,1.0,0.125,0.0,0.933333,0.033333,0.966667,60,2,58,0.466666
0.4,0.2,0.65,0.03,3,2,30,0,28,0.533333,1.0,0.066667,1.0,0.125,0.0,0.933333,0.033333,0.966667,60,2,58,0.466666
0.4,0.2,0.7,,3,2,30,0,28,0.533333,1.0,0.066667,1.0,0.125,0.0,0.933333,0.033333,0.966667,60,2,58,0.466666
0.4,0.2,0.7,0.015,3,2,30,0,28,0.533333,1.0,0.066667,1.0,0.125,0.0,0.933333,0.033333,0.966667,60,2,58,0.466666
0.4,0.2,0.7,0.02,3,2,30,0,28,0.533333,1.0,0.066667,1.0,0.125,0.0,0.933333,0.033333,0.966667,60,2,58,0.466666
0.4,0.2,0.7,0.025,3,2,30,0,28,0.533333,1.0,0.066667,1.0,0.125,0.0,0.933333,0.033333,0.966667,60,2,58,0.466666
0.4,0.2,0.7,0.03,3,2,30,0,28,0.533333,1.0,0.066667,1.0,0.125,0.0,0.933333,0.033333,0.966667,60,2,58,0.466666
0.4,0.2,0.75,,3,2,30,0,28,0.533333,1.0,0.066667,1.0,0.125,0.0,0.933333,0.033333,0.966667,60,2,58,0.466666
0.4,0.2,0.75,0.015,3,2,30,0,28,0.533333,1.0,0.066667,1.0,0.125,0.0,0.933333,0.033333,0.966667,60,2,58,0.466666
0.4,0.2,0.75,0.02,3,2,30,0,28,0.533333,1.0,0.066667,1.0,0.125,0.0,0.933333,0.033333,0.966667,60,2,58,0.466666
0.4,0.2,0.75,0.025,3,2,30,0,28,0.533333,1.0,0.066667,1.0,0.125,0.0,0.933333,0.033333,0.966667,60,2,58,0.466666
0.4,0.2,0.75,0.03,3,2,30,0,28,0.533333,1.0,0.066667,1.0,0.125,0.0,0.933333,0.033333,0.966667,60,2,58,0.466666
0.4,0.2,0.8,,3,2,30,0,28,0.533333,1.0,0.066667,1.0,0.125,0.0,0.933333,0.033333,0.966667,60,2,58,0.466666
0.4,0.2,0.8,0.015,3,2,30,0,28,0.533333,1.0,0.066667,1.0,0.125,0.0,0.933333,0.033333,0.966667,60,2,58,0.466666
0.4,0.2,0.8,0.02,3,2,30,0,28,0.533333,1.0,0.066667,1.0,0.125,0.0,0.933333,0.033333,0.966667,60,2,58,0.466666
0.4,0.2,0.8,0.025,3,2,30,0,28,0.533333,1.0,0.066667,1.0,0.125,0.0,0.933333,0.033333,0.966667,60,2,58,0.466666
0.4,0.2,0.8,0.03,3,2,30,0,28,0.533333,1.0,0.066667,1.0,0.125,0.0,0.933333,0.033333,0.966667,60,2,58,0.466666
0.4,0.2,0.85,,3,2,30,0,28,0.533333,1.0,0.066667,1.0,0.125,0.0,0.933333,0.033333,0.966667,60,2,58,0.466666
0.4,0.2,0.85,0.015,3,2,30,0,28,0.533333,1.0,0.066667,1.0,0.125,0.0,0.933333,0.033333,0.966667,60,2,58,0.466666
0.4,0.2,0.85,0.02,3,2,30,0,28,0.533333,1.0,0.066667,1.0,0.125,0.0,0.933333,0.033333,0.966667,60,2,58,0.466666
0.4,0.2,0.85,0.025,3,2,30,0,28,0.533333,1.0,0.066667,1.0,0.125,0.0,0.933333,0.033333,0.966667,60,2,58,0.466666
0.4,0.2,0.85,0.03,3,2,30,0,28,0.533333,1.0,0.066667,1.0,0.125,0.0,0.933333,0.033333,0.966667,60,2,58,0.466666
0.5,0.15,0.85,0.03,3,2,30,0,28,0.533333,1.0,0.066667,1.0,0.125,0.0,0.933333,0.033333,0.966667,60,2,58,0.466666
0.5,0.2,,,3,2,30,0,28,0.533333,1.0,0.066667,1.0,0.125,0.0,0.933333,0.033333,0.966667,60,2,58,0.466666
0.5,0.2,,0.015,3,2,30,0,28,0.533333,1.0,0.066667,1.0,0.125,0.0,0.933333,0.033333,0.966667,60,2,58,0.466666
0.5,0.2,,0.02,3,2,30,0,28,0.533333,1.0,0.066667,1.0,0.125,0.0,0.933333,0.033333,0.966667,60,2,58,0.466666
0.5,0.2,,0.025,3,2,30,0,28,0.533333,1.0,0.066667,1.0,0.125,0.0,0.933333,0.033333,0.966667,60,2,58,0.466666
0.5,0.2,,0.03,3,2,30,0,28,0.533333,1.0,0.066667,1.0,0.125,0.0,0.933333,0.033333,0.966667,60,2,58,0.466666
0.5,0.2,0.65,,3,2,30,0,28,0.533333,1.0,0.066667,1.0,0.125,0.0,0.933333,0.033333,0.966667,60,2,58,0.466666
0.5,0.2,0.65,0.015,3,2,30,0,28,0.533333,1.0,0.066667,1.0,0.125,0.0,0.933333,0.033333,0.966667,60,2,58,0.466666
0.5,0.2,0.65,0.02,3,2,30,0,28,0.533333,1.0,0.066667,1.0,0.125,0.0,0.933333,0.033333,0.966667,60,2,58,0.466666
0.5,0.2,0.65,0.025,3,2,30,0,28,0.533333,1.0,0.066667,1.0,0.125,0.0,0.933333,0.033333,0.966667,60,2,58,0.466666
0.5,0.2,0.65,0.03,3,2,30,0,28,0.533333,1.0,0.066667,1.0,0.125,0.0,0.933333,0.033333,0.966667,60,2,58,0.466666
0.5,0.2,0.7,,3,2,30,0,28,0.533333,1.0,0.066667,1.0,0.125,0.0,0.933333,0.033333,0.966667,60,2,58,0.466666
0.5,0.2,0.7,0.015,3,2,30,0,28,0.533333,1.0,0.066667,1.0,0.125,0.0,0.933333,0.033333,0.966667,60,2,58,0.466666
0.5,0.2,0.7,0.02,3,2,30,0,28,0.533333,1.0,0.066667,1.0,0.125,0.0,0.933333,0.033333,0.966667,60,2,58,0.466666
0.5,0.2,0.7,0.025,3,2,30,0,28,0.533333,1.0,0.066667,1.0,0.125,0.0,0.933333,0.033333,0.966667,60,2,58,0.466666
0.5,0.2,0.7,0.03,3,2,30,0,28,0.533333,1.0,0.066667,1.0,0.125,0.0,0.933333,0.033333,0.966667,60,2,58,0.466666
0.5,0.2,0.75,,3,2,30,0,28,0.533333,1.0,0.066667,1.0,0.125,0.0,0.933333,0.033333,0.966667,60,2,58,0.466666
0.5,0.2,0.75,0.015,3,2,30,0,28,0.533333,1.0,0.066667,1.0,0.125,0.0,0.933333,0.033333,0.966667,60,2,58,0.466666
0.5,0.2,0.75,0.02,3,2,30,0,28,0.533333,1.0,0.066667,1.0,0.125,0.0,0.933333,0.033333,0.966667,60,2,58,0.466666
0.5,0.2,0.75,0.025,3,2,30,0,28,0.533333,1.0,0.066667,1.0,0.125,0.0,0.933333,0.033333,0.966667,60,2,58,0.466666
0.5,0.2,0.75,0.03,3,2,30,0,28,0.533333,1.0,0.066667,1.0,0.125,0.0,0.933333,0.033333,0.966667,60,2,58,0.466666
0.5,0.2,0.8,,3,2,30,0,28,0.533333,1.0,0.066667,1.0,0.125,0.0,0.933333,0.033333,0.966667,60,2,58,0.466666
0.5,0.2,0.8,0.015,3,2,30,0,28,0.533333,1.0,0.066667,1.0,0.125,0.0,0.933333,0.033333,0.966667,60,2,58,0.466666
0.5,0.2,0.8,0.02,3,2,30,0,28,0.533333,1.0,0.066667,1.0,0.125,0.0,0.933333,0.033333,0.966667,60,2,58,0.466666
0.5,0.2,0.8,0.025,3,2,30,0,28,0.533333,1.0,0.066667,1.0,0.125,0.0,0.933333,0.033333,0.966667,60,2,58,0.466666
0.5,0.2,0.8,0.03,3,2,30,0,28,0.533333,1.0,0.066667,1.0,0.125,0.0,0.933333,0.033333,0.966667,60,2,58,0.466666
0.5,0.2,0.85,,3,2,30,0,28,0.533333,1.0,0.066667,1.0,0.125,0.0,0.933333,0.033333,0.966667,60,2,58,0.466666
0.5,0.2,0.85,0.015,3,2,30,0,28,0.533333,1.0,0.066667,1.0,0.125,0.0,0.933333,0.033333,0.966667,60,2,58,0.466666
0.5,0.2,0.85,0.02,3,2,30,0,28,0.533333,1.0,0.066667,1.0,0.125,0.0,0.933333,0.033333,0.966667,60,2,58,0.466666
0.5,0.2,0.85,0.025,3,2,30,0,28,0.533333,1.0,0.066667,1.0,0.125,0.0,0.933333,0.033333,0.966667,60,2,58,0.466666
0.5,0.2,0.85,0.03,3,2,30,0,28,0.533333,1.0,0.066667,1.0,0.125,0.0,0.933333,0.033333,0.966667,60,2,58,0.466666
0.6,0.15,0.85,0.03,3,2,30,0,28,0.533333,1.0,0.066667,1.0,0.125,0.0,0.933333,0.033333,0.966667,60,2,58,0.466666
0.6,0.2,,,3,2,30,0,28,0.533333,1.0,0.066667,1.0,0.125,0.0,0.933333,0.033333,0.966667,60,2,58,0.466666
0.6,0.2,,0.015,3,2,30,0,28,0.533333,1.0,0.066667,1.0,0.125,0.0,0.933333,0.033333,0.966667,60,2,58,0.466666
0.6,0.2,,0.02,3,2,30,0,28,0.533333,1.0,0.066667,1.0,0.125,0.0,0.933333,0.033333,0.966667,60,2,58,0.466666
0.6,0.2,,0.025,3,2,30,0,28,0.533333,1.0,0.066667,1.0,0.125,0.0,0.933333,0.033333,0.966667,60,2,58,0.466666
0.6,0.2,,0.03,3,2,30,0,28,0.533333,1.0,0.066667,1.0,0.125,0.0,0.933333,0.033333,0.966667,60,2,58,0.466666
0.6,0.2,0.65,,3,2,30,0,28,0.533333,1.0,0.066667,1.0,0.125,0.0,0.933333,0.033333,0.966667,60,2,58,0.466666
0.6,0.2,0.65,0.015,3,2,30,0,28,0.533333,1.0,0.066667,1.0,0.125,0.0,0.933333,0.033333,0.966667,60,2,58,0.466666
0.6,0.2,0.65,0.02,3,2,30,0,28,0.533333,1.0,0.066667,1.0,0.125,0.0,0.933333,0.033333,0.966667,60,2,58,0.466666
0.6,0.2,0.65,0.025,3,2,30,0,28,0.533333,1.0,0.066667,1.0,0.125,0.0,0.933333,0.033333,0.966667,60,2,58,0.466666
0.6,0.2,0.65,0.03,3,2,30,0,28,0.533333,1.0,0.066667,1.0,0.125,0.0,0.933333,0.033333,0.966667,60,2,58,0.466666
0.6,0.2,0.7,,3,2,30,0,28,0.533333,1.0,0.066667,1.0,0.125,0.0,0.933333,0.033333,0.966667,60,2,58,0.466666
0.6,0.2,0.7,0.015,3,2,30,0,28,0.533333,1.0,0.066667,1.0,0.125,0.0,0.933333,0.033333,0.966667,60,2,58,0.466666
0.6,0.2,0.7,0.02,3,2,30,0,28,0.533333,1.0,0.066667,1.0,0.125,0.0,0.933333,0.033333,0.966667,60,2,58,0.466666
0.6,0.2,0.7,0.025,3,2,30,0,28,0.533333,1.0,0.066667,1.0,0.125,0.0,0.933333,0.033333,0.966667,60,2,58,0.466666
0.6,0.2,0.7,0.03,3,2,30,0,28,0.533333,1.0,0.066667,1.0,0.125,0.0,0.933333,0.033333,0.966667,60,2,58,0.466666
0.6,0.2,0.75,,3,2,30,0,28,0.533333,1.0,0.066667,1.0,0.125,0.0,0.933333,0.033333,0.966667,60,2,58,0.466666
0.6,0.2,0.75,0.015,3,2,30,0,28,0.533333,1.0,0.066667,1.0,0.125,0.0,0.933333,0.033333,0.966667,60,2,58,0.466666
0.6,0.2,0.75,0.02,3,2,30,0,28,0.533333,1.0,0.066667,1.0,0.125,0.0,0.933333,0.033333,0.966667,60,2,58,0.466666
0.6,0.2,0.75,0.025,3,2,30,0,28,0.533333,1.0,0.066667,1.0,0.125,0.0,0.933333,0.033333,0.966667,60,2,58,0.466666
0.6,0.2,0.75,0.03,3,2,30,0,28,0.533333,1.0,0.066667,1.0,0.125,0.0,0.933333,0.033333,0.966667,60,2,58,0.466666
0.6,0.2,0.8,,3,2,30,0,28,0.533333,1.0,0.066667,1.0,0.125,0.0,0.933333,0.033333,0.966667,60,2,58,0.466666
0.6,0.2,0.8,0.015,3,2,30,0,28,0.533333,1.0,0.066667,1.0,0.125,0.0,0.933333,0.033333,0.966667,60,2,58,0.466666
0.6,0.2,0.8,0.02,3,2,30,0,28,0.533333,1.0,0.066667,1.0,0.125,0.0,0.933333,0.033333,0.966667,60,2,58,0.466666
0.6,0.2,0.8,0.025,3,2,30,0,28,0.533333,1.0,0.066667,1.0,0.125,0.0,0.933333,0.033333,0.966667,60,2,58,0.466666
0.6,0.2,0.8,0.03,3,2,30,0,28,0.533333,1.0,0.066667,1.0,0.125,0.0,0.933333,0.033333,0.966667,60,2,58,0.466666
0.6,0.2,0.85,,3,2,30,0,28,0.533333,1.0,0.066667,1.0,0.125,0.0,0.933333,0.033333,0.966667,60,2,58,0.466666
0.6,0.2,0.85,0.015,3,2,30,0,28,0.533333,1.0,0.066667,1.0,0.125,0.0,0.933333,0.033333,0.966667,60,2,58,0.466666
0.6,0.2,0.85,0.02,3,2,30,0,28,0.533333,1.0,0.066667,1.0,0.125,0.0,0.933333,0.033333,0.966667,60,2,58,0.466666
0.6,0.2,0.85,0.025,3,2,30,0,28,0.533333,1.0,0.066667,1.0,0.125,0.0,0.933333,0.033333,0.966667,60,2,58,0.466666
0.6,0.2,0.85,0.03,3,2,30,0,28,0.533333,1.0,0.066667,1.0,0.125,0.0,0.933333,0.033333,0.966667,60,2,58,0.466666
0.7,0.15,0.85,0.03,3,2,30,0,28,0.533333,1.0,0.066667,1.0,0.125,0.0,0.933333,0.033333,0.966667,60,2,58,0.466666
0.7,0.2,,,3,2,30,0,28,0.533333,1.0,0.066667,1.0,0.125,0.0,0.933333,0.033333,0.966667,60,2,58,0.466666
0.7,0.2,,0.015,3,2,30,0,28,0.533333,1.0,0.066667,1.0,0.125,0.0,0.933333,0.033333,0.966667,60,2,58,0.466666
0.7,0.2,,0.02,3,2,30,0,28,0.533333,1.0,0.066667,1.0,0.125,0.0,0.933333,0.033333,0.966667,60,2,58,0.466666
0.7,0.2,,0.025,3,2,30,0,28,0.533333,1.0,0.066667,1.0,0.125,0.0,0.933333,0.033333,0.966667,60,2,58,0.466666
0.7,0.2,,0.03,3,2,30,0,28,0.533333,1.0,0.066667,1.0,0.125,0.0,0.933333,0.033333,0.966667,60,2,58,0.466666
0.7,0.2,0.65,,3,2,30,0,28,0.533333,1.0,0.066667,1.0,0.125,0.0,0.933333,0.033333,0.966667,60,2,58,0.466666
0.7,0.2,0.65,0.015,3,2,30,0,28,0.533333,1.0,0.066667,1.0,0.125,0.0,0.933333,0.033333,0.966667,60,2,58,0.466666
0.7,0.2,0.65,0.02,3,2,30,0,28,0.533333,1.0,0.066667,1.0,0.125,0.0,0.933333,0.033333,0.966667,60,2,58,0.466666
0.7,0.2,0.65,0.025,3,2,30,0,28,0.533333,1.0,0.066667,1.0,0.125,0.0,0.933333,0.033333,0.966667,60,2,58,0.466666
0.7,0.2,0.65,0.03,3,2,30,0,28,0.533333,1.0,0.066667,1.0,0.125,0.0,0.933333,0.033333,0.966667,60,2,58,0.466666
0.7,0.2,0.7,,3,2,30,0,28,0.533333,1.0,0.066667,1.0,0.125,0.0,0.933333,0.033333,0.966667,60,2,58,0.466666
0.7,0.2,0.7,0.015,3,2,30,0,28,0.533333,1.0,0.066667,1.0,0.125,0.0,0.933333,0.033333,0.966667,60,2,58,0.466666
0.7,0.2,0.7,0.02,3,2,30,0,28,0.533333,1.0,0.066667,1.0,0.125,0.0,0.933333,0.033333,0.966667,60,2,58,0.466666
0.7,0.2,0.7,0.025,3,2,30,0,28,0.533333,1.0,0.066667,1.0,0.125,0.0,0.933333,0.033333,0.966667,60,2,58,0.466666
0.7,0.2,0.7,0.03,3,2,30,0,28,0.533333,1.0,0.066667,1.0,0.125,0.0,0.933333,0.033333,0.966667,60,2,58,0.466666
0.7,0.2,0.75,,3,2,30,0,28,0.533333,1.0,0.066667,1.0,0.125,0.0,0.933333,0.033333,0.966667,60,2,58,0.466666
0.7,0.2,0.75,0.015,3,2,30,0,28,0.533333,1.0,0.066667,1.0,0.125,0.0,0.933333,0.033333,0.966667,60,2,58,0.466666
0.7,0.2,0.75,0.02,3,2,30,0,28,0.533333,1.0,0.066667,1.0,0.125,0.0,0.933333,0.033333,0.966667,60,2,58,0.466666
0.7,0.2,0.75,0.025,3,2,30,0,28,0.533333,1.0,0.066667,1.0,0.125,0.0,0.933333,0.033333,0.966667,60,2,58,0.466666
0.7,0.2,0.75,0.03,3,2,30,0,28,0.533333,1.0,0.066667,1.0,0.125,0.0,0.933333,0.033333,0.966667,60,2,58,0.466666
0.7,0.2,0.8,,3,2,30,0,28,0.533333,1.0,0.066667,1.0,0.125,0.0,0.933333,0.033333,0.966667,60,2,58,0.466666
0.7,0.2,0.8,0.015,3,2,30,0,28,0.533333,1.0,0.066667,1.0,0.125,0.0,0.933333,0.033333,0.966667,60,2,58,0.466666
0.7,0.2,0.8,0.02,3,2,30,0,28,0.533333,1.0,0.066667,1.0,0.125,0.0,0.933333,0.033333,0.966667,60,2,58,0.466666
0.7,0.2,0.8,0.025,3,2,30,0,28,0.533333,1.0,0.066667,1.0,0.125,0.0,0.933333,0.033333,0.966667,60,2,58,0.466666
0.7,0.2,0.8,0.03,3,2,30,0,28,0.533333,1.0,0.066667,1.0,0.125,0.0,0.933333,0.033333,0.966667,60,2,58,0.466666
0.7,0.2,0.85,,3,2,30,0,28,0.533333,1.0,0.066667,1.0,0.125,0.0,0.933333,0.033333,0.966667,60,2,58,0.466666
0.7,0.2,0.85,0.015,3,2,30,0,28,0.533333,1.0,0.066667,1.0,0.125,0.0,0.933333,0.033333,0.966667,60,2,58,0.466666
0.7,0.2,0.85,0.02,3,2,30,0,28,0.533333,1.0,0.066667,1.0,0.125,0.0,0.933333,0.033333,0.966667,60,2,58,0.466666
0.7,0.2,0.85,0.025,3,2,30,0,28,0.533333,1.0,0.066667,1.0,0.125,0.0,0.933333,0.033333,0.966667,60,2,58,0.466666
0.7,0.2,0.85,0.03,3,2,30,0,28,0.533333,1.0,0.066667,1.0,0.125,0.0,0.933333,0.033333,0.966667,60,2,58,0.466666
0.75,0.15,0.85,0.03,3,2,30,0,28,0.533333,1.0,0.066667,1.0,0.125,0.0,0.933333,0.033333,0.966667,60,2,58,0.466666
0.75,0.2,,,3,2,30,0,28,0.533333,1.0,0.066667,1.0,0.125,0.0,0.933333,0.033333,0.966667,60,2,58,0.466666
0.75,0.2,,0.015,3,2,30,0,28,0.533333,1.0,0.066667,1.0,0.125,0.0,0.933333,0.033333,0.966667,60,2,58,0.466666
0.75,0.2,,0.02,3,2,30,0,28,0.533333,1.0,0.066667,1.0,0.125,0.0,0.933333,0.033333,0.966667,60,2,58,0.466666
0.75,0.2,,0.025,3,2,30,0,28,0.533333,1.0,0.066667,1.0,0.125,0.0,0.933333,0.033333,0.966667,60,2,58,0.466666
0.75,0.2,,0.03,3,2,30,0,28,0.533333,1.0,0.066667,1.0,0.125,0.0,0.933333,0.033333,0.966667,60,2,58,0.466666
0.75,0.2,0.65,,3,2,30,0,28,0.533333,1.0,0.066667,1.0,0.125,0.0,0.933333,0.033333,0.966667,60,2,58,0.466666
0.75,0.2,0.65,0.015,3,2,30,0,28,0.533333,1.0,0.066667,1.0,0.125,0.0,0.933333,0.033333,0.966667,60,2,58,0.466666
0.75,0.2,0.65,0.02,3,2,30,0,28,0.533333,1.0,0.066667,1.0,0.125,0.0,0.933333,0.033333,0.966667,60,2,58,0.466666
0.75,0.2,0.65,0.025,3,2,30,0,28,0.533333,1.0,0.066667,1.0,0.125,0.0,0.933333,0.033333,0.966667,60,2,58,0.466666
0.75,0.2,0.65,0.03,3,2,30,0,28,0.533333,1.0,0.066667,1.0,0.125,0.0,0.933333,0.033333,0.966667,60,2,58,0.466666
0.75,0.2,0.7,,3,2,30,0,28,0.533333,1.0,0.066667,1.0,0.125,0.0,0.933333,0.033333,0.966667,60,2,58,0.466666
0.75,0.2,0.7,0.015,3,2,30,0,28,0.533333,1.0,0.066667,1.0,0.125,0.0,0.933333,0.033333,0.966667,60,2,58,0.466666
0.75,0.2,0.7,0.02,3,2,30,0,28,0.533333,1.0,0.066667,1.0,0.125,0.0,0.933333,0.033333,0.966667,60,2,58,0.466666
0.75,0.2,0.7,0.025,3,2,30,0,28,0.533333,1.0,0.066667,1.0,0.125,0.0,0.933333,0.033333,0.966667,60,2,58,0.466666
0.75,0.2,0.7,0.03,3,2,30,0,28,0.533333,1.0,0.066667,1.0,0.125,0.0,0.933333,0.033333,0.966667,60,2,58,0.466666
0.75,0.2,0.75,,3,2,30,0,28,0.533333,1.0,0.066667,1.0,0.125,0.0,0.933333,0.033333,0.966667,60,2,58,0.466666
0.75,0.2,0.75,0.015,3,2,30,0,28,0.533333,1.0,0.066667,1.0,0.125,0.0,0.933333,0.033333,0.966667,60,2,58,0.466666
0.75,0.2,0.75,0.02,3,2,30,0,28,0.533333,1.0,0.066667,1.0,0.125,0.0,0.933333,0.033333,0.966667,60,2,58,0.466666
0.75,0.2,0.75,0.025,3,2,30,0,28,0.533333,1.0,0.066667,1.0,0.125,0.0,0.933333,0.033333,0.966667,60,2,58,0.466666
0.75,0.2,0.75,0.03,3,2,30,0,28,0.533333,1.0,0.066667,1.0,0.125,0.0,0.933333,0.033333,0.966667,60,2,58,0.466666
0.75,0.2,0.8,,3,2,30,0,28,0.533333,1.0,0.066667,1.0,0.125,0.0,0.933333,0.033333,0.966667,60,2,58,0.466666
0.75,0.2,0.8,0.015,3,2,30,0,28,0.533333,1.0,0.066667,1.0,0.125,0.0,0.933333,0.033333,0.966667,60,2,58,0.466666
0.75,0.2,0.8,0.02,3,2,30,0,28,0.533333,1.0,0.066667,1.0,0.125,0.0,0.933333,0.033333,0.966667,60,2,58,0.466666
0.75,0.2,0.8,0.025,3,2,30,0,28,0.533333,1.0,0.066667,1.0,0.125,0.0,0.933333,0.033333,0.966667,60,2,58,0.466666
0.75,0.2,0.8,0.03,3,2,30,0,28,0.533333,1.0,0.066667,1.0,0.125,0.0,0.933333,0.033333,0.966667,60,2,58,0.466666
0.75,0.2,0.85,,3,2,30,0,28,0.533333,1.0,0.066667,1.0,0.125,0.0,0.933333,0.033333,0.966667,60,2,58,0.466666
0.75,0.2,0.85,0.015,3,2,30,0,28,0.533333,1.0,0.066667,1.0,0.125,0.0,0.933333,0.033333,0.966667,60,2,58,0.466666
0.75,0.2,0.85,0.02,3,2,30,0,28,0.533333,1.0,0.066667,1.0,0.125,0.0,0.933333,0.033333,0.966667,60,2,58,0.466666
0.75,0.2,0.85,0.025,3,2,30,0,28,0.533333,1.0,0.066667,1.0,0.125,0.0,0.933333,0.033333,0.966667,60,2,58,0.466666
0.75,0.2,0.85,0.03,3,2,30,0,28,0.533333,1.0,0.066667,1.0,0.125,0.0,0.933333,0.033333,0.966667,60,2,58,0.466666
0.8,0.15,0.85,,3,2,30,0,28,0.533333,1.0,0.066667,1.0,0.125,0.0,0.933333,0.033333,0.966667,60,2,58,0.466666
0.8,0.15,0.85,0.015,3,2,30,0,28,0.533333,1.0,0.066667,1.0,0.125,0.0,0.933333,0.033333,0.966667,60,2,58,0.466666
0.8,0.15,0.85,0.02,3,2,30,0,28,0.533333,1.0,0.066667,1.0,0.125,0.0,0.933333,0.033333,0.966667,60,2,58,0.466666
0.8,0.15,0.85,0.025,3,2,30,0,28,0.533333,1.0,0.066667,1.0,0.125,0.0,0.933333,0.033333,0.966667,60,2,58,0.466666
0.8,0.15,0.85,0.03,3,2,30,0,28,0.533333,1.0,0.066667,1.0,0.125,0.0,0.933333,0.033333,0.966667,60,2,58,0.466666
0.8,0.2,,,3,2,30,0,28,0.533333,1.0,0.066667,1.0,0.125,0.0,0.933333,0.033333,0.966667,60,2,58,0.466666
0.8,0.2,,0.015,3,2,30,0,28,0.533333,1.0,0.066667,1.0,0.125,0.0,0.933333,0.033333,0.966667,60,2,58,0.466666
0.8,0.2,,0.02,3,2,30,0,28,0.533333,1.0,0.066667,1.0,0.125,0.0,0.933333,0.033333,0.966667,60,2,58,0.466666
0.8,0.2,,0.025,3,2,30,0,28,0.533333,1.0,0.066667,1.0,0.125,0.0,0.933333,0.033333,0.966667,60,2,58,0.466666
0.8,0.2,,0.03,3,2,30,0,28,0.533333,1.0,0.066667,1.0,0.125,0.0,0.933333,0.033333,0.966667,60,2,58,0.466666
0.8,0.2,0.65,,3,2,30,0,28,0.533333,1.0,0.066667,1.0,0.125,0.0,0.933333,0.033333,0.966667,60,2,58,0.466666
0.8,0.2,0.65,0.015,3,2,30,0,28,0.533333,1.0,0.066667,1.0,0.125,0.0,0.933333,0.033333,0.966667,60,2,58,0.466666
0.8,0.2,0.65,0.02,3,2,30,0,28,0.533333,1.0,0.066667,1.0,0.125,0.0,0.933333,0.033333,0.966667,60,2,58,0.466666
0.8,0.2,0.65,0.025,3,2,30,0,28,0.533333,1.0,0.066667,1.0,0.125,0.0,0.933333,0.033333,0.966667,60,2,58,0.466666
0.8,0.2,0.65,0.03,3,2,30,0,28,0.533333,1.0,0.066667,1.0,0.125,0.0,0.933333,0.033333,0.966667,60,2,58,0.466666
0.8,0.2,0.7,,3,2,30,0,28,0.533333,1.0,0.066667,1.0,0.125,0.0,0.933333,0.033333,0.966667,60,2,58,0.466666
0.8,0.2,0.7,0.015,3,2,30,0,28,0.533333,1.0,0.066667,1.0,0.125,0.0,0.933333,0.033333,0.966667,60,2,58,0.466666
0.8,0.2,0.7,0.02,3,2,30,0,28,0.533333,1.0,0.066667,1.0,0.125,0.0,0.933333,0.033333,0.966667,60,2,58,0.466666
0.8,0.2,0.7,0.025,3,2,30,0,28,0.533333,1.0,0.066667,1.0,0.125,0.0,0.933333,0.033333,0.966667,60,2,58,0.466666
0.8,0.2,0.7,0.03,3,2,30,0,28,0.533333,1.0,0.066667,1.0,0.125,0.0,0.933333,0.033333,0.966667,60,2,58,0.466666
0.8,0.2,0.75,,3,2,30,0,28,0.533333,1.0,0.066667,1.0,0.125,0.0,0.933333,0.033333,0.966667,60,2,58,0.466666
0.8,0.2,0.75,0.015,3,2,30,0,28,0.533333,1.0,0.066667,1.0,0.125,0.0,0.933333,0.033333,0.966667,60,2,58,0.466666
0.8,0.2,0.75,0.02,3,2,30,0,28,0.533333,1.0,0.066667,1.0,0.125,0.0,0.933333,0.033333,0.966667,60,2,58,0.466666
0.8,0.2,0.75,0.025,3,2,30,0,28,0.533333,1.0,0.066667,1.0,0.125,0.0,0.933333,0.033333,0.966667,60,2,58,0.466666
0.8,0.2,0.75,0.03,3,2,30,0,28,0.533333,1.0,0.066667,1.0,0.125,0.0,0.933333,0.033333,0.966667,60,2,58,0.466666
0.8,0.2,0.8,,3,2,30,0,28,0.533333,1.0,0.066667,1.0,0.125,0.0,0.933333,0.033333,0.966667,60,2,58,0.466666
0.8,0.2,0.8,0.015,3,2,30,0,28,0.533333,1.0,0.066667,1.0,0.125,0.0,0.933333,0.033333,0.966667,60,2,58,0.466666
0.8,0.2,0.8,0.02,3,2,30,0,28,0.533333,1.0,0.066667,1.0,0.125,0.0,0.933333,0.033333,0.966667,60,2,58,0.466666
0.8,0.2,0.8,0.025,3,2,30,0,28,0.533333,1.0,0.066667,1.0,0.125,0.0,0.933333,0.033333,0.966667,60,2,58,0.466666
0.8,0.2,0.8,0.03,3,2,30,0,28,0.533333,1.0,0.066667,1.0,0.125,0.0,0.933333,0.033333,0.966667,60,2,58,0.466666
0.8,0.2,0.85,,3,2,30,0,28,0.533333,1.0,0.066667,1.0,0.125,0.0,0.933333,0.033333,0.966667,60,2,58,0.466666
0.8,0.2,0.85,0.015,3,2,30,0,28,0.533333,1.0,0.066667,1.0,0.125,0.0,0.933333,0.033333,0.966667,60,2,58,0.466666
0.8,0.2,0.85,0.02,3,2,30,0,28,0.533333,1.0,0.066667,1.0,0.125,0.0,0.933333,0.033333,0.966667,60,2,58,0.466666
0.8,0.2,0.85,0.025,3,2,30,0,28,0.533333,1.0,0.066667,1.0,0.125,0.0,0.933333,0.033333,0.966667,60,2,58,0.466666
0.8,0.2,0.85,0.03,3,2,30,0,28,0.533333,1.0,0.066667,1.0,0.125,0.0,0.933333,0.033333,0.966667,60,2,58,0.466666
0.85,0.15,0.85,,3,2,30,0,28,0.533333,1.0,0.066667,1.0,0.125,0.0,0.933333,0.033333,0.966667,60,2,58,0.466666
0.85,0.15,0.85,0.015,3,2,30,0,28,0.533333,1.0,0.066667,1.0,0.125,0.0,0.933333,0.033333,0.966667,60,2,58,0.466666
0.85,0.15,0.85,0.02,3,2,30,0,28,0.533333,1.0,0.066667,1.0,0.125,0.0,0.933333,0.033333,0.966667,60,2,58,0.466666
0.85,0.15,0.85,0.025,3,2,30,0,28,0.533333,1.0,0.066667,1.0,0.125,0.0,0.933333,0.033333,0.966667,60,2,58,0.466666
0.85,0.15,0.85,0.03,3,2,30,0,28,0.533333,1.0,0.066667,1.0,0.125,0.0,0.933333,0.033333,0.966667,60,2,58,0.466666
0.85,0.2,,,3,2,30,0,28,0.533333,1.0,0.066667,1.0,0.125,0.0,0.933333,0.033333,0.966667,60,2,58,0.466666
0.85,0.2,,0.015,3,2,30,0,28,0.533333,1.0,0.066667,1.0,0.125,0.0,0.933333,0.033333,0.966667,60,2,58,0.466666
0.85,0.2,,0.02,3,2,30,0,28,0.533333,1.0,0.066667,1.0,0.125,0.0,0.933333,0.033333,0.966667,60,2,58,0.466666
0.85,0.2,,0.025,3,2,30,0,28,0.533333,1.0,0.066667,1.0,0.125,0.0,0.933333,0.033333,0.966667,60,2,58,0.466666
0.85,0.2,,0.03,3,2,30,0,28,0.533333,1.0,0.066667,1.0,0.125,0.0,0.933333,0.033333,0.966667,60,2,58,0.466666
0.85,0.2,0.65,,3,2,30,0,28,0.533333,1.0,0.066667,1.0,0.125,0.0,0.933333,0.033333,0.966667,60,2,58,0.466666
0.85,0.2,0.65,0.015,3,2,30,0,28,0.533333,1.0,0.066667,1.0,0.125,0.0,0.933333,0.033333,0.966667,60,2,58,0.466666
0.85,0.2,0.65,0.02,3,2,30,0,28,0.533333,1.0,0.066667,1.0,0.125,0.0,0.933333,0.033333,0.966667,60,2,58,0.466666
0.85,0.2,0.65,0.025,3,2,30,0,28,0.533333,1.0,0.066667,1.0,0.125,0.0,0.933333,0.033333,0.966667,60,2,58,0.466666
0.85,0.2,0.65,0.03,3,2,30,0,28,0.533333,1.0,0.066667,1.0,0.125,0.0,0.933333,0.033333,0.966667,60,2,58,0.466666
0.85,0.2,0.7,,3,2,30,0,28,0.533333,1.0,0.066667,1.0,0.125,0.0,0.933333,0.033333,0.966667,60,2,58,0.466666
0.85,0.2,0.7,0.015,3,2,30,0,28,0.533333,1.0,0.066667,1.0,0.125,0.0,0.933333,0.033333,0.966667,60,2,58,0.466666
0.85,0.2,0.7,0.02,3,2,30,0,28,0.533333,1.0,0.066667,1.0,0.125,0.0,0.933333,0.033333,0.966667,60,2,58,0.466666
0.85,0.2,0.7,0.025,3,2,30,0,28,0.533333,1.0,0.066667,1.0,0.125,0.0,0.933333,0.033333,0.966667,60,2,58,0.466666
0.85,0.2,0.7,0.03,3,2,30,0,28,0.533333,1.0,0.066667,1.0,0.125,0.0,0.933333,0.033333,0.966667,60,2,58,0.466666
0.85,0.2,0.75,,3,2,30,0,28,0.533333,1.0,0.066667,1.0,0.125,0.0,0.933333,0.033333,0.966667,60,2,58,0.466666
0.85,0.2,0.75,0.015,3,2,30,0,28,0.533333,1.0,0.066667,1.0,0.125,0.0,0.933333,0.033333,0.966667,60,2,58,0.466666
0.85,0.2,0.75,0.02,3,2,30,0,28,0.533333,1.0,0.066667,1.0,0.125,0.0,0.933333,0.033333,0.966667,60,2,58,0.466666
0.85,0.2,0.75,0.025,3,2,30,0,28,0.533333,1.0,0.066667,1.0,0.125,0.0,0.933333,0.033333,0.966667,60,2,58,0.466666
0.85,0.2,0.75,0.03,3,2,30,0,28,0.533333,1.0,0.066667,1.0,0.125,0.0,0.933333,0.033333,0.966667,60,2,58,0.466666
0.85,0.2,0.8,,3,2,30,0,28,0.533333,1.0,0.066667,1.0,0.125,0.0,0.933333,0.033333,0.966667,60,2,58,0.466666
0.85,0.2,0.8,0.015,3,2,30,0,28,0.533333,1.0,0.066667,1.0,0.125,0.0,0.933333,0.033333,0.966667,60,2,58,0.466666
0.85,0.2,0.8,0.02,3,2,30,0,28,0.533333,1.0,0.066667,1.0,0.125,0.0,0.933333,0.033333,0.966667,60,2,58,0.466666
0.85,0.2,0.8,0.025,3,2,30,0,28,0.533333,1.0,0.066667,1.0,0.125,0.0,0.933333,0.033333,0.966667,60,2,58,0.466666
0.85,0.2,0.8,0.03,3,2,30,0,28,0.533333,1.0,0.066667,1.0,0.125,0.0,0.933333,0.033333,0.966667,60,2,58,0.466666
0.85,0.2,0.85,,3,2,30,0,28,0.533333,1.0,0.066667,1.0,0.125,0.0,0.933333,0.033333,0.966667,60,2,58,0.466666
0.85,0.2,0.85,0.015,3,2,30,0,28,0.533333,1.0,0.066667,1.0,0.125,0.0,0.933333,0.033333,0.966667,60,2,58,0.466666
0.85,0.2,0.85,0.02,3,2,30,0,28,0.533333,1.0,0.066667,1.0,0.125,0.0,0.933333,0.033333,0.966667,60,2,58,0.466666
0.85,0.2,0.85,0.025,3,2,30,0,28,0.533333,1.0,0.066667,1.0,0.125,0.0,0.933333,0.033333,0.966667,60,2,58,0.466666
0.85,0.2,0.85,0.03,3,2,30,0,28,0.533333,1.0,0.066667,1.0,0.125,0.0,0.933333,0.033333,0.966667,60,2,58,0.466666
0.9,0.15,0.85,,3,2,30,0,28,0.533333,1.0,0.066667,1.0,0.125,0.0,0.933333,0.033333,0.966667,60,2,58,0.466666
0.9,0.15,0.85,0.015,3,2,30,0,28,0.533333,1.0,0.066667,1.0,0.125,0.0,0.933333,0.033333,0.966667,60,2,58,0.466666
0.9,0.15,0.85,0.02,3,2,30,0,28,0.533333,1.0,0.066667,1.0,0.125,0.0,0.933333,0.033333,0.966667,60,2,58,0.466666
0.9,0.15,0.85,0.025,3,2,30,0,28,0.533333,1.0,0.066667,1.0,0.125,0.0,0.933333,0.033333,0.966667,60,2,58,0.466666
0.9,0.15,0.85,0.03,3,2,30,0,28,0.533333,1.0,0.066667,1.0,0.125,0.0,0.933333,0.033333,0.966667,60,2,58,0.466666
0.9,0.2,,,3,2,30,0,28,0.533333,1.0,0.066667,1.0,0.125,0.0,0.933333,0.033333,0.966667,60,2,58,0.466666
0.9,0.2,,0.015,3,2,30,0,28,0.533333,1.0,0.066667,1.0,0.125,0.0,0.933333,0.033333,0.966667,60,2,58,0.466666
0.9,0.2,,0.02,3,2,30,0,28,0.533333,1.0,0.066667,1.0,0.125,0.0,0.933333,0.033333,0.966667,60,2,58,0.466666
0.9,0.2,,0.025,3,2,30,0,28,0.533333,1.0,0.066667,1.0,0.125,0.0,0.933333,0.033333,0.966667,60,2,58,0.466666
0.9,0.2,,0.03,3,2,30,0,28,0.533333,1.0,0.066667,1.0,0.125,0.0,0.933333,0.033333,0.966667,60,2,58,0.466666
0.9,0.2,0.65,,3,2,30,0,28,0.533333,1.0,0.066667,1.0,0.125,0.0,0.933333,0.033333,0.966667,60,2,58,0.466666
0.9,0.2,0.65,0.015,3,2,30,0,28,0.533333,1.0,0.066667,1.0,0.125,0.0,0.933333,0.033333,0.966667,60,2,58,0.466666
0.9,0.2,0.65,0.02,3,2,30,0,28,0.533333,1.0,0.066667,1.0,0.125,0.0,0.933333,0.033333,0.966667,60,2,58,0.466666
0.9,0.2,0.65,0.025,3,2,30,0,28,0.533333,1.0,0.066667,1.0,0.125,0.0,0.933333,0.033333,0.966667,60,2,58,0.466666
0.9,0.2,0.65,0.03,3,2,30,0,28,0.533333,1.0,0.066667,1.0,0.125,0.0,0.933333,0.033333,0.966667,60,2,58,0.466666
0.9,0.2,0.7,,3,2,30,0,28,0.533333,1.0,0.066667,1.0,0.125,0.0,0.933333,0.033333,0.966667,60,2,58,0.466666
0.9,0.2,0.7,0.015,3,2,30,0,28,0.533333,1.0,0.066667,1.0,0.125,0.0,0.933333,0.033333,0.966667,60,2,58,0.466666
0.9,0.2,0.7,0.02,3,2,30,0,28,0.533333,1.0,0.066667,1.0,0.125,0.0,0.933333,0.033333,0.966667,60,2,58,0.466666
0.9,0.2,0.7,0.025,3,2,30,0,28,0.533333,1.0,0.066667,1.0,0.125,0.0,0.933333,0.033333,0.966667,60,2,58,0.466666
0.9,0.2,0.7,0.03,3,2,30,0,28,0.533333,1.0,0.066667,1.0,0.125,0.0,0.933333,0.033333,0.966667,60,2,58,0.466666
0.9,0.2,0.75,,3,2,30,0,28,0.533333,1.0,0.066667,1.0,0.125,0.0,0.933333,0.033333,0.966667,60,2,58,0.466666
0.9,0.2,0.75,0.015,3,2,30,0,28,0.533333,1.0,0.066667,1.0,0.125,0.0,0.933333,0.033333,0.966667,60,2,58,0.466666
0.9,0.2,0.75,0.02,3,2,30,0,28,0.533333,1.0,0.066667,1.0,0.125,0.0,0.933333,0.033333,0.966667,60,2,58,0.466666
0.9,0.2,0.75,0.025,3,2,30,0,28,0.533333,1.0,0.066667,1.0,0.125,0.0,0.933333,0.033333,0.966667,60,2,58,0.466666
0.9,0.2,0.75,0.03,3,2,30,0,28,0.533333,1.0,0.066667,1.0,0.125,0.0,0.933333,0.033333,0.966667,60,2,58,0.466666
0.9,0.2,0.8,,3,2,30,0,28,0.533333,1.0,0.066667,1.0,0.125,0.0,0.933333,0.033333,0.966667,60,2,58,0.466666
0.9,0.2,0.8,0.015,3,2,30,0,28,0.533333,1.0,0.066667,1.0,0.125,0.0,0.933333,0.033333,0.966667,60,2,58,0.466666
0.9,0.2,0.8,0.02,3,2,30,0,28,0.533333,1.0,0.066667,1.0,0.125,0.0,0.933333,0.033333,0.966667,60,2,58,0.466666
0.9,0.2,0.8,0.025,3,2,30,0,28,0.533333,1.0,0.066667,1.0,0.125,0.0,0.933333,0.033333,0.966667,60,2,58,0.466666
0.9,0.2,0.8,0.03,3,2,30,0,28,0.533333,1.0,0.066667,1.0,0.125,0.0,0.933333,0.033333,0.966667,60,2,58,0.466666
0.9,0.2,0.85,,3,2,30,0,28,0.533333,1.0,0.066667,1.0,0.125,0.0,0.933333,0.033333,0.966667,60,2,58,0.466666
0.9,0.2,0.85,0.015,3,2,30,0,28,0.533333,1.0,0.066667,1.0,0.125,0.0,0.933333,0.033333,0.966667,60,2,58,0.466666
0.9,0.2,0.85,0.02,3,2,30,0,28,0.533333,1.0,0.066667,1.0,0.125,0.0,0.933333,0.033333,0.966667,60,2,58,0.466666
0.9,0.2,0.85,0.025,3,2,30,0,28,0.533333,1.0,0.066667,1.0,0.125,0.0,0.933333,0.033333,0.966667,60,2,58,0.466666
0.9,0.2,0.85,0.03,3,2,30,0,28,0.533333,1.0,0.066667,1.0,0.125,0.0,0.933333,0.033333,0.966667,60,2,58,0.466666
0.95,0.15,0.85,,3,2,30,0,28,0.533333,1.0,0.066667,1.0,0.125,0.0,0.933333,0.033333,0.966667,60,2,58,0.466666
0.95,0.15,0.85,0.015,3,2,30,0,28,0.533333,1.0,0.066667,1.0,0.125,0.0,0.933333,0.033333,0.966667,60,2,58,0.466666
0.95,0.15,0.85,0.02,3,2,30,0,28,0.533333,1.0,0.066667,1.0,0.125,0.0,0.933333,0.033333,0.966667,60,2,58,0.466666
0.95,0.15,0.85,0.025,3,2,30,0,28,0.533333,1.0,0.066667,1.0,0.125,0.0,0.933333,0.033333,0.966667,60,2,58,0.466666
0.95,0.15,0.85,0.03,3,2,30,0,28,0.533333,1.0,0.066667,1.0,0.125,0.0,0.933333,0.033333,0.966667,60,2,58,0.466666
0.95,0.2,,,3,2,30,0,28,0.533333,1.0,0.066667,1.0,0.125,0.0,0.933333,0.033333,0.966667,60,2,58,0.466666
0.95,0.2,,0.015,3,2,30,0,28,0.533333,1.0,0.066667,1.0,0.125,0.0,0.933333,0.033333,0.966667,60,2,58,0.466666
0.95,0.2,,0.02,3,2,30,0,28,0.533333,1.0,0.066667,1.0,0.125,0.0,0.933333,0.033333,0.966667,60,2,58,0.466666
0.95,0.2,,0.025,3,2,30,0,28,0.533333,1.0,0.066667,1.0,0.125,0.0,0.933333,0.033333,0.966667,60,2,58,0.466666
0.95,0.2,,0.03,3,2,30,0,28,0.533333,1.0,0.066667,1.0,0.125,0.0,0.933333,0.033333,0.966667,60,2,58,0.466666
0.95,0.2,0.65,,3,2,30,0,28,0.533333,1.0,0.066667,1.0,0.125,0.0,0.933333,0.033333,0.966667,60,2,58,0.466666
0.95,0.2,0.65,0.015,3,2,30,0,28,0.533333,1.0,0.066667,1.0,0.125,0.0,0.933333,0.033333,0.966667,60,2,58,0.466666
0.95,0.2,0.65,0.02,3,2,30,0,28,0.533333,1.0,0.066667,1.0,0.125,0.0,0.933333,0.033333,0.966667,60,2,58,0.466666
0.95,0.2,0.65,0.025,3,2,30,0,28,0.533333,1.0,0.066667,1.0,0.125,0.0,0.933333,0.033333,0.966667,60,2,58,0.466666
0.95,0.2,0.65,0.03,3,2,30,0,28,0.533333,1.0,0.066667,1.0,0.125,0.0,0.933333,0.033333,0.966667,60,2,58,0.466666
0.95,0.2,0.7,,3,2,30,0,28,0.533333,1.0,0.066667,1.0,0.125,0.0,0.933333,0.033333,0.966667,60,2,58,0.466666
0.95,0.2,0.7,0.015,3,2,30,0,28,0.533333,1.0,0.066667,1.0,0.125,0.0,0.933333,0.033333,0.966667,60,2,58,0.466666
0.95,0.2,0.7,0.02,3,2,30,0,28,0.533333,1.0,0.066667,1.0,0.125,0.0,0.933333,0.033333,0.966667,60,2,58,0.466666
0.95,0.2,0.7,0.025,3,2,30,0,28,0.533333,1.0,0.066667,1.0,0.125,0.0,0.933333,0.033333,0.966667,60,2,58,0.466666
0.95,0.2,0.7,0.03,3,2,30,0,28,0.533333,1.0,0.066667,1.0,0.125,0.0,0.933333,0.033333,0.966667,60,2,58,0.466666
0.95,0.2,0.75,,3,2,30,0,28,0.533333,1.0,0.066667,1.0,0.125,0.0,0.933333,0.033333,0.966667,60,2,58,0.466666
0.95,0.2,0.75,0.015,3,2,30,0,28,0.533333,1.0,0.066667,1.0,0.125,0.0,0.933333,0.033333,0.966667,60,2,58,0.466666
0.95,0.2,0.75,0.02,3,2,30,0,28,0.533333,1.0,0.066667,1.0,0.125,0.0,0.933333,0.033333,0.966667,60,2,58,0.466666
0.95,0.2,0.75,0.025,3,2,30,0,28,0.533333,1.0,0.066667,1.0,0.125,0.0,0.933333,0.033333,0.966667,60,2,58,0.466666
0.95,0.2,0.75,0.03,3,2,30,0,28,0.533333,1.0,0.066667,1.0,0.125,0.0,0.933333,0.033333,0.966667,60,2,58,0.466666
0.95,0.2,0.8,,3,2,30,0,28,0.533333,1.0,0.066667,1.0,0.125,0.0,0.933333,0.033333,0.966667,60,2,58,0.466666
0.95,0.2,0.8,0.015,3,2,30,0,28,0.533333,1.0,0.066667,1.0,0.125,0.0,0.933333,0.033333,0.966667,60,2,58,0.466666
0.95,0.2,0.8,0.02,3,2,30,0,28,0.533333,1.0,0.066667,1.0,0.125,0.0,0.933333,0.033333,0.966667,60,2,58,0.466666
0.95,0.2,0.8,0.025,3,2,30,0,28,0.533333,1.0,0.066667,1.0,0.125,0.0,0.933333,0.033333,0.966667,60,2,58,0.466666
0.95,0.2,0.8,0.03,3,2,30,0,28,0.533333,1.0,0.066667,1.0,0.125,0.0,0.933333,0.033333,0.966667,60,2,58,0.466666
0.95,0.2,0.85,,3,2,30,0,28,0.533333,1.0,0.066667,1.0,0.125,0.0,0.933333,0.033333,0.966667,60,2,58,0.466666
0.95,0.2,0.85,0.015,3,2,30,0,28,0.533333,1.0,0.066667,1.0,0.125,0.0,0.933333,0.033333,0.966667,60,2,58,0.466666
0.95,0.2,0.85,0.02,3,2,30,0,28,0.533333,1.0,0.066667,1.0,0.125,0.0,0.933333,0.033333,0.966667,60,2,58,0.466666
0.95,0.2,0.85,0.025,3,2,30,0,28,0.533333,1.0,0.066667,1.0,0.125,0.0,0.933333,0.033333,0.966667,60,2,58,0.466666
0.95,0.2,0.85,0.03,3,2,30,0,28,0.533333,1.0,0.066667,1.0,0.125,0.0,0.933333,0.033333,0.966667,60,2,58,0.466666
0.3,0.3,,,3,0,30,0,30,0.5,0.0,0.0,1.0,0.0,0.0,1.0,0.0,1.0,60,0,60,0.5
0.3,0.3,,0.015,2,0,30,0,30,0.5,0.0,0.0,1.0,0.0,0.0,1.0,0.0,1.0,60,0,60,0.5
0.3,0.3,,0.015,3,0,30,0,30,0.5,0.0,0.0,1.0,0.0,0.0,1.0,0.0,1.0,60,0,60,0.5
0.3,0.3,,0.02,2,0,30,0,30,0.5,0.0,0.0,1.0,0.0,0.0,1.0,0.0,1.0,60,0,60,0.5
0.3,0.3,,0.02,3,0,30,0,30,0.5,0.0,0.0,1.0,0.0,0.0,1.0,0.0,1.0,60,0,60,0.5
0.3,0.3,,0.025,2,0,30,0,30,0.5,0.0,0.0,1.0,0.0,0.0,1.0,0.0,1.0,60,0,60,0.5
0.3,0.3,,0.025,3,0,30,0,30,0.5,0.0,0.0,1.0,0.0,0.0,1.0,0.0,1.0,60,0,60,0.5
0.3,0.3,,0.03,2,0,30,0,30,0.5,0.0,0.0,1.0,0.0,0.0,1.0,0.0,1.0,60,0,60,0.5
0.3,0.3,,0.03,3,0,30,0,30,0.5,0.0,0.0,1.0,0.0,0.0,1.0,0.0,1.0,60,0,60,0.5
0.3,0.3,0.65,,3,0,30,0,30,0.5,0.0,0.0,1.0,0.0,0.0,1.0,0.0,1.0,60,0,60,0.5
0.3,0.3,0.65,0.015,2,0,30,0,30,0.5,0.0,0.0,1.0,0.0,0.0,1.0,0.0,1.0,60,0,60,0.5
0.3,0.3,0.65,0.015,3,0,30,0,30,0.5,0.0,0.0,1.0,0.0,0.0,1.0,0.0,1.0,60,0,60,0.5
0.3,0.3,0.65,0.02,2,0,30,0,30,0.5,0.0,0.0,1.0,0.0,0.0,1.0,0.0,1.0,60,0,60,0.5
0.3,0.3,0.65,0.02,3,0,30,0,30,0.5,0.0,0.0,1.0,0.0,0.0,1.0,0.0,1.0,60,0,60,0.5
0.3,0.3,0.65,0.025,2,0,30,0,30,0.5,0.0,0.0,1.0,0.0,0.0,1.0,0.0,1.0,60,0,60,0.5
0.3,0.3,0.65,0.025,3,0,30,0,30,0.5,0.0,0.0,1.0,0.0,0.0,1.0,0.0,1.0,60,0,60,0.5
0.3,0.3,0.65,0.03,2,0,30,0,30,0.5,0.0,0.0,1.0,0.0,0.0,1.0,0.0,1.0,60,0,60,0.5
0.3,0.3,0.65,0.03,3,0,30,0,30,0.5,0.0,0.0,1.0,0.0,0.0,1.0,0.0,1.0,60,0,60,0.5
0.3,0.3,0.7,,3,0,30,0,30,0.5,0.0,0.0,1.0,0.0,0.0,1.0,0.0,1.0,60,0,60,0.5
0.3,0.3,0.7,0.015,2,0,30,0,30,0.5,0.0,0.0,1.0,0.0,0.0,1.0,0.0,1.0,60,0,60,0.5
0.3,0.3,0.7,0.015,3,0,30,0,30,0.5,0.0,0.0,1.0,0.0,0.0,1.0,0.0,1.0,60,0,60,0.5
0.3,0.3,0.7,0.02,2,0,30,0,30,0.5,0.0,0.0,1.0,0.0,0.0,1.0,0.0,1.0,60,0,60,0.5
0.3,0.3,0.7,0.02,3,0,30,0,30,0.5,0.0,0.0,1.0,0.0,0.0,1.0,0.0,1.0,60,0,60,0.5
0.3,0.3,0.7,0.025,2,0,30,0,30,0.5,0.0,0.0,1.0,0.0,0.0,1.0,0.0,1.0,60,0,60,0.5
0.3,0.3,0.7,0.025,3,0,30,0,30,0.5,0.0,0.0,1.0,0.0,0.0,1.0,0.0,1.0,60,0,60,0.5
0.3,0.3,0.7,0.03,2,0,30,0,30,0.5,0.0,0.0,1.0,0.0,0.0,1.0,0.0,1.0,60,0,60,0.5
0.3,0.3,0.7,0.03,3,0,30,0,30,0.5,0.0,0.0,1.0,0.0,0.0,1.0,0.0,1.0,60,0,60,0.5
0.3,0.3,0.75,,2,0,30,0,30,0.5,0.0,0.0,1.0,0.0,0.0,1.0,0.0,1.0,60,0,60,0.5
0.3,0.3,0.75,,3,0,30,0,30,0.5,0.0,0.0,1.0,0.0,0.0,1.0,0.0,1.0,60,0,60,0.5
0.3,0.3,0.75,0.015,2,0,30,0,30,0.5,0.0,0.0,1.0,0.0,0.0,1.0,0.0,1.0,60,0,60,0.5
0.3,0.3,0.75,0.015,3,0,30,0,30,0.5,0.0,0.0,1.0,0.0,0.0,1.0,0.0,1.0,60,0,60,0.5
0.3,0.3,0.75,0.02,2,0,30,0,30,0.5,0.0,0.0,1.0,0.0,0.0,1.0,0.0,1.0,60,0,60,0.5
0.3,0.3,0.75,0.02,3,0,30,0,30,0.5,0.0,0.0,1.0,0.0,0.0,1.0,0.0,1.0,60,0,60,0.5
0.3,0.3,0.75,0.025,2,0,30,0,30,0.5,0.0,0.0,1.0,0.0,0.0,1.0,0.0,1.0,60,0,60,0.5
0.3,0.3,0.75,0.025,3,0,30,0,30,0.5,0.0,0.0,1.0,0.0,0.0,1.0,0.0,1.0,60,0,60,0.5
0.3,0.3,0.75,0.03,2,0,30,0,30,0.5,0.0,0.0,1.0,0.0,0.0,1.0,0.0,1.0,60,0,60,0.5
0.3,0.3,0.75,0.03,3,0,30,0,30,0.5,0.0,0.0,1.0,0.0,0.0,1.0,0.0,1.0,60,0,60,0.5
0.3,0.3,0.8,,2,0,30,0,30,0.5,0.0,0.0,1.0,0.0,0.0,1.0,0.0,1.0,60,0,60,0.5
0.3,0.3,0.8,,3,0,30,0,30,0.5,0.0,0.0,1.0,0.0,0.0,1.0,0.0,1.0,60,0,60,0.5
0.3,0.3,0.8,0.015,2,0,30,0,30,0.5,0.0,0.0,1.0,0.0,0.0,1.0,0.0,1.0,60,0,60,0.5
0.3,0.3,0.8,0.015,3,0,30,0,30,0.5,0.0,0.0,1.0,0.0,0.0,1.0,0.0,1.0,60,0,60,0.5
0.3,0.3,0.8,0.02,2,0,30,0,30,0.5,0.0,0.0,1.0,0.0,0.0,1.0,0.0,1.0,60,0,60,0.5
0.3,0.3,0.8,0.02,3,0,30,0,30,0.5,0.0,0.0,1.0,0.0,0.0,1.0,0.0,1.0,60,0,60,0.5
0.3,0.3,0.8,0.025,2,0,30,0,30,0.5,0.0,0.0,1.0,0.0,0.0,1.0,0.0,1.0,60,0,60,0.5
0.3,0.3,0.8,0.025,3,0,30,0,30,0.5,0.0,0.0,1.0,0.0,0.0,1.0,0.0,1.0,60,0,60,0.5
0.3,0.3,0.8,0.03,2,0,30,0,30,0.5,0.0,0.0,1.0,0.0,0.0,1.0,0.0,1.0,60,0,60,0.5
0.3,0.3,0.8,0.03,3,0,30,0,30,0.5,0.0,0.0,1.0,0.0,0.0,1.0,0.0,1.0,60,0,60,0.5
0.3,0.3,0.85,,2,0,30,0,30,0.5,0.0,0.0,1.0,0.0,0.0,1.0,0.0,1.0,60,0,60,0.5
0.3,0.3,0.85,,3,0,30,0,30,0.5,0.0,0.0,1.0,0.0,0.0,1.0,0.0,1.0,60,0,60,0.5
0.3,0.3,0.85,0.015,2,0,30,0,30,0.5,0.0,0.0,1.0,0.0,0.0,1.0,0.0,1.0,60,0,60,0.5
0.3,0.3,0.85,0.015,3,0,30,0,30,0.5,0.0,0.0,1.0,0.0,0.0,1.0,0.0,1.0,60,0,60,0.5
0.3,0.3,0.85,0.02,2,0,30,0,30,0.5,0.0,0.0,1.0,0.0,0.0,1.0,0.0,1.0,60,0,60,0.5
0.3,0.3,0.85,0.02,3,0,30,0,30,0.5,0.0,0.0,1.0,0.0,0.0,1.0,0.0,1.0,60,0,60,0.5
0.3,0.3,0.85,0.025,2,0,30,0,30,0.5,0.0,0.0,1.0,0.0,0.0,1.0,0.0,1.0,60,0,60,0.5
0.3,0.3,0.85,0.025,3,0,30,0,30,0.5,0.0,0.0,1.0,0.0,0.0,1.0,0.0,1.0,60,0,60,0.5
0.3,0.3,0.85,0.03,2,0,30,0,30,0.5,0.0,0.0,1.0,0.0,0.0,1.0,0.0,1.0,60,0,60,0.5
0.3,0.3,0.85,0.03,3,0,30,0,30,0.5,0.0,0.0,1.0,0.0,0.0,1.0,0.0,1.0,60,0,60,0.5
0.4,0.3,,,3,0,30,0,30,0.5,0.0,0.0,1.0,0.0,0.0,1.0,0.0,1.0,60,0,60,0.5
0.4,0.3,,0.015,2,0,30,0,30,0.5,0.0,0.0,1.0,0.0,0.0,1.0,0.0,1.0,60,0,60,0.5
0.4,0.3,,0.015,3,0,30,0,30,0.5,0.0,0.0,1.0,0.0,0.0,1.0,0.0,1.0,60,0,60,0.5
0.4,0.3,,0.02,2,0,30,0,30,0.5,0.0,0.0,1.0,0.0,0.0,1.0,0.0,1.0,60,0,60,0.5
0.4,0.3,,0.02,3,0,30,0,30,0.5,0.0,0.0,1.0,0.0,0.0,1.0,0.0,1.0,60,0,60,0.5
0.4,0.3,,0.025,2,0,30,0,30,0.5,0.0,0.0,1.0,0.0,0.0,1.0,0.0,1.0,60,0,60,0.5
0.4,0.3,,0.025,3,0,30,0,30,0.5,0.0,0.0,1.0,0.0,0.0,1.0,0.0,1.0,60,0,60,0.5
0.4,0.3,,0.03,2,0,30,0,30,0.5,0.0,0.0,1.0,0.0,0.0,1.0,0.0,1.0,60,0,60,0.5
0.4,0.3,,0.03,3,0,30,0,30,0.5,0.0,0.0,1.0,0.0,0.0,1.0,0.0,1.0,60,0,60,0.5
0.4,0.3,0.65,,3,0,30,0,30,0.5,0.0,0.0,1.0,0.0,0.0,1.0,0.0,1.0,60,0,60,0.5
0.4,0.3,0.65,0.015,2,0,30,0,30,0.5,0.0,0.0,1.0,0.0,0.0,1.0,0.0,1.0,60,0,60,0.5
0.4,0.3,0.65,0.015,3,0,30,0,30,0.5,0.0,0.0,1.0,0.0,0.0,1.0,0.0,1.0,60,0,60,0.5
0.4,0.3,0.65,0.02,2,0,30,0,30,0.5,0.0,0.0,1.0,0.0,0.0,1.0,0.0,1.0,60,0,60,0.5
0.4,0.3,0.65,0.02,3,0,30,0,30,0.5,0.0,0.0,1.0,0.0,0.0,1.0,0.0,1.0,60,0,60,0.5
0.4,0.3,0.65,0.025,2,0,30,0,30,0.5,0.0,0.0,1.0,0.0,0.0,1.0,0.0,1.0,60,0,60,0.5
0.4,0.3,0.65,0.025,3,0,30,0,30,0.5,0.0,0.0,1.0,0.0,0.0,1.0,0.0,1.0,60,0,60,0.5
0.4,0.3,0.65,0.03,2,0,30,0,30,0.5,0.0,0.0,1.0,0.0,0.0,1.0,0.0,1.0,60,0,60,0.5
0.4,0.3,0.65,0.03,3,0,30,0,30,0.5,0.0,0.0,1.0,0.0,0.0,1.0,0.0,1.0,60,0,60,0.5
0.4,0.3,0.7,,3,0,30,0,30,0.5,0.0,0.0,1.0,0.0,0.0,1.0,0.0,1.0,60,0,60,0.5
0.4,0.3,0.7,0.015,2,0,30,0,30,0.5,0.0,0.0,1.0,0.0,0.0,1.0,0.0,1.0,60,0,60,0.5
0.4,0.3,0.7,0.015,3,0,30,0,30,0.5,0.0,0.0,1.0,0.0,0.0,1.0,0.0,1.0,60,0,60,0.5
0.4,0.3,0.7,0.02,2,0,30,0,30,0.5,0.0,0.0,1.0,0.0,0.0,1.0,0.0,1.0,60,0,60,0.5
0.4,0.3,0.7,0.02,3,0,30,0,30,0.5,0.0,0.0,1.0,0.0,0.0,1.0,0.0,1.0,60,0,60,0.5
0.4,0.3,0.7,0.025,2,0,30,0,30,0.5,0.0,0.0,1.0,0.0,0.0,1.0,0.0,1.0,60,0,60,0.5
0.4,0.3,0.7,0.025,3,0,30,0,30,0.5,0.0,0.0,1.0,0.0,0.0,1.0,0.0,1.0,60,0,60,0.5
0.4,0.3,0.7,0.03,2,0,30,0,30,0.5,0.0,0.0,1.0,0.0,0.0,1.0,0.0,1.0,60,0,60,0.5
0.4,0.3,0.7,0.03,3,0,30,0,30,0.5,0.0,0.0,1.0,0.0,0.0,1.0,0.0,1.0,60,0,60,0.5
0.4,0.3,0.75,,2,0,30,0,30,0.5,0.0,0.0,1.0,0.0,0.0,1.0,0.0,1.0,60,0,60,0.5
0.4,0.3,0.75,,3,0,30,0,30,0.5,0.0,0.0,1.0,0.0,0.0,1.0,0.0,1.0,60,0,60,0.5
0.4,0.3,0.75,0.015,2,0,30,0,30,0.5,0.0,0.0,1.0,0.0,0.0,1.0,0.0,1.0,60,0,60,0.5
0.4,0.3,0.75,0.015,3,0,30,0,30,0.5,0.0,0.0,1.0,0.0,0.0,1.0,0.0,1.0,60,0,60,0.5
0.4,0.3,0.75,0.02,2,0,30,0,30,0.5,0.0,0.0,1.0,0.0,0.0,1.0,0.0,1.0,60,0,60,0.5
0.4,0.3,0.75,0.02,3,0,30,0,30,0.5,0.0,0.0,1.0,0.0,0.0,1.0,0.0,1.0,60,0,60,0.5
0.4,0.3,0.75,0.025,2,0,30,0,30,0.5,0.0,0.0,1.0,0.0,0.0,1.0,0.0,1.0,60,0,60,0.5
0.4,0.3,0.75,0.025,3,0,30,0,30,0.5,0.0,0.0,1.0,0.0,0.0,1.0,0.0,1.0,60,0,60,0.5
0.4,0.3,0.75,0.03,2,0,30,0,30,0.5,0.0,0.0,1.0,0.0,0.0,1.0,0.0,1.0,60,0,60,0.5
0.4,0.3,0.75,0.03,3,0,30,0,30,0.5,0.0,0.0,1.0,0.0,0.0,1.0,0.0,1.0,60,0,60,0.5
0.4,0.3,0.8,,2,0,30,0,30,0.5,0.0,0.0,1.0,0.0,0.0,1.0,0.0,1.0,60,0,60,0.5
0.4,0.3,0.8,,3,0,30,0,30,0.5,0.0,0.0,1.0,0.0,0.0,1.0,0.0,1.0,60,0,60,0.5
0.4,0.3,0.8,0.015,2,0,30,0,30,0.5,0.0,0.0,1.0,0.0,0.0,1.0,0.0,1.0,60,0,60,0.5
0.4,0.3,0.8,0.015,3,0,30,0,30,0.5,0.0,0.0,1.0,0.0,0.0,1.0,0.0,1.0,60,0,60,0.5
0.4,0.3,0.8,0.02,2,0,30,0,30,0.5,0.0,0.0,1.0,0.0,0.0,1.0,0.0,1.0,60,0,60,0.5
0.4,0.3,0.8,0.02,3,0,30,0,30,0.5,0.0,0.0,1.0,0.0,0.0,1.0,0.0,1.0,60,0,60,0.5
0.4,0.3,0.8,0.025,2,0,30,0,30,0.5,0.0,0.0,1.0,0.0,0.0,1.0,0.0,1.0,60,0,60,0.5
0.4,0.3,0.8,0.025,3,0,30,0,30,0.5,0.0,0.0,1.0,0.0,0.0,1.0,0.0,1.0,60,0,60,0.5
0.4,0.3,0.8,0.03,2,0,30,0,30,0.5,0.0,0.0,1.0,0.0,0.0,1.0,0.0,1.0,60,0,60,0.5
0.4,0.3,0.8,0.03,3,0,30,0,30,0.5,0.0,0.0,1.0,0.0,0.0,1.0,0.0,1.0,60,0,60,0.5
0.4,0.3,0.85,,2,0,30,0,30,0.5,0.0,0.0,1.0,0.0,0.0,1.0,0.0,1.0,60,0,60,0.5
0.4,0.3,0.85,,3,0,30,0,30,0.5,0.0,0.0,1.0,0.0,0.0,1.0,0.0,1.0,60,0,60,0.5
0.4,0.3,0.85,0.015,2,0,30,0,30,0.5,0.0,0.0,1.0,0.0,0.0,1.0,0.0,1.0,60,0,60,0.5
0.4,0.3,0.85,0.015,3,0,30,0,30,0.5,0.0,0.0,1.0,0.0,0.0,1.0,0.0,1.0,60,0,60,0.5
0.4,0.3,0.85,0.02,2,0,30,0,30,0.5,0.0,0.0,1.0,0.0,0.0,1.0,0.0,1.0,60,0,60,0.5
0.4,0.3,0.85,0.02,3,0,30,0,30,0.5,0.0,0.0,1.0,0.0,0.0,1.0,0.0,1.0,60,0,60,0.5
0.4,0.3,0.85,0.025,2,0,30,0,30,0.5,0.0,0.0,1.0,0.0,0.0,1.0,0.0,1.0,60,0,60,0.5
0.4,0.3,0.85,0.025,3,0,30,0,30,0.5,0.0,0.0,1.0,0.0,0.0,1.0,0.0,1.0,60,0,60,0.5
0.4,0.3,0.85,0.03,2,0,30,0,30,0.5,0.0,0.0,1.0,0.0,0.0,1.0,0.0,1.0,60,0,60,0.5
0.4,0.3,0.85,0.03,3,0,30,0,30,0.5,0.0,0.0,1.0,0.0,0.0,1.0,0.0,1.0,60,0,60,0.5
0.5,0.3,,,3,0,30,0,30,0.5,0.0,0.0,1.0,0.0,0.0,1.0,0.0,1.0,60,0,60,0.5
0.5,0.3,,0.015,2,0,30,0,30,0.5,0.0,0.0,1.0,0.0,0.0,1.0,0.0,1.0,60,0,60,0.5
0.5,0.3,,0.015,3,0,30,0,30,0.5,0.0,0.0,1.0,0.0,0.0,1.0,0.0,1.0,60,0,60,0.5
0.5,0.3,,0.02,2,0,30,0,30,0.5,0.0,0.0,1.0,0.0,0.0,1.0,0.0,1.0,60,0,60,0.5
0.5,0.3,,0.02,3,0,30,0,30,0.5,0.0,0.0,1.0,0.0,0.0,1.0,0.0,1.0,60,0,60,0.5
0.5,0.3,,0.025,2,0,30,0,30,0.5,0.0,0.0,1.0,0.0,0.0,1.0,0.0,1.0,60,0,60,0.5
0.5,0.3,,0.025,3,0,30,0,30,0.5,0.0,0.0,1.0,0.0,0.0,1.0,0.0,1.0,60,0,60,0.5
0.5,0.3,,0.03,2,0,30,0,30,0.5,0.0,0.0,1.0,0.0,0.0,1.0,0.0,1.0,60,0,60,0.5
0.5,0.3,,0.03,3,0,30,0,30,0.5,0.0,0.0,1.0,0.0,0.0,1.0,0.0,1.0,60,0,60,0.5
0.5,0.3,0.65,,3,0,30,0,30,0.5,0.0,0.0,1.0,0.0,0.0,1.0,0.0,1.0,60,0,60,0.5
0.5,0.3,0.65,0.015,2,0,30,0,30,0.5,0.0,0.0,1.0,0.0,0.0,1.0,0.0,1.0,60,0,60,0.5
0.5,0.3,0.65,0.015,3,0,30,0,30,0.5,0.0,0.0,1.0,0.0,0.0,1.0,0.0,1.0,60,0,60,0.5
0.5,0.3,0.65,0.02,2,0,30,0,30,0.5,0.0,0.0,1.0,0.0,0.0,1.0,0.0,1.0,60,0,60,0.5
0.5,0.3,0.65,0.02,3,0,30,0,30,0.5,0.0,0.0,1.0,0.0,0.0,1.0,0.0,1.0,60,0,60,0.5
0.5,0.3,0.65,0.025,2,0,30,0,30,0.5,0.0,0.0,1.0,0.0,0.0,1.0,0.0,1.0,60,0,60,0.5
0.5,0.3,0.65,0.025,3,0,30,0,30,0.5,0.0,0.0,1.0,0.0,0.0,1.0,0.0,1.0,60,0,60,0.5
0.5,0.3,0.65,0.03,2,0,30,0,30,0.5,0.0,0.0,1.0,0.0,0.0,1.0,0.0,1.0,60,0,60,0.5
0.5,0.3,0.65,0.03,3,0,30,0,30,0.5,0.0,0.0,1.0,0.0,0.0,1.0,0.0,1.0,60,0,60,0.5
0.5,0.3,0.7,,3,0,30,0,30,0.5,0.0,0.0,1.0,0.0,0.0,1.0,0.0,1.0,60,0,60,0.5
0.5,0.3,0.7,0.015,2,0,30,0,30,0.5,0.0,0.0,1.0,0.0,0.0,1.0,0.0,1.0,60,0,60,0.5
0.5,0.3,0.7,0.015,3,0,30,0,30,0.5,0.0,0.0,1.0,0.0,0.0,1.0,0.0,1.0,60,0,60,0.5
0.5,0.3,0.7,0.02,2,0,30,0,30,0.5,0.0,0.0,1.0,0.0,0.0,1.0,0.0,1.0,60,0,60,0.5
0.5,0.3,0.7,0.02,3,0,30,0,30,0.5,0.0,0.0,1.0,0.0,0.0,1.0,0.0,1.0,60,0,60,0.5
0.5,0.3,0.7,0.025,2,0,30,0,30,0.5,0.0,0.0,1.0,0.0,0.0,1.0,0.0,1.0,60,0,60,0.5
0.5,0.3,0.7,0.025,3,0,30,0,30,0.5,0.0,0.0,1.0,0.0,0.0,1.0,0.0,1.0,60,0,60,0.5
0.5,0.3,0.7,0.03,2,0,30,0,30,0.5,0.0,0.0,1.0,0.0,0.0,1.0,0.0,1.0,60,0,60,0.5
0.5,0.3,0.7,0.03,3,0,30,0,30,0.5,0.0,0.0,1.0,0.0,0.0,1.0,0.0,1.0,60,0,60,0.5
0.5,0.3,0.75,,2,0,30,0,30,0.5,0.0,0.0,1.0,0.0,0.0,1.0,0.0,1.0,60,0,60,0.5
0.5,0.3,0.75,,3,0,30,0,30,0.5,0.0,0.0,1.0,0.0,0.0,1.0,0.0,1.0,60,0,60,0.5
0.5,0.3,0.75,0.015,2,0,30,0,30,0.5,0.0,0.0,1.0,0.0,0.0,1.0,0.0,1.0,60,0,60,0.5
0.5,0.3,0.75,0.015,3,0,30,0,30,0.5,0.0,0.0,1.0,0.0,0.0,1.0,0.0,1.0,60,0,60,0.5
0.5,0.3,0.75,0.02,2,0,30,0,30,0.5,0.0,0.0,1.0,0.0,0.0,1.0,0.0,1.0,60,0,60,0.5
0.5,0.3,0.75,0.02,3,0,30,0,30,0.5,0.0,0.0,1.0,0.0,0.0,1.0,0.0,1.0,60,0,60,0.5
0.5,0.3,0.75,0.025,2,0,30,0,30,0.5,0.0,0.0,1.0,0.0,0.0,1.0,0.0,1.0,60,0,60,0.5
0.5,0.3,0.75,0.025,3,0,30,0,30,0.5,0.0,0.0,1.0,0.0,0.0,1.0,0.0,1.0,60,0,60,0.5
0.5,0.3,0.75,0.03,2,0,30,0,30,0.5,0.0,0.0,1.0,0.0,0.0,1.0,0.0,1.0,60,0,60,0.5
0.5,0.3,0.75,0.03,3,0,30,0,30,0.5,0.0,0.0,1.0,0.0,0.0,1.0,0.0,1.0,60,0,60,0.5
0.5,0.3,0.8,,2,0,30,0,30,0.5,0.0,0.0,1.0,0.0,0.0,1.0,0.0,1.0,60,0,60,0.5
0.5,0.3,0.8,,3,0,30,0,30,0.5,0.0,0.0,1.0,0.0,0.0,1.0,0.0,1.0,60,0,60,0.5
0.5,0.3,0.8,0.015,2,0,30,0,30,0.5,0.0,0.0,1.0,0.0,0.0,1.0,0.0,1.0,60,0,60,0.5
0.5,0.3,0.8,0.015,3,0,30,0,30,0.5,0.0,0.0,1.0,0.0,0.0,1.0,0.0,1.0,60,0,60,0.5
0.5,0.3,0.8,0.02,2,0,30,0,30,0.5,0.0,0.0,1.0,0.0,0.0,1.0,0.0,1.0,60,0,60,0.5
0.5,0.3,0.8,0.02,3,0,30,0,30,0.5,0.0,0.0,1.0,0.0,0.0,1.0,0.0,1.0,60,0,60,0.5
0.5,0.3,0.8,0.025,2,0,30,0,30,0.5,0.0,0.0,1.0,0.0,0.0,1.0,0.0,1.0,60,0,60,0.5
0.5,0.3,0.8,0.025,3,0,30,0,30,0.5,0.0,0.0,1.0,0.0,0.0,1.0,0.0,1.0,60,0,60,0.5
0.5,0.3,0.8,0.03,2,0,30,0,30,0.5,0.0,0.0,1.0,0.0,0.0,1.0,0.0,1.0,60,0,60,0.5
0.5,0.3,0.8,0.03,3,0,30,0,30,0.5,0.0,0.0,1.0,0.0,0.0,1.0,0.0,1.0,60,0,60,0.5
0.5,0.3,0.85,,2,0,30,0,30,0.5,0.0,0.0,1.0,0.0,0.0,1.0,0.0,1.0,60,0,60,0.5
0.5,0.3,0.85,,3,0,30,0,30,0.5,0.0,0.0,1.0,0.0,0.0,1.0,0.0,1.0,60,0,60,0.5
0.5,0.3,0.85,0.015,2,0,30,0,30,0.5,0.0,0.0,1.0,0.0,0.0,1.0,0.0,1.0,60,0,60,0.5
0.5,0.3,0.85,0.015,3,0,30,0,30,0.5,0.0,0.0,1.0,0.0,0.0,1.0,0.0,1.0,60,0,60,0.5
0.5,0.3,0.85,0.02,2,0,30,0,30,0.5,0.0,0.0,1.0,0.0,0.0,1.0,0.0,1.0,60,0,60,0.5
0.5,0.3,0.85,0.02,3,0,30,0,30,0.5,0.0,0.0,1.0,0.0,0.0,1.0,0.0,1.0,60,0,60,0.5
0.5,0.3,0.85,0.025,2,0,30,0,30,0.5,0.0,0.0,1.0,0.0,0.0,1.0,0.0,1.0,60,0,60,0.5
0.5,0.3,0.85,0.025,3,0,30,0,30,0.5,0.0,0.0,1.0,0.0,0.0,1.0,0.0,1.0,60,0,60,0.5
0.5,0.3,0.85,0.03,2,0,30,0,30,0.5,0.0,0.0,1.0,0.0,0.0,1.0,0.0,1.0,60,0,60,0.5
0.5,0.3,0.85,0.03,3,0,30,0,30,0.5,0.0,0.0,1.0,0.0,0.0,1.0,0.0,1.0,60,0,60,0.5
0.6,0.3,,,3,0,30,0,30,0.5,0.0,0.0,1.0,0.0,0.0,1.0,0.0,1.0,60,0,60,0.5
0.6,0.3,,0.015,2,0,30,0,30,0.5,0.0,0.0,1.0,0.0,0.0,1.0,0.0,1.0,60,0,60,0.5
0.6,0.3,,0.015,3,0,30,0,30,0.5,0.0,0.0,1.0,0.0,0.0,1.0,0.0,1.0,60,0,60,0.5
0.6,0.3,,0.02,2,0,30,0,30,0.5,0.0,0.0,1.0,0.0,0.0,1.0,0.0,1.0,60,0,60,0.5
0.6,0.3,,0.02,3,0,30,0,30,0.5,0.0,0.0,1.0,0.0,0.0,1.0,0.0,1.0,60,0,60,0.5
0.6,0.3,,0.025,2,0,30,0,30,0.5,0.0,0.0,1.0,0.0,0.0,1.0,0.0,1.0,60,0,60,0.5
0.6,0.3,,0.025,3,0,30,0,30,0.5,0.0,0.0,1.0,0.0,0.0,1.0,0.0,1.0,60,0,60,0.5
0.6,0.3,,0.03,2,0,30,0,30,0.5,0.0,0.0,1.0,0.0,0.0,1.0,0.0,1.0,60,0,60,0.5
0.6,0.3,,0.03,3,0,30,0,30,0.5,0.0,0.0,1.0,0.0,0.0,1.0,0.0,1.0,60,0,60,0.5
0.6,0.3,0.65,,3,0,30,0,30,0.5,0.0,0.0,1.0,0.0,0.0,1.0,0.0,1.0,60,0,60,0.5
0.6,0.3,0.65,0.015,2,0,30,0,30,0.5,0.0,0.0,1.0,0.0,0.0,1.0,0.0,1.0,60,0,60,0.5
0.6,0.3,0.65,0.015,3,0,30,0,30,0.5,0.0,0.0,1.0,0.0,0.0,1.0,0.0,1.0,60,0,60,0.5
0.6,0.3,0.65,0.02,2,0,30,0,30,0.5,0.0,0.0,1.0,0.0,0.0,1.0,0.0,1.0,60,0,60,0.5
0.6,0.3,0.65,0.02,3,0,30,0,30,0.5,0.0,0.0,1.0,0.0,0.0,1.0,0.0,1.0,60,0,60,0.5
0.6,0.3,0.65,0.025,2,0,30,0,30,0.5,0.0,0.0,1.0,0.0,0.0,1.0,0.0,1.0,60,0,60,0.5
0.6,0.3,0.65,0.025,3,0,30,0,30,0.5,0.0,0.0,1.0,0.0,0.0,1.0,0.0,1.0,60,0,60,0.5
0.6,0.3,0.65,0.03,2,0,30,0,30,0.5,0.0,0.0,1.0,0.0,0.0,1.0,0.0,1.0,60,0,60,0.5
0.6,0.3,0.65,0.03,3,0,30,0,30,0.5,0.0,0.0,1.0,0.0,0.0,1.0,0.0,1.0,60,0,60,0.5
0.6,0.3,0.7,,3,0,30,0,30,0.5,0.0,0.0,1.0,0.0,0.0,1.0,0.0,1.0,60,0,60,0.5
0.6,0.3,0.7,0.015,2,0,30,0,30,0.5,0.0,0.0,1.0,0.0,0.0,1.0,0.0,1.0,60,0,60,0.5
0.6,0.3,0.7,0.015,3,0,30,0,30,0.5,0.0,0.0,1.0,0.0,0.0,1.0,0.0,1.0,60,0,60,0.5
0.6,0.3,0.7,0.02,2,0,30,0,30,0.5,0.0,0.0,1.0,0.0,0.0,1.0,0.0,1.0,60,0,60,0.5
0.6,0.3,0.7,0.02,3,0,30,0,30,0.5,0.0,0.0,1.0,0.0,0.0,1.0,0.0,1.0,60,0,60,0.5
0.6,0.3,0.7,0.025,2,0,30,0,30,0.5,0.0,0.0,1.0,0.0,0.0,1.0,0.0,1.0,60,0,60,0.5
0.6,0.3,0.7,0.025,3,0,30,0,30,0.5,0.0,0.0,1.0,0.0,0.0,1.0,0.0,1.0,60,0,60,0.5
0.6,0.3,0.7,0.03,2,0,30,0,30,0.5,0.0,0.0,1.0,0.0,0.0,1.0,0.0,1.0,60,0,60,0.5
0.6,0.3,0.7,0.03,3,0,30,0,30,0.5,0.0,0.0,1.0,0.0,0.0,1.0,0.0,1.0,60,0,60,0.5
0.6,0.3,0.75,,2,0,30,0,30,0.5,0.0,0.0,1.0,0.0,0.0,1.0,0.0,1.0,60,0,60,0.5
0.6,0.3,0.75,,3,0,30,0,30,0.5,0.0,0.0,1.0,0.0,0.0,1.0,0.0,1.0,60,0,60,0.5
0.6,0.3,0.75,0.015,2,0,30,0,30,0.5,0.0,0.0,1.0,0.0,0.0,1.0,0.0,1.0,60,0,60,0.5
0.6,0.3,0.75,0.015,3,0,30,0,30,0.5,0.0,0.0,1.0,0.0,0.0,1.0,0.0,1.0,60,0,60,0.5
0.6,0.3,0.75,0.02,2,0,30,0,30,0.5,0.0,0.0,1.0,0.0,0.0,1.0,0.0,1.0,60,0,60,0.5
0.6,0.3,0.75,0.02,3,0,30,0,30,0.5,0.0,0.0,1.0,0.0,0.0,1.0,0.0,1.0,60,0,60,0.5
0.6,0.3,0.75,0.025,2,0,30,0,30,0.5,0.0,0.0,1.0,0.0,0.0,1.0,0.0,1.0,60,0,60,0.5
0.6,0.3,0.75,0.025,3,0,30,0,30,0.5,0.0,0.0,1.0,0.0,0.0,1.0,0.0,1.0,60,0,60,0.5
0.6,0.3,0.75,0.03,2,0,30,0,30,0.5,0.0,0.0,1.0,0.0,0.0,1.0,0.0,1.0,60,0,60,0.5
0.6,0.3,0.75,0.03,3,0,30,0,30,0.5,0.0,0.0,1.0,0.0,0.0,1.0,0.0,1.0,60,0,60,0.5
0.6,0.3,0.8,,2,0,30,0,30,0.5,0.0,0.0,1.0,0.0,0.0,1.0,0.0,1.0,60,0,60,0.5
0.6,0.3,0.8,,3,0,30,0,30,0.5,0.0,0.0,1.0,0.0,0.0,1.0,0.0,1.0,60,0,60,0.5
0.6,0.3,0.8,0.015,2,0,30,0,30,0.5,0.0,0.0,1.0,0.0,0.0,1.0,0.0,1.0,60,0,60,0.5
0.6,0.3,0.8,0.015,3,0,30,0,30,0.5,0.0,0.0,1.0,0.0,0.0,1.0,0.0,1.0,60,0,60,0.5
0.6,0.3,0.8,0.02,2,0,30,0,30,0.5,0.0,0.0,1.0,0.0,0.0,1.0,0.0,1.0,60,0,60,0.5
0.6,0.3,0.8,0.02,3,0,30,0,30,0.5,0.0,0.0,1.0,0.0,0.0,1.0,0.0,1.0,60,0,60,0.5
0.6,0.3,0.8,0.025,2,0,30,0,30,0.5,0.0,0.0,1.0,0.0,0.0,1.0,0.0,1.0,60,0,60,0.5
0.6,0.3,0.8,0.025,3,0,30,0,30,0.5,0.0,0.0,1.0,0.0,0.0,1.0,0.0,1.0,60,0,60,0.5
0.6,0.3,0.8,0.03,2,0,30,0,30,0.5,0.0,0.0,1.0,0.0,0.0,1.0,0.0,1.0,60,0,60,0.5
0.6,0.3,0.8,0.03,3,0,30,0,30,0.5,0.0,0.0,1.0,0.0,0.0,1.0,0.0,1.0,60,0,60,0.5
0.6,0.3,0.85,,2,0,30,0,30,0.5,0.0,0.0,1.0,0.0,0.0,1.0,0.0,1.0,60,0,60,0.5
0.6,0.3,0.85,,3,0,30,0,30,0.5,0.0,0.0,1.0,0.0,0.0,1.0,0.0,1.0,60,0,60,0.5
0.6,0.3,0.85,0.015,2,0,30,0,30,0.5,0.0,0.0,1.0,0.0,0.0,1.0,0.0,1.0,60,0,60,0.5
0.6,0.3,0.85,0.015,3,0,30,0,30,0.5,0.0,0.0,1.0,0.0,0.0,1.0,0.0,1.0,60,0,60,0.5
0.6,0.3,0.85,0.02,2,0,30,0,30,0.5,0.0,0.0,1.0,0.0,0.0,1.0,0.0,1.0,60,0,60,0.5
0.6,0.3,0.85,0.02,3,0,30,0,30,0.5,0.0,0.0,1.0,0.0,0.0,1.0,0.0,1.0,60,0,60,0.5
0.6,0.3,0.85,0.025,2,0,30,0,30,0.5,0.0,0.0,1.0,0.0,0.0,1.0,0.0,1.0,60,0,60,0.5
0.6,0.3,0.85,0.025,3,0,30,0,30,0.5,0.0,0.0,1.0,0.0,0.0,1.0,0.0,1.0,60,0,60,0.5
0.6,0.3,0.85,0.03,2,0,30,0,30,0.5,0.0,0.0,1.0,0.0,0.0,1.0,0.0,1.0,60,0,60,0.5
0.6,0.3,0.85,0.03,3,0,30,0,30,0.5,0.0,0.0,1.0,0.0,0.0,1.0,0.0,1.0,60,0,60,0.5
0.7,0.3,,,3,0,30,0,30,0.5,0.0,0.0,1.0,0.0,0.0,1.0,0.0,1.0,60,0,60,0.5
0.7,0.3,,0.015,2,0,30,0,30,0.5,0.0,0.0,1.0,0.0,0.0,1.0,0.0,1.0,60,0,60,0.5
0.7,0.3,,0.015,3,0,30,0,30,0.5,0.0,0.0,1.0,0.0,0.0,1.0,0.0,1.0,60,0,60,0.5
0.7,0.3,,0.02,2,0,30,0,30,0.5,0.0,0.0,1.0,0.0,0.0,1.0,0.0,1.0,60,0,60,0.5
0.7,0.3,,0.02,3,0,30,0,30,0.5,0.0,0.0,1.0,0.0,0.0,1.0,0.0,1.0,60,0,60,0.5
0.7,0.3,,0.025,2,0,30,0,30,0.5,0.0,0.0,1.0,0.0,0.0,1.0,0.0,1.0,60,0,60,0.5
0.7,0.3,,0.025,3,0,30,0,30,0.5,0.0,0.0,1.0,0.0,0.0,1.0,0.0,1.0,60,0,60,0.5
0.7,0.3,,0.03,2,0,30,0,30,0.5,0.0,0.0,1.0,0.0,0.0,1.0,0.0,1.0,60,0,60,0.5
0.7,0.3,,0.03,3,0,30,0,30,0.5,0.0,0.0,1.0,0.0,0.0,1.0,0.0,1.0,60,0,60,0.5
0.7,0.3,0.65,,3,0,30,0,30,0.5,0.0,0.0,1.0,0.0,0.0,1.0,0.0,1.0,60,0,60,0.5
0.7,0.3,0.65,0.015,2,0,30,0,30,0.5,0.0,0.0,1.0,0.0,0.0,1.0,0.0,1.0,60,0,60,0.5
0.7,0.3,0.65,0.015,3,0,30,0,30,0.5,0.0,0.0,1.0,0.0,0.0,1.0,0.0,1.0,60,0,60,0.5
0.7,0.3,0.65,0.02,2,0,30,0,30,0.5,0.0,0.0,1.0,0.0,0.0,1.0,0.0,1.0,60,0,60,0.5
0.7,0.3,0.65,0.02,3,0,30,0,30,0.5,0.0,0.0,1.0,0.0,0.0,1.0,0.0,1.0,60,0,60,0.5
0.7,0.3,0.65,0.025,2,0,30,0,30,0.5,0.0,0.0,1.0,0.0,0.0,1.0,0.0,1.0,60,0,60,0.5
0.7,0.3,0.65,0.025,3,0,30,0,30,0.5,0.0,0.0,1.0,0.0,0.0,1.0,0.0,1.0,60,0,60,0.5
0.7,0.3,0.65,0.03,2,0,30,0,30,0.5,0.0,0.0,1.0,0.0,0.0,1.0,0.0,1.0,60,0,60,0.5
0.7,0.3,0.65,0.03,3,0,30,0,30,0.5,0.0,0.0,1.0,0.0,0.0,1.0,0.0,1.0,60,0,60,0.5
0.7,0.3,0.7,,3,0,30,0,30,0.5,0.0,0.0,1.0,0.0,0.0,1.0,0.0,1.0,60,0,60,0.5
0.7,0.3,0.7,0.015,2,0,30,0,30,0.5,0.0,0.0,1.0,0.0,0.0,1.0,0.0,1.0,60,0,60,0.5
0.7,0.3,0.7,0.015,3,0,30,0,30,0.5,0.0,0.0,1.0,0.0,0.0,1.0,0.0,1.0,60,0,60,0.5
0.7,0.3,0.7,0.02,2,0,30,0,30,0.5,0.0,0.0,1.0,0.0,0.0,1.0,0.0,1.0,60,0,60,0.5
0.7,0.3,0.7,0.02,3,0,30,0,30,0.5,0.0,0.0,1.0,0.0,0.0,1.0,0.0,1.0,60,0,60,0.5
0.7,0.3,0.7,0.025,2,0,30,0,30,0.5,0.0,0.0,1.0,0.0,0.0,1.0,0.0,1.0,60,0,60,0.5
0.7,0.3,0.7,0.025,3,0,30,0,30,0.5,0.0,0.0,1.0,0.0,0.0,1.0,0.0,1.0,60,0,60,0.5
0.7,0.3,0.7,0.03,2,0,30,0,30,0.5,0.0,0.0,1.0,0.0,0.0,1.0,0.0,1.0,60,0,60,0.5
0.7,0.3,0.7,0.03,3,0,30,0,30,0.5,0.0,0.0,1.0,0.0,0.0,1.0,0.0,1.0,60,0,60,0.5
0.7,0.3,0.75,,2,0,30,0,30,0.5,0.0,0.0,1.0,0.0,0.0,1.0,0.0,1.0,60,0,60,0.5
0.7,0.3,0.75,,3,0,30,0,30,0.5,0.0,0.0,1.0,0.0,0.0,1.0,0.0,1.0,60,0,60,0.5
0.7,0.3,0.75,0.015,2,0,30,0,30,0.5,0.0,0.0,1.0,0.0,0.0,1.0,0.0,1.0,60,0,60,0.5
0.7,0.3,0.75,0.015,3,0,30,0,30,0.5,0.0,0.0,1.0,0.0,0.0,1.0,0.0,1.0,60,0,60,0.5
0.7,0.3,0.75,0.02,2,0,30,0,30,0.5,0.0,0.0,1.0,0.0,0.0,1.0,0.0,1.0,60,0,60,0.5
0.7,0.3,0.75,0.02,3,0,30,0,30,0.5,0.0,0.0,1.0,0.0,0.0,1.0,0.0,1.0,60,0,60,0.5
0.7,0.3,0.75,0.025,2,0,30,0,30,0.5,0.0,0.0,1.0,0.0,0.0,1.0,0.0,1.0,60,0,60,0.5
0.7,0.3,0.75,0.025,3,0,30,0,30,0.5,0.0,0.0,1.0,0.0,0.0,1.0,0.0,1.0,60,0,60,0.5
0.7,0.3,0.75,0.03,2,0,30,0,30,0.5,0.0,0.0,1.0,0.0,0.0,1.0,0.0,1.0,60,0,60,0.5
0.7,0.3,0.75,0.03,3,0,30,0,30,0.5,0.0,0.0,1.0,0.0,0.0,1.0,0.0,1.0,60,0,60,0.5
0.7,0.3,0.8,,2,0,30,0,30,0.5,0.0,0.0,1.0,0.0,0.0,1.0,0.0,1.0,60,0,60,0.5
0.7,0.3,0.8,,3,0,30,0,30,0.5,0.0,0.0,1.0,0.0,0.0,1.0,0.0,1.0,60,0,60,0.5
0.7,0.3,0.8,0.015,2,0,30,0,30,0.5,0.0,0.0,1.0,0.0,0.0,1.0,0.0,1.0,60,0,60,0.5
0.7,0.3,0.8,0.015,3,0,30,0,30,0.5,0.0,0.0,1.0,0.0,0.0,1.0,0.0,1.0,60,0,60,0.5
0.7,0.3,0.8,0.02,2,0,30,0,30,0.5,0.0,0.0,1.0,0.0,0.0,1.0,0.0,1.0,60,0,60,0.5
0.7,0.3,0.8,0.02,3,0,30,0,30,0.5,0.0,0.0,1.0,0.0,0.0,1.0,0.0,1.0,60,0,60,0.5
0.7,0.3,0.8,0.025,2,0,30,0,30,0.5,0.0,0.0,1.0,0.0,0.0,1.0,0.0,1.0,60,0,60,0.5
0.7,0.3,0.8,0.025,3,0,30,0,30,0.5,0.0,0.0,1.0,0.0,0.0,1.0,0.0,1.0,60,0,60,0.5
0.7,0.3,0.8,0.03,2,0,30,0,30,0.5,0.0,0.0,1.0,0.0,0.0,1.0,0.0,1.0,60,0,60,0.5
0.7,0.3,0.8,0.03,3,0,30,0,30,0.5,0.0,0.0,1.0,0.0,0.0,1.0,0.0,1.0,60,0,60,0.5
0.7,0.3,0.85,,2,0,30,0,30,0.5,0.0,0.0,1.0,0.0,0.0,1.0,0.0,1.0,60,0,60,0.5
0.7,0.3,0.85,,3,0,30,0,30,0.5,0.0,0.0,1.0,0.0,0.0,1.0,0.0,1.0,60,0,60,0.5
0.7,0.3,0.85,0.015,2,0,30,0,30,0.5,0.0,0.0,1.0,0.0,0.0,1.0,0.0,1.0,60,0,60,0.5
0.7,0.3,0.85,0.015,3,0,30,0,30,0.5,0.0,0.0,1.0,0.0,0.0,1.0,0.0,1.0,60,0,60,0.5
0.7,0.3,0.85,0.02,2,0,30,0,30,0.5,0.0,0.0,1.0,0.0,0.0,1.0,0.0,1.0,60,0,60,0.5
0.7,0.3,0.85,0.02,3,0,30,0,30,0.5,0.0,0.0,1.0,0.0,0.0,1.0,0.0,1.0,60,0,60,0.5
0.7,0.3,0.85,0.025,2,0,30,0,30,0.5,0.0,0.0,1.0,0.0,0.0,1.0,0.0,1.0,60,0,60,0.5
0.7,0.3,0.85,0.025,3,0,30,0,30,0.5,0.0,0.0,1.0,0.0,0.0,1.0,0.0,1.0,60,0,60,0.5
0.7,0.3,0.85,0.03,2,0,30,0,30,0.5,0.0,0.0,1.0,0.0,0.0,1.0,0.0,1.0,60,0,60,0.5
0.7,0.3,0.85,0.03,3,0,30,0,30,0.5,0.0,0.0,1.0,0.0,0.0,1.0,0.0,1.0,60,0,60,0.5
0.75,0.3,,,3,0,30,0,30,0.5,0.0,0.0,1.0,0.0,0.0,1.0,0.0,1.0,60,0,60,0.5
0.75,0.3,,0.015,2,0,30,0,30,0.5,0.0,0.0,1.0,0.0,0.0,1.0,0.0,1.0,60,0,60,0.5
0.75,0.3,,0.015,3,0,30,0,30,0.5,0.0,0.0,1.0,0.0,0.0,1.0,0.0,1.0,60,0,60,0.5
0.75,0.3,,0.02,2,0,30,0,30,0.5,0.0,0.0,1.0,0.0,0.0,1.0,0.0,1.0,60,0,60,0.5
0.75,0.3,,0.02,3,0,30,0,30,0.5,0.0,0.0,1.0,0.0,0.0,1.0,0.0,1.0,60,0,60,0.5
0.75,0.3,,0.025,2,0,30,0,30,0.5,0.0,0.0,1.0,0.0,0.0,1.0,0.0,1.0,60,0,60,0.5
0.75,0.3,,0.025,3,0,30,0,30,0.5,0.0,0.0,1.0,0.0,0.0,1.0,0.0,1.0,60,0,60,0.5
0.75,0.3,,0.03,2,0,30,0,30,0.5,0.0,0.0,1.0,0.0,0.0,1.0,0.0,1.0,60,0,60,0.5
0.75,0.3,,0.03,3,0,30,0,30,0.5,0.0,0.0,1.0,0.0,0.0,1.0,0.0,1.0,60,0,60,0.5
0.75,0.3,0.65,,3,0,30,0,30,0.5,0.0,0.0,1.0,0.0,0.0,1.0,0.0,1.0,60,0,60,0.5
0.75,0.3,0.65,0.015,2,0,30,0,30,0.5,0.0,0.0,1.0,0.0,0.0,1.0,0.0,1.0,60,0,60,0.5
0.75,0.3,0.65,0.015,3,0,30,0,30,0.5,0.0,0.0,1.0,0.0,0.0,1.0,0.0,1.0,60,0,60,0.5
0.75,0.3,0.65,0.02,2,0,30,0,30,0.5,0.0,0.0,1.0,0.0,0.0,1.0,0.0,1.0,60,0,60,0.5
0.75,0.3,0.65,0.02,3,0,30,0,30,0.5,0.0,0.0,1.0,0.0,0.0,1.0,0.0,1.0,60,0,60,0.5
0.75,0.3,0.65,0.025,2,0,30,0,30,0.5,0.0,0.0,1.0,0.0,0.0,1.0,0.0,1.0,60,0,60,0.5
0.75,0.3,0.65,0.025,3,0,30,0,30,0.5,0.0,0.0,1.0,0.0,0.0,1.0,0.0,1.0,60,0,60,0.5
0.75,0.3,0.65,0.03,2,0,30,0,30,0.5,0.0,0.0,1.0,0.0,0.0,1.0,0.0,1.0,60,0,60,0.5
0.75,0.3,0.65,0.03,3,0,30,0,30,0.5,0.0,0.0,1.0,0.0,0.0,1.0,0.0,1.0,60,0,60,0.5
0.75,0.3,0.7,,3,0,30,0,30,0.5,0.0,0.0,1.0,0.0,0.0,1.0,0.0,1.0,60,0,60,0.5
0.75,0.3,0.7,0.015,2,0,30,0,30,0.5,0.0,0.0,1.0,0.0,0.0,1.0,0.0,1.0,60,0,60,0.5
0.75,0.3,0.7,0.015,3,0,30,0,30,0.5,0.0,0.0,1.0,0.0,0.0,1.0,0.0,1.0,60,0,60,0.5
0.75,0.3,0.7,0.02,2,0,30,0,30,0.5,0.0,0.0,1.0,0.0,0.0,1.0,0.0,1.0,60,0,60,0.5
0.75,0.3,0.7,0.02,3,0,30,0,30,0.5,0.0,0.0,1.0,0.0,0.0,1.0,0.0,1.0,60,0,60,0.5
0.75,0.3,0.7,0.025,2,0,30,0,30,0.5,0.0,0.0,1.0,0.0,0.0,1.0,0.0,1.0,60,0,60,0.5
0.75,0.3,0.7,0.025,3,0,30,0,30,0.5,0.0,0.0,1.0,0.0,0.0,1.0,0.0,1.0,60,0,60,0.5
0.75,0.3,0.7,0.03,2,0,30,0,30,0.5,0.0,0.0,1.0,0.0,0.0,1.0,0.0,1.0,60,0,60,0.5
0.75,0.3,0.7,0.03,3,0,30,0,30,0.5,0.0,0.0,1.0,0.0,0.0,1.0,0.0,1.0,60,0,60,0.5
0.75,0.3,0.75,,2,0,30,0,30,0.5,0.0,0.0,1.0,0.0,0.0,1.0,0.0,1.0,60,0,60,0.5
0.75,0.3,0.75,,3,0,30,0,30,0.5,0.0,0.0,1.0,0.0,0.0,1.0,0.0,1.0,60,0,60,0.5
0.75,0.3,0.75,0.015,2,0,30,0,30,0.5,0.0,0.0,1.0,0.0,0.0,1.0,0.0,1.0,60,0,60,0.5
0.75,0.3,0.75,0.015,3,0,30,0,30,0.5,0.0,0.0,1.0,0.0,0.0,1.0,0.0,1.0,60,0,60,0.5
0.75,0.3,0.75,0.02,2,0,30,0,30,0.5,0.0,0.0,1.0,0.0,0.0,1.0,0.0,1.0,60,0,60,0.5
0.75,0.3,0.75,0.02,3,0,30,0,30,0.5,0.0,0.0,1.0,0.0,0.0,1.0,0.0,1.0,60,0,60,0.5
0.75,0.3,0.75,0.025,2,0,30,0,30,0.5,0.0,0.0,1.0,0.0,0.0,1.0,0.0,1.0,60,0,60,0.5
0.75,0.3,0.75,0.025,3,0,30,0,30,0.5,0.0,0.0,1.0,0.0,0.0,1.0,0.0,1.0,60,0,60,0.5
0.75,0.3,0.75,0.03,2,0,30,0,30,0.5,0.0,0.0,1.0,0.0,0.0,1.0,0.0,1.0,60,0,60,0.5
0.75,0.3,0.75,0.03,3,0,30,0,30,0.5,0.0,0.0,1.0,0.0,0.0,1.0,0.0,1.0,60,0,60,0.5
0.75,0.3,0.8,,2,0,30,0,30,0.5,0.0,0.0,1.0,0.0,0.0,1.0,0.0,1.0,60,0,60,0.5
0.75,0.3,0.8,,3,0,30,0,30,0.5,0.0,0.0,1.0,0.0,0.0,1.0,0.0,1.0,60,0,60,0.5
0.75,0.3,0.8,0.015,2,0,30,0,30,0.5,0.0,0.0,1.0,0.0,0.0,1.0,0.0,1.0,60,0,60,0.5
0.75,0.3,0.8,0.015,3,0,30,0,30,0.5,0.0,0.0,1.0,0.0,0.0,1.0,0.0,1.0,60,0,60,0.5
0.75,0.3,0.8,0.02,2,0,30,0,30,0.5,0.0,0.0,1.0,0.0,0.0,1.0,0.0,1.0,60,0,60,0.5
0.75,0.3,0.8,0.02,3,0,30,0,30,0.5,0.0,0.0,1.0,0.0,0.0,1.0,0.0,1.0,60,0,60,0.5
0.75,0.3,0.8,0.025,2,0,30,0,30,0.5,0.0,0.0,1.0,0.0,0.0,1.0,0.0,1.0,60,0,60,0.5
0.75,0.3,0.8,0.025,3,0,30,0,30,0.5,0.0,0.0,1.0,0.0,0.0,1.0,0.0,1.0,60,0,60,0.5
0.75,0.3,0.8,0.03,2,0,30,0,30,0.5,0.0,0.0,1.0,0.0,0.0,1.0,0.0,1.0,60,0,60,0.5
0.75,0.3,0.8,0.03,3,0,30,0,30,0.5,0.0,0.0,1.0,0.0,0.0,1.0,0.0,1.0,60,0,60,0.5
0.75,0.3,0.85,,2,0,30,0,30,0.5,0.0,0.0,1.0,0.0,0.0,1.0,0.0,1.0,60,0,60,0.5
0.75,0.3,0.85,,3,0,30,0,30,0.5,0.0,0.0,1.0,0.0,0.0,1.0,0.0,1.0,60,0,60,0.5
0.75,0.3,0.85,0.015,2,0,30,0,30,0.5,0.0,0.0,1.0,0.0,0.0,1.0,0.0,1.0,60,0,60,0.5
0.75,0.3,0.85,0.015,3,0,30,0,30,0.5,0.0,0.0,1.0,0.0,0.0,1.0,0.0,1.0,60,0,60,0.5
0.75,0.3,0.85,0.02,2,0,30,0,30,0.5,0.0,0.0,1.0,0.0,0.0,1.0,0.0,1.0,60,0,60,0.5
0.75,0.3,0.85,0.02,3,0,30,0,30,0.5,0.0,0.0,1.0,0.0,0.0,1.0,0.0,1.0,60,0,60,0.5
0.75,0.3,0.85,0.025,2,0,30,0,30,0.5,0.0,0.0,1.0,0.0,0.0,1.0,0.0,1.0,60,0,60,0.5
0.75,0.3,0.85,0.025,3,0,30,0,30,0.5,0.0,0.0,1.0,0.0,0.0,1.0,0.0,1.0,60,0,60,0.5
0.75,0.3,0.85,0.03,2,0,30,0,30,0.5,0.0,0.0,1.0,0.0,0.0,1.0,0.0,1.0,60,0,60,0.5
0.75,0.3,0.85,0.03,3,0,30,0,30,0.5,0.0,0.0,1.0,0.0,0.0,1.0,0.0,1.0,60,0,60,0.5
0.8,0.3,,,3,0,30,0,30,0.5,0.0,0.0,1.0,0.0,0.0,1.0,0.0,1.0,60,0,60,0.5
0.8,0.3,,0.015,2,0,30,0,30,0.5,0.0,0.0,1.0,0.0,0.0,1.0,0.0,1.0,60,0,60,0.5
0.8,0.3,,0.015,3,0,30,0,30,0.5,0.0,0.0,1.0,0.0,0.0,1.0,0.0,1.0,60,0,60,0.5
0.8,0.3,,0.02,2,0,30,0,30,0.5,0.0,0.0,1.0,0.0,0.0,1.0,0.0,1.0,60,0,60,0.5
0.8,0.3,,0.02,3,0,30,0,30,0.5,0.0,0.0,1.0,0.0,0.0,1.0,0.0,1.0,60,0,60,0.5
0.8,0.3,,0.025,2,0,30,0,30,0.5,0.0,0.0,1.0,0.0,0.0,1.0,0.0,1.0,60,0,60,0.5
0.8,0.3,,0.025,3,0,30,0,30,0.5,0.0,0.0,1.0,0.0,0.0,1.0,0.0,1.0,60,0,60,0.5
0.8,0.3,,0.03,2,0,30,0,30,0.5,0.0,0.0,1.0,0.0,0.0,1.0,0.0,1.0,60,0,60,0.5
0.8,0.3,,0.03,3,0,30,0,30,0.5,0.0,0.0,1.0,0.0,0.0,1.0,0.0,1.0,60,0,60,0.5
0.8,0.3,0.65,,3,0,30,0,30,0.5,0.0,0.0,1.0,0.0,0.0,1.0,0.0,1.0,60,0,60,0.5
0.8,0.3,0.65,0.015,2,0,30,0,30,0.5,0.0,0.0,1.0,0.0,0.0,1.0,0.0,1.0,60,0,60,0.5
0.8,0.3,0.65,0.015,3,0,30,0,30,0.5,0.0,0.0,1.0,0.0,0.0,1.0,0.0,1.0,60,0,60,0.5
0.8,0.3,0.65,0.02,2,0,30,0,30,0.5,0.0,0.0,1.0,0.0,0.0,1.0,0.0,1.0,60,0,60,0.5
0.8,0.3,0.65,0.02,3,0,30,0,30,0.5,0.0,0.0,1.0,0.0,0.0,1.0,0.0,1.0,60,0,60,0.5
0.8,0.3,0.65,0.025,2,0,30,0,30,0.5,0.0,0.0,1.0,0.0,0.0,1.0,0.0,1.0,60,0,60,0.5
0.8,0.3,0.65,0.025,3,0,30,0,30,0.5,0.0,0.0,1.0,0.0,0.0,1.0,0.0,1.0,60,0,60,0.5
0.8,0.3,0.65,0.03,2,0,30,0,30,0.5,0.0,0.0,1.0,0.0,0.0,1.0,0.0,1.0,60,0,60,0.5
0.8,0.3,0.65,0.03,3,0,30,0,30,0.5,0.0,0.0,1.0,0.0,0.0,1.0,0.0,1.0,60,0,60,0.5
0.8,0.3,0.7,,3,0,30,0,30,0.5,0.0,0.0,1.0,0.0,0.0,1.0,0.0,1.0,60,0,60,0.5
0.8,0.3,0.7,0.015,2,0,30,0,30,0.5,0.0,0.0,1.0,0.0,0.0,1.0,0.0,1.0,60,0,60,0.5
0.8,0.3,0.7,0.015,3,0,30,0,30,0.5,0.0,0.0,1.0,0.0,0.0,1.0,0.0,1.0,60,0,60,0.5
0.8,0.3,0.7,0.02,2,0,30,0,30,0.5,0.0,0.0,1.0,0.0,0.0,1.0,0.0,1.0,60,0,60,0.5
0.8,0.3,0.7,0.02,3,0,30,0,30,0.5,0.0,0.0,1.0,0.0,0.0,1.0,0.0,1.0,60,0,60,0.5
0.8,0.3,0.7,0.025,2,0,30,0,30,0.5,0.0,0.0,1.0,0.0,0.0,1.0,0.0,1.0,60,0,60,0.5
0.8,0.3,0.7,0.025,3,0,30,0,30,0.5,0.0,0.0,1.0,0.0,0.0,1.0,0.0,1.0,60,0,60,0.5
0.8,0.3,0.7,0.03,2,0,30,0,30,0.5,0.0,0.0,1.0,0.0,0.0,1.0,0.0,1.0,60,0,60,0.5
0.8,0.3,0.7,0.03,3,0,30,0,30,0.5,0.0,0.0,1.0,0.0,0.0,1.0,0.0,1.0,60,0,60,0.5
0.8,0.3,0.75,,2,0,30,0,30,0.5,0.0,0.0,1.0,0.0,0.0,1.0,0.0,1.0,60,0,60,0.5
0.8,0.3,0.75,,3,0,30,0,30,0.5,0.0,0.0,1.0,0.0,0.0,1.0,0.0,1.0,60,0,60,0.5
0.8,0.3,0.75,0.015,2,0,30,0,30,0.5,0.0,0.0,1.0,0.0,0.0,1.0,0.0,1.0,60,0,60,0.5
0.8,0.3,0.75,0.015,3,0,30,0,30,0.5,0.0,0.0,1.0,0.0,0.0,1.0,0.0,1.0,60,0,60,0.5
0.8,0.3,0.75,0.02,2,0,30,0,30,0.5,0.0,0.0,1.0,0.0,0.0,1.0,0.0,1.0,60,0,60,0.5
0.8,0.3,0.75,0.02,3,0,30,0,30,0.5,0.0,0.0,1.0,0.0,0.0,1.0,0.0,1.0,60,0,60,0.5
0.8,0.3,0.75,0.025,2,0,30,0,30,0.5,0.0,0.0,1.0,0.0,0.0,1.0,0.0,1.0,60,0,60,0.5
0.8,0.3,0.75,0.025,3,0,30,0,30,0.5,0.0,0.0,1.0,0.0,0.0,1.0,0.0,1.0,60,0,60,0.5
0.8,0.3,0.75,0.03,2,0,30,0,30,0.5,0.0,0.0,1.0,0.0,0.0,1.0,0.0,1.0,60,0,60,0.5
0.8,0.3,0.75,0.03,3,0,30,0,30,0.5,0.0,0.0,1.0,0.0,0.0,1.0,0.0,1.0,60,0,60,0.5
0.8,0.3,0.8,,2,0,30,0,30,0.5,0.0,0.0,1.0,0.0,0.0,1.0,0.0,1.0,60,0,60,0.5
0.8,0.3,0.8,,3,0,30,0,30,0.5,0.0,0.0,1.0,0.0,0.0,1.0,0.0,1.0,60,0,60,0.5
0.8,0.3,0.8,0.015,2,0,30,0,30,0.5,0.0,0.0,1.0,0.0,0.0,1.0,0.0,1.0,60,0,60,0.5
0.8,0.3,0.8,0.015,3,0,30,0,30,0.5,0.0,0.0,1.0,0.0,0.0,1.0,0.0,1.0,60,0,60,0.5
0.8,0.3,0.8,0.02,2,0,30,0,30,0.5,0.0,0.0,1.0,0.0,0.0,1.0,0.0,1.0,60,0,60,0.5
0.8,0.3,0.8,0.02,3,0,30,0,30,0.5,0.0,0.0,1.0,0.0,0.0,1.0,0.0,1.0,60,0,60,0.5
0.8,0.3,0.8,0.025,2,0,30,0,30,0.5,0.0,0.0,1.0,0.0,0.0,1.0,0.0,1.0,60,0,60,0.5
0.8,0.3,0.8,0.025,3,0,30,0,30,0.5,0.0,0.0,1.0,0.0,0.0,1.0,0.0,1.0,60,0,60,0.5
0.8,0.3,0.8,0.03,2,0,30,0,30,0.5,0.0,0.0,1.0,0.0,0.0,1.0,0.0,1.0,60,0,60,0.5
0.8,0.3,0.8,0.03,3,0,30,0,30,0.5,0.0,0.0,1.0,0.0,0.0,1.0,0.0,1.0,60,0,60,0.5
0.8,0.3,0.85,,2,0,30,0,30,0.5,0.0,0.0,1.0,0.0,0.0,1.0,0.0,1.0,60,0,60,0.5
0.8,0.3,0.85,,3,0,30,0,30,0.5,0.0,0.0,1.0,0.0,0.0,1.0,0.0,1.0,60,0,60,0.5
0.8,0.3,0.85,0.015,2,0,30,0,30,0.5,0.0,0.0,1.0,0.0,0.0,1.0,0.0,1.0,60,0,60,0.5
0.8,0.3,0.85,0.015,3,0,30,0,30,0.5,0.0,0.0,1.0,0.0,0.0,1.0,0.0,1.0,60,0,60,0.5
0.8,0.3,0.85,0.02,2,0,30,0,30,0.5,0.0,0.0,1.0,0.0,0.0,1.0,0.0,1.0,60,0,60,0.5
0.8,0.3,0.85,0.02,3,0,30,0,30,0.5,0.0,0.0,1.0,0.0,0.0,1.0,0.0,1.0,60,0,60,0.5
0.8,0.3,0.85,0.025,2,0,30,0,30,0.5,0.0,0.0,1.0,0.0,0.0,1.0,0.0,1.0,60,0,60,0.5
0.8,0.3,0.85,0.025,3,0,30,0,30,0.5,0.0,0.0,1.0,0.0,0.0,1.0,0.0,1.0,60,0,60,0.5
0.8,0.3,0.85,0.03,2,0,30,0,30,0.5,0.0,0.0,1.0,0.0,0.0,1.0,0.0,1.0,60,0,60,0.5
0.8,0.3,0.85,0.03,3,0,30,0,30,0.5,0.0,0.0,1.0,0.0,0.0,1.0,0.0,1.0,60,0,60,0.5
0.85,0.3,,,3,0,30,0,30,0.5,0.0,0.0,1.0,0.0,0.0,1.0,0.0,1.0,60,0,60,0.5
0.85,0.3,,0.015,2,0,30,0,30,0.5,0.0,0.0,1.0,0.0,0.0,1.0,0.0,1.0,60,0,60,0.5
0.85,0.3,,0.015,3,0,30,0,30,0.5,0.0,0.0,1.0,0.0,0.0,1.0,0.0,1.0,60,0,60,0.5
0.85,0.3,,0.02,2,0,30,0,30,0.5,0.0,0.0,1.0,0.0,0.0,1.0,0.0,1.0,60,0,60,0.5
0.85,0.3,,0.02,3,0,30,0,30,0.5,0.0,0.0,1.0,0.0,0.0,1.0,0.0,1.0,60,0,60,0.5
0.85,0.3,,0.025,2,0,30,0,30,0.5,0.0,0.0,1.0,0.0,0.0,1.0,0.0,1.0,60,0,60,0.5
0.85,0.3,,0.025,3,0,30,0,30,0.5,0.0,0.0,1.0,0.0,0.0,1.0,0.0,1.0,60,0,60,0.5
0.85,0.3,,0.03,2,0,30,0,30,0.5,0.0,0.0,1.0,0.0,0.0,1.0,0.0,1.0,60,0,60,0.5
0.85,0.3,,0.03,3,0,30,0,30,0.5,0.0,0.0,1.0,0.0,0.0,1.0,0.0,1.0,60,0,60,0.5
0.85,0.3,0.65,,3,0,30,0,30,0.5,0.0,0.0,1.0,0.0,0.0,1.0,0.0,1.0,60,0,60,0.5
0.85,0.3,0.65,0.015,2,0,30,0,30,0.5,0.0,0.0,1.0,0.0,0.0,1.0,0.0,1.0,60,0,60,0.5
0.85,0.3,0.65,0.015,3,0,30,0,30,0.5,0.0,0.0,1.0,0.0,0.0,1.0,0.0,1.0,60,0,60,0.5
0.85,0.3,0.65,0.02,2,0,30,0,30,0.5,0.0,0.0,1.0,0.0,0.0,1.0,0.0,1.0,60,0,60,0.5
0.85,0.3,0.65,0.02,3,0,30,0,30,0.5,0.0,0.0,1.0,0.0,0.0,1.0,0.0,1.0,60,0,60,0.5
0.85,0.3,0.65,0.025,2,0,30,0,30,0.5,0.0,0.0,1.0,0.0,0.0,1.0,0.0,1.0,60,0,60,0.5
0.85,0.3,0.65,0.025,3,0,30,0,30,0.5,0.0,0.0,1.0,0.0,0.0,1.0,0.0,1.0,60,0,60,0.5
0.85,0.3,0.65,0.03,2,0,30,0,30,0.5,0.0,0.0,1.0,0.0,0.0,1.0,0.0,1.0,60,0,60,0.5
0.85,0.3,0.65,0.03,3,0,30,0,30,0.5,0.0,0.0,1.0,0.0,0.0,1.0,0.0,1.0,60,0,60,0.5
0.85,0.3,0.7,,3,0,30,0,30,0.5,0.0,0.0,1.0,0.0,0.0,1.0,0.0,1.0,60,0,60,0.5
0.85,0.3,0.7,0.015,2,0,30,0,30,0.5,0.0,0.0,1.0,0.0,0.0,1.0,0.0,1.0,60,0,60,0.5
0.85,0.3,0.7,0.015,3,0,30,0,30,0.5,0.0,0.0,1.0,0.0,0.0,1.0,0.0,1.0,60,0,60,0.5
0.85,0.3,0.7,0.02,2,0,30,0,30,0.5,0.0,0.0,1.0,0.0,0.0,1.0,0.0,1.0,60,0,60,0.5
0.85,0.3,0.7,0.02,3,0,30,0,30,0.5,0.0,0.0,1.0,0.0,0.0,1.0,0.0,1.0,60,0,60,0.5
0.85,0.3,0.7,0.025,2,0,30,0,30,0.5,0.0,0.0,1.0,0.0,0.0,1.0,0.0,1.0,60,0,60,0.5
0.85,0.3,0.7,0.025,3,0,30,0,30,0.5,0.0,0.0,1.0,0.0,0.0,1.0,0.0,1.0,60,0,60,0.5
0.85,0.3,0.7,0.03,2,0,30,0,30,0.5,0.0,0.0,1.0,0.0,0.0,1.0,0.0,1.0,60,0,60,0.5
0.85,0.3,0.7,0.03,3,0,30,0,30,0.5,0.0,0.0,1.0,0.0,0.0,1.0,0.0,1.0,60,0,60,0.5
0.85,0.3,0.75,,2,0,30,0,30,0.5,0.0,0.0,1.0,0.0,0.0,1.0,0.0,1.0,60,0,60,0.5
0.85,0.3,0.75,,3,0,30,0,30,0.5,0.0,0.0,1.0,0.0,0.0,1.0,0.0,1.0,60,0,60,0.5
0.85,0.3,0.75,0.015,2,0,30,0,30,0.5,0.0,0.0,1.0,0.0,0.0,1.0,0.0,1.0,60,0,60,0.5
0.85,0.3,0.75,0.015,3,0,30,0,30,0.5,0.0,0.0,1.0,0.0,0.0,1.0,0.0,1.0,60,0,60,0.5
0.85,0.3,0.75,0.02,2,0,30,0,30,0.5,0.0,0.0,1.0,0.0,0.0,1.0,0.0,1.0,60,0,60,0.5
0.85,0.3,0.75,0.02,3,0,30,0,30,0.5,0.0,0.0,1.0,0.0,0.0,1.0,0.0,1.0,60,0,60,0.5
0.85,0.3,0.75,0.025,2,0,30,0,30,0.5,0.0,0.0,1.0,0.0,0.0,1.0,0.0,1.0,60,0,60,0.5
0.85,0.3,0.75,0.025,3,0,30,0,30,0.5,0.0,0.0,1.0,0.0,0.0,1.0,0.0,1.0,60,0,60,0.5
0.85,0.3,0.75,0.03,2,0,30,0,30,0.5,0.0,0.0,1.0,0.0,0.0,1.0,0.0,1.0,60,0,60,0.5
0.85,0.3,0.75,0.03,3,0,30,0,30,0.5,0.0,0.0,1.0,0.0,0.0,1.0,0.0,1.0,60,0,60,0.5
0.85,0.3,0.8,,2,0,30,0,30,0.5,0.0,0.0,1.0,0.0,0.0,1.0,0.0,1.0,60,0,60,0.5
0.85,0.3,0.8,,3,0,30,0,30,0.5,0.0,0.0,1.0,0.0,0.0,1.0,0.0,1.0,60,0,60,0.5
0.85,0.3,0.8,0.015,2,0,30,0,30,0.5,0.0,0.0,1.0,0.0,0.0,1.0,0.0,1.0,60,0,60,0.5
0.85,0.3,0.8,0.015,3,0,30,0,30,0.5,0.0,0.0,1.0,0.0,0.0,1.0,0.0,1.0,60,0,60,0.5
0.85,0.3,0.8,0.02,2,0,30,0,30,0.5,0.0,0.0,1.0,0.0,0.0,1.0,0.0,1.0,60,0,60,0.5
0.85,0.3,0.8,0.02,3,0,30,0,30,0.5,0.0,0.0,1.0,0.0,0.0,1.0,0.0,1.0,60,0,60,0.5
0.85,0.3,0.8,0.025,2,0,30,0,30,0.5,0.0,0.0,1.0,0.0,0.0,1.0,0.0,1.0,60,0,60,0.5
0.85,0.3,0.8,0.025,3,0,30,0,30,0.5,0.0,0.0,1.0,0.0,0.0,1.0,0.0,1.0,60,0,60,0.5
0.85,0.3,0.8,0.03,2,0,30,0,30,0.5,0.0,0.0,1.0,0.0,0.0,1.0,0.0,1.0,60,0,60,0.5
0.85,0.3,0.8,0.03,3,0,30,0,30,0.5,0.0,0.0,1.0,0.0,0.0,1.0,0.0,1.0,60,0,60,0.5
0.85,0.3,0.85,,2,0,30,0,30,0.5,0.0,0.0,1.0,0.0,0.0,1.0,0.0,1.0,60,0,60,0.5
0.85,0.3,0.85,,3,0,30,0,30,0.5,0.0,0.0,1.0,0.0,0.0,1.0,0.0,1.0,60,0,60,0.5
0.85,0.3,0.85,0.015,2,0,30,0,30,0.5,0.0,0.0,1.0,0.0,0.0,1.0,0.0,1.0,60,0,60,0.5
0.85,0.3,0.85,0.015,3,0,30,0,30,0.5,0.0,0.0,1.0,0.0,0.0,1.0,0.0,1.0,60,0,60,0.5
0.85,0.3,0.85,0.02,2,0,30,0,30,0.5,0.0,0.0,1.0,0.0,0.0,1.0,0.0,1.0,60,0,60,0.5
0.85,0.3,0.85,0.02,3,0,30,0,30,0.5,0.0,0.0,1.0,0.0,0.0,1.0,0.0,1.0,60,0,60,0.5
0.85,0.3,0.85,0.025,2,0,30,0,30,0.5,0.0,0.0,1.0,0.0,0.0,1.0,0.0,1.0,60,0,60,0.5
0.85,0.3,0.85,0.025,3,0,30,0,30,0.5,0.0,0.0,1.0,0.0,0.0,1.0,0.0,1.0,60,0,60,0.5
0.85,0.3,0.85,0.03,2,0,30,0,30,0.5,0.0,0.0,1.0,0.0,0.0,1.0,0.0,1.0,60,0,60,0.5
0.85,0.3,0.85,0.03,3,0,30,0,30,0.5,0.0,0.0,1.0,0.0,0.0,1.0,0.0,1.0,60,0,60,0.5
0.9,0.3,,,3,0,30,0,30,0.5,0.0,0.0,1.0,0.0,0.0,1.0,0.0,1.0,60,0,60,0.5
0.9,0.3,,0.015,2,0,30,0,30,0.5,0.0,0.0,1.0,0.0,0.0,1.0,0.0,1.0,60,0,60,0.5
0.9,0.3,,0.015,3,0,30,0,30,0.5,0.0,0.0,1.0,0.0,0.0,1.0,0.0,1.0,60,0,60,0.5
0.9,0.3,,0.02,2,0,30,0,30,0.5,0.0,0.0,1.0,0.0,0.0,1.0,0.0,1.0,60,0,60,0.5
0.9,0.3,,0.02,3,0,30,0,30,0.5,0.0,0.0,1.0,0.0,0.0,1.0,0.0,1.0,60,0,60,0.5
0.9,0.3,,0.025,2,0,30,0,30,0.5,0.0,0.0,1.0,0.0,0.0,1.0,0.0,1.0,60,0,60,0.5
0.9,0.3,,0.025,3,0,30,0,30,0.5,0.0,0.0,1.0,0.0,0.0,1.0,0.0,1.0,60,0,60,0.5
0.9,0.3,,0.03,2,0,30,0,30,0.5,0.0,0.0,1.0,0.0,0.0,1.0,0.0,1.0,60,0,60,0.5
0.9,0.3,,0.03,3,0,30,0,30,0.5,0.0,0.0,1.0,0.0,0.0,1.0,0.0,1.0,60,0,60,0.5
0.9,0.3,0.65,,3,0,30,0,30,0.5,0.0,0.0,1.0,0.0,0.0,1.0,0.0,1.0,60,0,60,0.5
0.9,0.3,0.65,0.015,2,0,30,0,30,0.5,0.0,0.0,1.0,0.0,0.0,1.0,0.0,1.0,60,0,60,0.5
0.9,0.3,0.65,0.015,3,0,30,0,30,0.5,0.0,0.0,1.0,0.0,0.0,1.0,0.0,1.0,60,0,60,0.5
0.9,0.3,0.65,0.02,2,0,30,0,30,0.5,0.0,0.0,1.0,0.0,0.0,1.0,0.0,1.0,60,0,60,0.5
0.9,0.3,0.65,0.02,3,0,30,0,30,0.5,0.0,0.0,1.0,0.0,0.0,1.0,0.0,1.0,60,0,60,0.5
0.9,0.3,0.65,0.025,2,0,30,0,30,0.5,0.0,0.0,1.0,0.0,0.0,1.0,0.0,1.0,60,0,60,0.5
0.9,0.3,0.65,0.025,3,0,30,0,30,0.5,0.0,0.0,1.0,0.0,0.0,1.0,0.0,1.0,60,0,60,0.5
0.9,0.3,0.65,0.03,2,0,30,0,30,0.5,0.0,0.0,1.0,0.0,0.0,1.0,0.0,1.0,60,0,60,0.5
0.9,0.3,0.65,0.03,3,0,30,0,30,0.5,0.0,0.0,1.0,0.0,0.0,1.0,0.0,1.0,60,0,60,0.5
0.9,0.3,0.7,,3,0,30,0,30,0.5,0.0,0.0,1.0,0.0,0.0,1.0,0.0,1.0,60,0,60,0.5
0.9,0.3,0.7,0.015,2,0,30,0,30,0.5,0.0,0.0,1.0,0.0,0.0,1.0,0.0,1.0,60,0,60,0.5
0.9,0.3,0.7,0.015,3,0,30,0,30,0.5,0.0,0.0,1.0,0.0,0.0,1.0,0.0,1.0,60,0,60,0.5
0.9,0.3,0.7,0.02,2,0,30,0,30,0.5,0.0,0.0,1.0,0.0,0.0,1.0,0.0,1.0,60,0,60,0.5
0.9,0.3,0.7,0.02,3,0,30,0,30,0.5,0.0,0.0,1.0,0.0,0.0,1.0,0.0,1.0,60,0,60,0.5
0.9,0.3,0.7,0.025,2,0,30,0,30,0.5,0.0,0.0,1.0,0.0,0.0,1.0,0.0,1.0,60,0,60,0.5
0.9,0.3,0.7,0.025,3,0,30,0,30,0.5,0.0,0.0,1.0,0.0,0.0,1.0,0.0,1.0,60,0,60,0.5
0.9,0.3,0.7,0.03,2,0,30,0,30,0.5,0.0,0.0,1.0,0.0,0.0,1.0,0.0,1.0,60,0,60,0.5
0.9,0.3,0.7,0.03,3,0,30,0,30,0.5,0.0,0.0,1.0,0.0,0.0,1.0,0.0,1.0,60,0,60,0.5
0.9,0.3,0.75,,2,0,30,0,30,0.5,0.0,0.0,1.0,0.0,0.0,1.0,0.0,1.0,60,0,60,0.5
0.9,0.3,0.75,,3,0,30,0,30,0.5,0.0,0.0,1.0,0.0,0.0,1.0,0.0,1.0,60,0,60,0.5
0.9,0.3,0.75,0.015,2,0,30,0,30,0.5,0.0,0.0,1.0,0.0,0.0,1.0,0.0,1.0,60,0,60,0.5
0.9,0.3,0.75,0.015,3,0,30,0,30,0.5,0.0,0.0,1.0,0.0,0.0,1.0,0.0,1.0,60,0,60,0.5
0.9,0.3,0.75,0.02,2,0,30,0,30,0.5,0.0,0.0,1.0,0.0,0.0,1.0,0.0,1.0,60,0,60,0.5
0.9,0.3,0.75,0.02,3,0,30,0,30,0.5,0.0,0.0,1.0,0.0,0.0,1.0,0.0,1.0,60,0,60,0.5
0.9,0.3,0.75,0.025,2,0,30,0,30,0.5,0.0,0.0,1.0,0.0,0.0,1.0,0.0,1.0,60,0,60,0.5
0.9,0.3,0.75,0.025,3,0,30,0,30,0.5,0.0,0.0,1.0,0.0,0.0,1.0,0.0,1.0,60,0,60,0.5
0.9,0.3,0.75,0.03,2,0,30,0,30,0.5,0.0,0.0,1.0,0.0,0.0,1.0,0.0,1.0,60,0,60,0.5
0.9,0.3,0.75,0.03,3,0,30,0,30,0.5,0.0,0.0,1.0,0.0,0.0,1.0,0.0,1.0,60,0,60,0.5
0.9,0.3,0.8,,2,0,30,0,30,0.5,0.0,0.0,1.0,0.0,0.0,1.0,0.0,1.0,60,0,60,0.5
0.9,0.3,0.8,,3,0,30,0,30,0.5,0.0,0.0,1.0,0.0,0.0,1.0,0.0,1.0,60,0,60,0.5
0.9,0.3,0.8,0.015,2,0,30,0,30,0.5,0.0,0.0,1.0,0.0,0.0,1.0,0.0,1.0,60,0,60,0.5
0.9,0.3,0.8,0.015,3,0,30,0,30,0.5,0.0,0.0,1.0,0.0,0.0,1.0,0.0,1.0,60,0,60,0.5
0.9,0.3,0.8,0.02,2,0,30,0,30,0.5,0.0,0.0,1.0,0.0,0.0,1.0,0.0,1.0,60,0,60,0.5
0.9,0.3,0.8,0.02,3,0,30,0,30,0.5,0.0,0.0,1.0,0.0,0.0,1.0,0.0,1.0,60,0,60,0.5
0.9,0.3,0.8,0.025,2,0,30,0,30,0.5,0.0,0.0,1.0,0.0,0.0,1.0,0.0,1.0,60,0,60,0.5
0.9,0.3,0.8,0.025,3,0,30,0,30,0.5,0.0,0.0,1.0,0.0,0.0,1.0,0.0,1.0,60,0,60,0.5
0.9,0.3,0.8,0.03,2,0,30,0,30,0.5,0.0,0.0,1.0,0.0,0.0,1.0,0.0,1.0,60,0,60,0.5
0.9,0.3,0.8,0.03,3,0,30,0,30,0.5,0.0,0.0,1.0,0.0,0.0,1.0,0.0,1.0,60,0,60,0.5
0.9,0.3,0.85,,2,0,30,0,30,0.5,0.0,0.0,1.0,0.0,0.0,1.0,0.0,1.0,60,0,60,0.5
0.9,0.3,0.85,,3,0,30,0,30,0.5,0.0,0.0,1.0,0.0,0.0,1.0,0.0,1.0,60,0,60,0.5
0.9,0.3,0.85,0.015,2,0,30,0,30,0.5,0.0,0.0,1.0,0.0,0.0,1.0,0.0,1.0,60,0,60,0.5
0.9,0.3,0.85,0.015,3,0,30,0,30,0.5,0.0,0.0,1.0,0.0,0.0,1.0,0.0,1.0,60,0,60,0.5
0.9,0.3,0.85,0.02,2,0,30,0,30,0.5,0.0,0.0,1.0,0.0,0.0,1.0,0.0,1.0,60,0,60,0.5
0.9,0.3,0.85,0.02,3,0,30,0,30,0.5,0.0,0.0,1.0,0.0,0.0,1.0,0.0,1.0,60,0,60,0.5
0.9,0.3,0.85,0.025,2,0,30,0,30,0.5,0.0,0.0,1.0,0.0,0.0,1.0,0.0,1.0,60,0,60,0.5
0.9,0.3,0.85,0.025,3,0,30,0,30,0.5,0.0,0.0,1.0,0.0,0.0,1.0,0.0,1.0,60,0,60,0.5
0.9,0.3,0.85,0.03,2,0,30,0,30,0.5,0.0,0.0,1.0,0.0,0.0,1.0,0.0,1.0,60,0,60,0.5
0.9,0.3,0.85,0.03,3,0,30,0,30,0.5,0.0,0.0,1.0,0.0,0.0,1.0,0.0,1.0,60,0,60,0.5
0.95,0.3,,,3,0,30,0,30,0.5,0.0,0.0,1.0,0.0,0.0,1.0,0.0,1.0,60,0,60,0.5
0.95,0.3,,0.015,2,0,30,0,30,0.5,0.0,0.0,1.0,0.0,0.0,1.0,0.0,1.0,60,0,60,0.5
0.95,0.3,,0.015,3,0,30,0,30,0.5,0.0,0.0,1.0,0.0,0.0,1.0,0.0,1.0,60,0,60,0.5
0.95,0.3,,0.02,2,0,30,0,30,0.5,0.0,0.0,1.0,0.0,0.0,1.0,0.0,1.0,60,0,60,0.5
0.95,0.3,,0.02,3,0,30,0,30,0.5,0.0,0.0,1.0,0.0,0.0,1.0,0.0,1.0,60,0,60,0.5
0.95,0.3,,0.025,2,0,30,0,30,0.5,0.0,0.0,1.0,0.0,0.0,1.0,0.0,1.0,60,0,60,0.5
0.95,0.3,,0.025,3,0,30,0,30,0.5,0.0,0.0,1.0,0.0,0.0,1.0,0.0,1.0,60,0,60,0.5
0.95,0.3,,0.03,2,0,30,0,30,0.5,0.0,0.0,1.0,0.0,0.0,1.0,0.0,1.0,60,0,60,0.5
0.95,0.3,,0.03,3,0,30,0,30,0.5,0.0,0.0,1.0,0.0,0.0,1.0,0.0,1.0,60,0,60,0.5
0.95,0.3,0.65,,3,0,30,0,30,0.5,0.0,0.0,1.0,0.0,0.0,1.0,0.0,1.0,60,0,60,0.5
0.95,0.3,0.65,0.015,2,0,30,0,30,0.5,0.0,0.0,1.0,0.0,0.0,1.0,0.0,1.0,60,0,60,0.5
0.95,0.3,0.65,0.015,3,0,30,0,30,0.5,0.0,0.0,1.0,0.0,0.0,1.0,0.0,1.0,60,0,60,0.5
0.95,0.3,0.65,0.02,2,0,30,0,30,0.5,0.0,0.0,1.0,0.0,0.0,1.0,0.0,1.0,60,0,60,0.5
0.95,0.3,0.65,0.02,3,0,30,0,30,0.5,0.0,0.0,1.0,0.0,0.0,1.0,0.0,1.0,60,0,60,0.5
0.95,0.3,0.65,0.025,2,0,30,0,30,0.5,0.0,0.0,1.0,0.0,0.0,1.0,0.0,1.0,60,0,60,0.5
0.95,0.3,0.65,0.025,3,0,30,0,30,0.5,0.0,0.0,1.0,0.0,0.0,1.0,0.0,1.0,60,0,60,0.5
0.95,0.3,0.65,0.03,2,0,30,0,30,0.5,0.0,0.0,1.0,0.0,0.0,1.0,0.0,1.0,60,0,60,0.5
0.95,0.3,0.65,0.03,3,0,30,0,30,0.5,0.0,0.0,1.0,0.0,0.0,1.0,0.0,1.0,60,0,60,0.5
0.95,0.3,0.7,,3,0,30,0,30,0.5,0.0,0.0,1.0,0.0,0.0,1.0,0.0,1.0,60,0,60,0.5
0.95,0.3,0.7,0.015,2,0,30,0,30,0.5,0.0,0.0,1.0,0.0,0.0,1.0,0.0,1.0,60,0,60,0.5
0.95,0.3,0.7,0.015,3,0,30,0,30,0.5,0.0,0.0,1.0,0.0,0.0,1.0,0.0,1.0,60,0,60,0.5
0.95,0.3,0.7,0.02,2,0,30,0,30,0.5,0.0,0.0,1.0,0.0,0.0,1.0,0.0,1.0,60,0,60,0.5
0.95,0.3,0.7,0.02,3,0,30,0,30,0.5,0.0,0.0,1.0,0.0,0.0,1.0,0.0,1.0,60,0,60,0.5
0.95,0.3,0.7,0.025,2,0,30,0,30,0.5,0.0,0.0,1.0,0.0,0.0,1.0,0.0,1.0,60,0,60,0.5
0.95,0.3,0.7,0.025,3,0,30,0,30,0.5,0.0,0.0,1.0,0.0,0.0,1.0,0.0,1.0,60,0,60,0.5
0.95,0.3,0.7,0.03,2,0,30,0,30,0.5,0.0,0.0,1.0,0.0,0.0,1.0,0.0,1.0,60,0,60,0.5
0.95,0.3,0.7,0.03,3,0,30,0,30,0.5,0.0,0.0,1.0,0.0,0.0,1.0,0.0,1.0,60,0,60,0.5
0.95,0.3,0.75,,2,0,30,0,30,0.5,0.0,0.0,1.0,0.0,0.0,1.0,0.0,1.0,60,0,60,0.5
0.95,0.3,0.75,,3,0,30,0,30,0.5,0.0,0.0,1.0,0.0,0.0,1.0,0.0,1.0,60,0,60,0.5
0.95,0.3,0.75,0.015,2,0,30,0,30,0.5,0.0,0.0,1.0,0.0,0.0,1.0,0.0,1.0,60,0,60,0.5
0.95,0.3,0.75,0.015,3,0,30,0,30,0.5,0.0,0.0,1.0,0.0,0.0,1.0,0.0,1.0,60,0,60,0.5
0.95,0.3,0.75,0.02,2,0,30,0,30,0.5,0.0,0.0,1.0,0.0,0.0,1.0,0.0,1.0,60,0,60,0.5
0.95,0.3,0.75,0.02,3,0,30,0,30,0.5,0.0,0.0,1.0,0.0,0.0,1.0,0.0,1.0,60,0,60,0.5
0.95,0.3,0.75,0.025,2,0,30,0,30,0.5,0.0,0.0,1.0,0.0,0.0,1.0,0.0,1.0,60,0,60,0.5
0.95,0.3,0.75,0.025,3,0,30,0,30,0.5,0.0,0.0,1.0,0.0,0.0,1.0,0.0,1.0,60,0,60,0.5
0.95,0.3,0.75,0.03,2,0,30,0,30,0.5,0.0,0.0,1.0,0.0,0.0,1.0,0.0,1.0,60,0,60,0.5
0.95,0.3,0.75,0.03,3,0,30,0,30,0.5,0.0,0.0,1.0,0.0,0.0,1.0,0.0,1.0,60,0,60,0.5
0.95,0.3,0.8,,2,0,30,0,30,0.5,0.0,0.0,1.0,0.0,0.0,1.0,0.0,1.0,60,0,60,0.5
0.95,0.3,0.8,,3,0,30,0,30,0.5,0.0,0.0,1.0,0.0,0.0,1.0,0.0,1.0,60,0,60,0.5
0.95,0.3,0.8,0.015,2,0,30,0,30,0.5,0.0,0.0,1.0,0.0,0.0,1.0,0.0,1.0,60,0,60,0.5
0.95,0.3,0.8,0.015,3,0,30,0,30,0.5,0.0,0.0,1.0,0.0,0.0,1.0,0.0,1.0,60,0,60,0.5
0.95,0.3,0.8,0.02,2,0,30,0,30,0.5,0.0,0.0,1.0,0.0,0.0,1.0,0.0,1.0,60,0,60,0.5
0.95,0.3,0.8,0.02,3,0,30,0,30,0.5,0.0,0.0,1.0,0.0,0.0,1.0,0.0,1.0,60,0,60,0.5
0.95,0.3,0.8,0.025,2,0,30,0,30,0.5,0.0,0.0,1.0,0.0,0.0,1.0,0.0,1.0,60,0,60,0.5
0.95,0.3,0.8,0.025,3,0,30,0,30,0.5,0.0,0.0,1.0,0.0,0.0,1.0,0.0,1.0,60,0,60,0.5
0.95,0.3,0.8,0.03,2,0,30,0,30,0.5,0.0,0.0,1.0,0.0,0.0,1.0,0.0,1.0,60,0,60,0.5
0.95,0.3,0.8,0.03,3,0,30,0,30,0.5,0.0,0.0,1.0,0.0,0.0,1.0,0.0,1.0,60,0,60,0.5
0.95,0.3,0.85,,2,0,30,0,30,0.5,0.0,0.0,1.0,0.0,0.0,1.0,0.0,1.0,60,0,60,0.5
0.95,0.3,0.85,,3,0,30,0,30,0.5,0.0,0.0,1.0,0.0,0.0,1.0,0.0,1.0,60,0,60,0.5
0.95,0.3,0.85,0.015,2,0,30,0,30,0.5,0.0,0.0,1.0,0.0,0.0,1.0,0.0,1.0,60,0,60,0.5
0.95,0.3,0.85,0.015,3,0,30,0,30,0.5,0.0,0.0,1.0,0.0,0.0,1.0,0.0,1.0,60,0,60,0.5
0.95,0.3,0.85,0.02,2,0,30,0,30,0.5,0.0,0.0,1.0,0.0,0.0,1.0,0.0,1.0,60,0,60,0.5
0.95,0.3,0.85,0.02,3,0,30,0,30,0.5,0.0,0.0,1.0,0.0,0.0,1.0,0.0,1.0,60,0,60,0.5
0.95,0.3,0.85,0.025,2,0,30,0,30,0.5,0.0,0.0,1.0,0.0,0.0,1.0,0.0,1.0,60,0,60,0.5
0.95,0.3,0.85,0.025,3,0,30,0,30,0.5,0.0,0.0,1.0,0.0,0.0,1.0,0.0,1.0,60,0,60,0.5
0.95,0.3,0.85,0.03,2,0,30,0,30,0.5,0.0,0.0,1.0,0.0,0.0,1.0,0.0,1.0,60,0,60,0.5
0.95,0.3,0.85,0.03,3,0,30,0,30,0.5,0.0,0.0,1.0,0.0,0.0,1.0,0.0,1.0,60,0,60,0.5
0.3,0.0,,,0,30,29,1,0,0.983333,0.967742,1.0,0.966667,0.983607,0.033333,0.0,0.516667,0.483333,60,31,29,0.016667
0.3,0.0,,,1,30,29,1,0,0.983333,0.967742,1.0,0.966667,0.983607,0.033333,0.0,0.516667,0.483333,60,31,29,0.016667
0.3,0.0,0.65,,0,30,29,1,0,0.983333,0.967742,1.0,0.966667,0.983607,0.033333,0.0,0.516667,0.483333,60,31,29,0.016667
0.3,0.0,0.65,,1,30,29,1,0,0.983333,0.967742,1.0,0.966667,0.983607,0.033333,0.0,0.516667,0.483333,60,31,29,0.016667
0.3,0.0,0.7,,0,30,29,1,0,0.983333,0.967742,1.0,0.966667,0.983607,0.033333,0.0,0.516667,0.483333,60,31,29,0.016667
0.3,0.0,0.7,,1,30,29,1,0,0.983333,0.967742,1.0,0.966667,0.983607,0.033333,0.0,0.516667,0.483333,60,31,29,0.016667
0.4,0.0,,,0,30,29,1,0,0.983333,0.967742,1.0,0.966667,0.983607,0.033333,0.0,0.516667,0.483333,60,31,29,0.016667
0.4,0.0,,,1,30,29,1,0,0.983333,0.967742,1.0,0.966667,0.983607,0.033333,0.0,0.516667,0.483333,60,31,29,0.016667
0.4,0.0,0.65,,0,30,29,1,0,0.983333,0.967742,1.0,0.966667,0.983607,0.033333,0.0,0.516667,0.483333,60,31,29,0.016667
0.4,0.0,0.65,,1,30,29,1,0,0.983333,0.967742,1.0,0.966667,0.983607,0.033333,0.0,0.516667,0.483333,60,31,29,0.016667
0.4,0.0,0.7,,0,30,29,1,0,0.983333,0.967742,1.0,0.966667,0.983607,0.033333,0.0,0.516667,0.483333,60,31,29,0.016667
0.4,0.0,0.7,,1,30,29,1,0,0.983333,0.967742,1.0,0.966667,0.983607,0.033333,0.0,0.516667,0.483333,60,31,29,0.016667
0.5,0.0,,,0,30,29,1,0,0.983333,0.967742,1.0,0.966667,0.983607,0.033333,0.0,0.516667,0.483333,60,31,29,0.016667
0.5,0.0,,,1,30,29,1,0,0.983333,0.967742,1.0,0.966667,0.983607,0.033333,0.0,0.516667,0.483333,60,31,29,0.016667
0.5,0.0,0.65,,0,30,29,1,0,0.983333,0.967742,1.0,0.966667,0.983607,0.033333,0.0,0.516667,0.483333,60,31,29,0.016667
0.5,0.0,0.65,,1,30,29,1,0,0.983333,0.967742,1.0,0.966667,0.983607,0.033333,0.0,0.516667,0.483333,60,31,29,0.016667
0.5,0.0,0.7,,0,30,29,1,0,0.983333,0.967742,1.0,0.966667,0.983607,0.033333,0.0,0.516667,0.483333,60,31,29,0.016667
0.5,0.0,0.7,,1,30,29,1,0,0.983333,0.967742,1.0,0.966667,0.983607,0.033333,0.0,0.516667,0.483333,60,31,29,0.016667
0.6,0.0,,,0,30,29,1,0,0.983333,0.967742,1.0,0.966667,0.983607,0.033333,0.0,0.516667,0.483333,60,31,29,0.016667
0.6,0.0,,,1,30,29,1,0,0.983333,0.967742,1.0,0.966667,0.983607,0.033333,0.0,0.516667,0.483333,60,31,29,0.016667
0.6,0.0,0.65,,0,30,29,1,0,0.983333,0.967742,1.0,0.966667,0.983607,0.033333,0.0,0.516667,0.483333,60,31,29,0.016667
0.6,0.0,0.65,,1,30,29,1,0,0.983333,0.967742,1.0,0.966667,0.983607,0.033333,0.0,0.516667,0.483333,60,31,29,0.016667
0.6,0.0,0.7,,0,30,29,1,0,0.983333,0.967742,1.0,0.966667,0.983607,0.033333,0.0,0.516667,0.483333,60,31,29,0.016667
0.6,0.0,0.7,,1,30,29,1,0,0.983333,0.967742,1.0,0.966667,0.983607,0.033333,0.0,0.516667,0.483333,60,31,29,0.016667
0.7,0.0,,,0,30,29,1,0,0.983333,0.967742,1.0,0.966667,0.983607,0.033333,0.0,0.516667,0.483333,60,31,29,0.016667
0.7,0.0,,,1,30,29,1,0,0.983333,0.967742,1.0,0.966667,0.983607,0.033333,0.0,0.516667,0.483333,60,31,29,0.016667
0.7,0.0,0.65,,0,30,29,1,0,0.983333,0.967742,1.0,0.966667,0.983607,0.033333,0.0,0.516667,0.483333,60,31,29,0.016667
0.7,0.0,0.65,,1,30,29,1,0,0.983333,0.967742,1.0,0.966667,0.983607,0.033333,0.0,0.516667,0.483333,60,31,29,0.016667
0.7,0.0,0.7,,0,30,29,1,0,0.983333,0.967742,1.0,0.966667,0.983607,0.033333,0.0,0.516667,0.483333,60,31,29,0.016667
0.7,0.0,0.7,,1,30,29,1,0,0.983333,0.967742,1.0,0.966667,0.983607,0.033333,0.0,0.516667,0.483333,60,31,29,0.016667
0.75,0.0,,,0,28,29,1,2,0.95,0.965517,0.933333,0.966667,0.949153,0.033333,0.066667,0.483333,0.516667,60,29,31,0.05
0.75,0.0,,,1,28,29,1,2,0.95,0.965517,0.933333,0.966667,0.949153,0.033333,0.066667,0.483333,0.516667,60,29,31,0.05
0.75,0.0,0.65,,0,28,29,1,2,0.95,0.965517,0.933333,0.966667,0.949153,0.033333,0.066667,0.483333,0.516667,60,29,31,0.05
0.75,0.0,0.65,,1,28,29,1,2,0.95,0.965517,0.933333,0.966667,0.949153,0.033333,0.066667,0.483333,0.516667,60,29,31,0.05
0.75,0.0,0.7,,0,28,29,1,2,0.95,0.965517,0.933333,0.966667,0.949153,0.033333,0.066667,0.483333,0.516667,60,29,31,0.05
0.75,0.0,0.7,,1,28,29,1,2,0.95,0.965517,0.933333,0.966667,0.949153,0.033333,0.066667,0.483333,0.516667,60,29,31,0.05
0.8,0.0,,,0,27,29,1,3,0.933333,0.964286,0.9,0.966667,0.931034,0.033333,0.1,0.466667,0.533333,60,28,32,0.066667
0.8,0.0,,,1,27,29,1,3,0.933333,0.964286,0.9,0.966667,0.931034,0.033333,0.1,0.466667,0.533333,60,28,32,0.066667
0.8,0.0,0.65,,0,27,29,1,3,0.933333,0.964286,0.9,0.966667,0.931034,0.033333,0.1,0.466667,0.533333,60,28,32,0.066667
0.8,0.0,0.65,,1,27,29,1,3,0.933333,0.964286,0.9,0.966667,0.931034,0.033333,0.1,0.466667,0.533333,60,28,32,0.066667
0.8,0.0,0.7,,0,27,29,1,3,0.933333,0.964286,0.9,0.966667,0.931034,0.033333,0.1,0.466667,0.533333,60,28,32,0.066667
0.8,0.0,0.7,,1,27,29,1,3,0.933333,0.964286,0.9,0.966667,0.931034,0.033333,0.1,0.466667,0.533333,60,28,32,0.066667
0.85,0.0,,,0,25,29,1,5,0.9,0.961538,0.833333,0.966667,0.892857,0.033333,0.166667,0.433333,0.566667,60,26,34,0.1
0.85,0.0,,,1,25,29,1,5,0.9,0.961538,0.833333,0.966667,0.892857,0.033333,0.166667,0.433333,0.566667,60,26,34,0.1
0.85,0.0,0.65,,0,25,29,1,5,0.9,0.961538,0.833333,0.966667,0.892857,0.033333,0.166667,0.433333,0.566667,60,26,34,0.1
0.85,0.0,0.65,,1,25,29,1,5,0.9,0.961538,0.833333,0.966667,0.892857,0.033333,0.166667,0.433333,0.566667,60,26,34,0.1
0.85,0.0,0.7,,0,25,29,1,5,0.9,0.961538,0.833333,0.966667,0.892857,0.033333,0.166667,0.433333,0.566667,60,26,34,0.1
0.85,0.0,0.7,,1,25,29,1,5,0.9,0.961538,0.833333,0.966667,0.892857,0.033333,0.166667,0.433333,0.566667,60,26,34,0.1
0.9,0.0,,,0,25,29,1,5,0.9,0.961538,0.833333,0.966667,0.892857,0.033333,0.166667,0.433333,0.566667,60,26,34,0.1
0.9,0.0,,,1,25,29,1,5,0.9,0.961538,0.833333,0.966667,0.892857,0.033333,0.166667,0.433333,0.566667,60,26,34,0.1
0.9,0.0,0.65,,0,25,29,1,5,0.9,0.961538,0.833333,0.966667,0.892857,0.033333,0.166667,0.433333,0.566667,60,26,34,0.1
0.9,0.0,0.65,,1,25,29,1,5,0.9,0.961538,0.833333,0.966667,0.892857,0.033333,0.166667,0.433333,0.566667,60,26,34,0.1
0.9,0.0,0.7,,0,25,29,1,5,0.9,0.961538,0.833333,0.966667,0.892857,0.033333,0.166667,0.433333,0.566667,60,26,34,0.1
0.9,0.0,0.7,,1,25,29,1,5,0.9,0.961538,0.833333,0.966667,0.892857,0.033333,0.166667,0.433333,0.566667,60,26,34,0.1
0.3,0.0,,,2,23,29,1,7,0.866667,0.958333,0.766667,0.966667,0.851852,0.033333,0.233333,0.4,0.6,60,24,36,0.133333
0.3,0.0,0.65,,2,23,29,1,7,0.866667,0.958333,0.766667,0.966667,0.851852,0.033333,0.233333,0.4,0.6,60,24,36,0.133333
0.3,0.0,0.7,,2,23,29,1,7,0.866667,0.958333,0.766667,0.966667,0.851852,0.033333,0.233333,0.4,0.6,60,24,36,0.133333
0.3,0.02,,,0,23,29,1,7,0.866667,0.958333,0.766667,0.966667,0.851852,0.033333,0.233333,0.4,0.6,60,24,36,0.133333
0.3,0.02,,,1,23,29,1,7,0.866667,0.958333,0.766667,0.966667,0.851852,0.033333,0.233333,0.4,0.6,60,24,36,0.133333
0.3,0.02,0.65,,0,23,29,1,7,0.866667,0.958333,0.766667,0.966667,0.851852,0.033333,0.233333,0.4,0.6,60,24,36,0.133333
0.3,0.02,0.65,,1,23,29,1,7,0.866667,0.958333,0.766667,0.966667,0.851852,0.033333,0.233333,0.4,0.6,60,24,36,0.133333
0.3,0.02,0.7,,0,23,29,1,7,0.866667,0.958333,0.766667,0.966667,0.851852,0.033333,0.233333,0.4,0.6,60,24,36,0.133333
0.3,0.02,0.7,,1,23,29,1,7,0.866667,0.958333,0.766667,0.966667,0.851852,0.033333,0.233333,0.4,0.6,60,24,36,0.133333
0.4,0.0,,,2,23,29,1,7,0.866667,0.958333,0.766667,0.966667,0.851852,0.033333,0.233333,0.4,0.6,60,24,36,0.133333
0.4,0.0,0.65,,2,23,29,1,7,0.866667,0.958333,0.766667,0.966667,0.851852,0.033333,0.233333,0.4,0.6,60,24,36,0.133333
0.4,0.0,0.7,,2,23,29,1,7,0.866667,0.958333,0.766667,0.966667,0.851852,0.033333,0.233333,0.4,0.6,60,24,36,0.133333
0.4,0.02,,,0,23,29,1,7,0.866667,0.958333,0.766667,0.966667,0.851852,0.033333,0.233333,0.4,0.6,60,24,36,0.133333
0.4,0.02,,,1,23,29,1,7,0.866667,0.958333,0.766667,0.966667,0.851852,0.033333,0.233333,0.4,0.6,60,24,36,0.133333
0.4,0.02,0.65,,0,23,29,1,7,0.866667,0.958333,0.766667,0.966667,0.851852,0.033333,0.233333,0.4,0.6,60,24,36,0.133333
0.4,0.02,0.65,,1,23,29,1,7,0.866667,0.958333,0.766667,0.966667,0.851852,0.033333,0.233333,0.4,0.6,60,24,36,0.133333
0.4,0.02,0.7,,0,23,29,1,7,0.866667,0.958333,0.766667,0.966667,0.851852,0.033333,0.233333,0.4,0.6,60,24,36,0.133333
0.4,0.02,0.7,,1,23,29,1,7,0.866667,0.958333,0.766667,0.966667,0.851852,0.033333,0.233333,0.4,0.6,60,24,36,0.133333
0.5,0.0,,,2,23,29,1,7,0.866667,0.958333,0.766667,0.966667,0.851852,0.033333,0.233333,0.4,0.6,60,24,36,0.133333
0.5,0.0,0.65,,2,23,29,1,7,0.866667,0.958333,0.766667,0.966667,0.851852,0.033333,0.233333,0.4,0.6,60,24,36,0.133333
0.5,0.0,0.7,,2,23,29,1,7,0.866667,0.958333,0.766667,0.966667,0.851852,0.033333,0.233333,0.4,0.6,60,24,36,0.133333
0.5,0.02,,,0,23,29,1,7,0.866667,0.958333,0.766667,0.966667,0.851852,0.033333,0.233333,0.4,0.6,60,24,36,0.133333
0.5,0.02,,,1,23,29,1,7,0.866667,0.958333,0.766667,0.966667,0.851852,0.033333,0.233333,0.4,0.6,60,24,36,0.133333
0.5,0.02,0.65,,0,23,29,1,7,0.866667,0.958333,0.766667,0.966667,0.851852,0.033333,0.233333,0.4,0.6,60,24,36,0.133333
0.5,0.02,0.65,,1,23,29,1,7,0.866667,0.958333,0.766667,0.966667,0.851852,0.033333,0.233333,0.4,0.6,60,24,36,0.133333
0.5,0.02,0.7,,0,23,29,1,7,0.866667,0.958333,0.766667,0.966667,0.851852,0.033333,0.233333,0.4,0.6,60,24,36,0.133333
0.5,0.02,0.7,,1,23,29,1,7,0.866667,0.958333,0.766667,0.966667,0.851852,0.033333,0.233333,0.4,0.6,60,24,36,0.133333
0.6,0.0,,,2,23,29,1,7,0.866667,0.958333,0.766667,0.966667,0.851852,0.033333,0.233333,0.4,0.6,60,24,36,0.133333
0.6,0.0,0.65,,2,23,29,1,7,0.866667,0.958333,0.766667,0.966667,0.851852,0.033333,0.233333,0.4,0.6,60,24,36,0.133333
0.6,0.0,0.7,,2,23,29,1,7,0.866667,0.958333,0.766667,0.966667,0.851852,0.033333,0.233333,0.4,0.6,60,24,36,0.133333
0.6,0.02,,,0,23,29,1,7,0.866667,0.958333,0.766667,0.966667,0.851852,0.033333,0.233333,0.4,0.6,60,24,36,0.133333
0.6,0.02,,,1,23,29,1,7,0.866667,0.958333,0.766667,0.966667,0.851852,0.033333,0.233333,0.4,0.6,60,24,36,0.133333
0.6,0.02,0.65,,0,23,29,1,7,0.866667,0.958333,0.766667,0.966667,0.851852,0.033333,0.233333,0.4,0.6,60,24,36,0.133333
0.6,0.02,0.65,,1,23,29,1,7,0.866667,0.958333,0.766667,0.966667,0.851852,0.033333,0.233333,0.4,0.6,60,24,36,0.133333
0.6,0.02,0.7,,0,23,29,1,7,0.866667,0.958333,0.766667,0.966667,0.851852,0.033333,0.233333,0.4,0.6,60,24,36,0.133333
0.6,0.02,0.7,,1,23,29,1,7,0.866667,0.958333,0.766667,0.966667,0.851852,0.033333,0.233333,0.4,0.6,60,24,36,0.133333
0.7,0.0,,,2,23,29,1,7,0.866667,0.958333,0.766667,0.966667,0.851852,0.033333,0.233333,0.4,0.6,60,24,36,0.133333
0.7,0.0,0.65,,2,23,29,1,7,0.866667,0.958333,0.766667,0.966667,0.851852,0.033333,0.233333,0.4,0.6,60,24,36,0.133333
0.7,0.0,0.7,,2,23,29,1,7,0.866667,0.958333,0.766667,0.966667,0.851852,0.033333,0.233333,0.4,0.6,60,24,36,0.133333
0.7,0.02,,,0,23,29,1,7,0.866667,0.958333,0.766667,0.966667,0.851852,0.033333,0.233333,0.4,0.6,60,24,36,0.133333
0.7,0.02,,,1,23,29,1,7,0.866667,0.958333,0.766667,0.966667,0.851852,0.033333,0.233333,0.4,0.6,60,24,36,0.133333
0.7,0.02,0.65,,0,23,29,1,7,0.866667,0.958333,0.766667,0.966667,0.851852,0.033333,0.233333,0.4,0.6,60,24,36,0.133333
0.7,0.02,0.65,,1,23,29,1,7,0.866667,0.958333,0.766667,0.966667,0.851852,0.033333,0.233333,0.4,0.6,60,24,36,0.133333
0.7,0.02,0.7,,0,23,29,1,7,0.866667,0.958333,0.766667,0.966667,0.851852,0.033333,0.233333,0.4,0.6,60,24,36,0.133333
0.7,0.02,0.7,,1,23,29,1,7,0.866667,0.958333,0.766667,0.966667,0.851852,0.033333,0.233333,0.4,0.6,60,24,36,0.133333
0.75,0.0,,,2,22,29,1,8,0.85,0.956522,0.733333,0.966667,0.830189,0.033333,0.266667,0.383333,0.616667,60,23,37,0.15
0.75,0.0,0.65,,2,22,29,1,8,0.85,0.956522,0.733333,0.966667,0.830189,0.033333,0.266667,0.383333,0.616667,60,23,37,0.15
0.75,0.0,0.7,,2,22,29,1,8,0.85,0.956522,0.733333,0.966667,0.830189,0.033333,0.266667,0.383333,0.616667,60,23,37,0.15
0.75,0.02,,,0,21,29,1,9,0.833333,0.954545,0.7,0.966667,0.807692,0.033333,0.3,0.366667,0.633333,60,22,38,0.166666
0.75,0.02,,,1,21,29,1,9,0.833333,0.954545,0.7,0.966667,0.807692,0.033333,0.3,0.366667,0.633333,60,22,38,0.166666
0.75,0.02,0.65,,0,21,29,1,9,0.833333,0.954545,0.7,0.966667,0.807692,0.033333,0.3,0.366667,0.633333,60,22,38,0.166666
0.75,0.02,0.65,,1,21,29,1,9,0.833333,0.954545,0.7,0.966667,0.807692,0.033333,0.3,0.366667,0.633333,60,22,38,0.166666
0.75,0.02,0.7,,0,21,29,1,9,0.833333,0.954545,0.7,0.966667,0.807692,0.033333,0.3,0.366667,0.633333,60,22,38,0.166666
0.75,0.02,0.7,,1,21,29,1,9,0.833333,0.954545,0.7,0.966667,0.807692,0.033333,0.3,0.366667,0.633333,60,22,38,0.166666
0.8,0.0,,,2,21,29,1,9,0.833333,0.954545,0.7,0.966667,0.807692,0.033333,0.3,0.366667,0.633333,60,22,38,0.166666
0.8,0.0,0.65,,2,21,29,1,9,0.833333,0.954545,0.7,0.966667,0.807692,0.033333,0.3,0.366667,0.633333,60,22,38,0.166666
0.8,0.0,0.7,,2,21,29,1,9,0.833333,0.954545,0.7,0.966667,0.807692,0.033333,0.3,0.366667,0.633333,60,22,38,0.166666
0.95,0.0,,,0,21,29,1,9,0.833333,0.954545,0.7,0.966667,0.807692,0.033333,0.3,0.366667,0.633333,60,22,38,0.166666
0.95,0.0,,,1,21,29,1,9,0.833333,0.954545,0.7,0.966667,0.807692,0.033333,0.3,0.366667,0.633333,60,22,38,0.166666
0.95,0.0,0.65,,0,21,29,1,9,0.833333,0.954545,0.7,0.966667,0.807692,0.033333,0.3,0.366667,0.633333,60,22,38,0.166666
0.95,0.0,0.65,,1,21,29,1,9,0.833333,0.954545,0.7,0.966667,0.807692,0.033333,0.3,0.366667,0.633333,60,22,38,0.166666
0.95,0.0,0.7,,0,21,29,1,9,0.833333,0.954545,0.7,0.966667,0.807692,0.033333,0.3,0.366667,0.633333,60,22,38,0.166666
0.95,0.0,0.7,,1,21,29,1,9,0.833333,0.954545,0.7,0.966667,0.807692,0.033333,0.3,0.366667,0.633333,60,22,38,0.166666
0.3,0.05,,,0,20,29,1,10,0.816667,0.952381,0.666667,0.966667,0.784314,0.033333,0.333333,0.35,0.65,60,21,39,0.183333
0.3,0.05,,,1,20,29,1,10,0.816667,0.952381,0.666667,0.966667,0.784314,0.033333,0.333333,0.35,0.65,60,21,39,0.183333
0.3,0.05,0.65,,0,20,29,1,10,0.816667,0.952381,0.666667,0.966667,0.784314,0.033333,0.333333,0.35,0.65,60,21,39,0.183333
0.3,0.05,0.65,,1,20,29,1,10,0.816667,0.952381,0.666667,0.966667,0.784314,0.033333,0.333333,0.35,0.65,60,21,39,0.183333
0.3,0.05,0.7,,0,20,29,1,10,0.816667,0.952381,0.666667,0.966667,0.784314,0.033333,0.333333,0.35,0.65,60,21,39,0.183333
0.3,0.05,0.7,,1,20,29,1,10,0.816667,0.952381,0.666667,0.966667,0.784314,0.033333,0.333333,0.35,0.65,60,21,39,0.183333
0.4,0.05,,,0,20,29,1,10,0.816667,0.952381,0.666667,0.966667,0.784314,0.033333,0.333333,0.35,0.65,60,21,39,0.183333
0.4,0.05,,,1,20,29,1,10,0.816667,0.952381,0.666667,0.966667,0.784314,0.033333,0.333333,0.35,0.65,60,21,39,0.183333
0.4,0.05,0.65,,0,20,29,1,10,0.816667,0.952381,0.666667,0.966667,0.784314,0.033333,0.333333,0.35,0.65,60,21,39,0.183333
0.4,0.05,0.65,,1,20,29,1,10,0.816667,0.952381,0.666667,0.966667,0.784314,0.033333,0.333333,0.35,0.65,60,21,39,0.183333
0.4,0.05,0.7,,0,20,29,1,10,0.816667,0.952381,0.666667,0.966667,0.784314,0.033333,0.333333,0.35,0.65,60,21,39,0.183333
0.4,0.05,0.7,,1,20,29,1,10,0.816667,0.952381,0.666667,0.966667,0.784314,0.033333,0.333333,0.35,0.65,60,21,39,0.183333
0.5,0.05,,,0,20,29,1,10,0.816667,0.952381,0.666667,0.966667,0.784314,0.033333,0.333333,0.35,0.65,60,21,39,0.183333
0.5,0.05,,,1,20,29,1,10,0.816667,0.952381,0.666667,0.966667,0.784314,0.033333,0.333333,0.35,0.65,60,21,39,0.183333
0.5,0.05,0.65,,0,20,29,1,10,0.816667,0.952381,0.666667,0.966667,0.784314,0.033333,0.333333,0.35,0.65,60,21,39,0.183333
0.5,0.05,0.65,,1,20,29,1,10,0.816667,0.952381,0.666667,0.966667,0.784314,0.033333,0.333333,0.35,0.65,60,21,39,0.183333
0.5,0.05,0.7,,0,20,29,1,10,0.816667,0.952381,0.666667,0.966667,0.784314,0.033333,0.333333,0.35,0.65,60,21,39,0.183333
0.5,0.05,0.7,,1,20,29,1,10,0.816667,0.952381,0.666667,0.966667,0.784314,0.033333,0.333333,0.35,0.65,60,21,39,0.183333
0.6,0.05,,,0,20,29,1,10,0.816667,0.952381,0.666667,0.966667,0.784314,0.033333,0.333333,0.35,0.65,60,21,39,0.183333
0.6,0.05,,,1,20,29,1,10,0.816667,0.952381,0.666667,0.966667,0.784314,0.033333,0.333333,0.35,0.65,60,21,39,0.183333
0.6,0.05,0.65,,0,20,29,1,10,0.816667,0.952381,0.666667,0.966667,0.784314,0.033333,0.333333,0.35,0.65,60,21,39,0.183333
0.6,0.05,0.65,,1,20,29,1,10,0.816667,0.952381,0.666667,0.966667,0.784314,0.033333,0.333333,0.35,0.65,60,21,39,0.183333
0.6,0.05,0.7,,0,20,29,1,10,0.816667,0.952381,0.666667,0.966667,0.784314,0.033333,0.333333,0.35,0.65,60,21,39,0.183333
0.6,0.05,0.7,,1,20,29,1,10,0.816667,0.952381,0.666667,0.966667,0.784314,0.033333,0.333333,0.35,0.65,60,21,39,0.183333
0.7,0.05,,,0,20,29,1,10,0.816667,0.952381,0.666667,0.966667,0.784314,0.033333,0.333333,0.35,0.65,60,21,39,0.183333
0.7,0.05,,,1,20,29,1,10,0.816667,0.952381,0.666667,0.966667,0.784314,0.033333,0.333333,0.35,0.65,60,21,39,0.183333
0.7,0.05,0.65,,0,20,29,1,10,0.816667,0.952381,0.666667,0.966667,0.784314,0.033333,0.333333,0.35,0.65,60,21,39,0.183333
0.7,0.05,0.65,,1,20,29,1,10,0.816667,0.952381,0.666667,0.966667,0.784314,0.033333,0.333333,0.35,0.65,60,21,39,0.183333
0.7,0.05,0.7,,0,20,29,1,10,0.816667,0.952381,0.666667,0.966667,0.784314,0.033333,0.333333,0.35,0.65,60,21,39,0.183333
0.7,0.05,0.7,,1,20,29,1,10,0.816667,0.952381,0.666667,0.966667,0.784314,0.033333,0.333333,0.35,0.65,60,21,39,0.183333
0.8,0.02,,,0,20,29,1,10,0.816667,0.952381,0.666667,0.966667,0.784314,0.033333,0.333333,0.35,0.65,60,21,39,0.183333
0.8,0.02,,,1,20,29,1,10,0.816667,0.952381,0.666667,0.966667,0.784314,0.033333,0.333333,0.35,0.65,60,21,39,0.183333
0.8,0.02,0.65,,0,20,29,1,10,0.816667,0.952381,0.666667,0.966667,0.784314,0.033333,0.333333,0.35,0.65,60,21,39,0.183333
0.8,0.02,0.65,,1,20,29,1,10,0.816667,0.952381,0.666667,0.966667,0.784314,0.033333,0.333333,0.35,0.65,60,21,39,0.183333
0.8,0.02,0.7,,0,20,29,1,10,0.816667,0.952381,0.666667,0.966667,0.784314,0.033333,0.333333,0.35,0.65,60,21,39,0.183333
0.8,0.02,0.7,,1,20,29,1,10,0.816667,0.952381,0.666667,0.966667,0.784314,0.033333,0.333333,0.35,0.65,60,21,39,0.183333
0.85,0.0,,,2,20,29,1,10,0.816667,0.952381,0.666667,0.966667,0.784314,0.033333,0.333333,0.35,0.65,60,21,39,0.183333
0.85,0.0,0.65,,2,20,29,1,10,0.816667,0.952381,0.666667,0.966667,0.784314,0.033333,0.333333,0.35,0.65,60,21,39,0.183333
0.85,0.0,0.7,,2,20,29,1,10,0.816667,0.952381,0.666667,0.966667,0.784314,0.033333,0.333333,0.35,0.65,60,21,39,0.183333
0.9,0.0,,,2,20,29,1,10,0.816667,0.952381,0.666667,0.966667,0.784314,0.033333,0.333333,0.35,0.65,60,21,39,0.183333
0.9,0.0,0.65,,2,20,29,1,10,0.816667,0.952381,0.666667,0.966667,0.784314,0.033333,0.333333,0.35,0.65,60,21,39,0.183333
0.9,0.0,0.7,,2,20,29,1,10,0.816667,0.952381,0.666667,0.966667,0.784314,0.033333,0.333333,0.35,0.65,60,21,39,0.183333
0.75,0.05,,,0,18,29,1,12,0.783333,0.947368,0.6,0.966667,0.734694,0.033333,0.4,0.316667,0.683333,60,19,41,0.216667
0.75,0.05,,,1,18,29,1,12,0.783333,0.947368,0.6,0.966667,0.734694,0.033333,0.4,0.316667,0.683333,60,19,41,0.216667
0.75,0.05,0.65,,0,18,29,1,12,0.783333,0.947368,0.6,0.966667,0.734694,0.033333,0.4,0.316667,0.683333,60,19,41,0.216667
0.75,0.05,0.65,,1,18,29,1,12,0.783333,0.947368,0.6,0.966667,0.734694,0.033333,0.4,0.316667,0.683333,60,19,41,0.216667
0.75,0.05,0.7,,0,18,29,1,12,0.783333,0.947368,0.6,0.966667,0.734694,0.033333,0.4,0.316667,0.683333,60,19,41,0.216667
0.75,0.05,0.7,,1,18,29,1,12,0.783333,0.947368,0.6,0.966667,0.734694,0.033333,0.4,0.316667,0.683333,60,19,41,0.216667
0.85,0.02,,,0,18,29,1,12,0.783333,0.947368,0.6,0.966667,0.734694,0.033333,0.4,0.316667,0.683333,60,19,41,0.216667
0.85,0.02,,,1,18,29,1,12,0.783333,0.947368,0.6,0.966667,0.734694,0.033333,0.4,0.316667,0.683333,60,19,41,0.216667
0.85,0.02,0.65,,0,18,29,1,12,0.783333,0.947368,0.6,0.966667,0.734694,0.033333,0.4,0.316667,0.683333,60,19,41,0.216667
0.85,0.02,0.65,,1,18,29,1,12,0.783333,0.947368,0.6,0.966667,0.734694,0.033333,0.4,0.316667,0.683333,60,19,41,0.216667
0.85,0.02,0.7,,0,18,29,1,12,0.783333,0.947368,0.6,0.966667,0.734694,0.033333,0.4,0.316667,0.683333,60,19,41,0.216667
0.85,0.02,0.7,,1,18,29,1,12,0.783333,0.947368,0.6,0.966667,0.734694,0.033333,0.4,0.316667,0.683333,60,19,41,0.216667
0.9,0.02,,,0,18,29,1,12,0.783333,0.947368,0.6,0.966667,0.734694,0.033333,0.4,0.316667,0.683333,60,19,41,0.216667
0.9,0.02,,,1,18,29,1,12,0.783333,0.947368,0.6,0.966667,0.734694,0.033333,0.4,0.316667,0.683333,60,19,41,0.216667
0.9,0.02,0.65,,0,18,29,1,12,0.783333,0.947368,0.6,0.966667,0.734694,0.033333,0.4,0.316667,0.683333,60,19,41,0.216667
0.9,0.02,0.65,,1,18,29,1,12,0.783333,0.947368,0.6,0.966667,0.734694,0.033333,0.4,0.316667,0.683333,60,19,41,0.216667
0.9,0.02,0.7,,0,18,29,1,12,0.783333,0.947368,0.6,0.966667,0.734694,0.033333,0.4,0.316667,0.683333,60,19,41,0.216667
0.9,0.02,0.7,,1,18,29,1,12,0.783333,0.947368,0.6,0.966667,0.734694,0.033333,0.4,0.316667,0.683333,60,19,41,0.216667
0.95,0.0,,,2,18,29,1,12,0.783333,0.947368,0.6,0.966667,0.734694,0.033333,0.4,0.316667,0.683333,60,19,41,0.216667
0.95,0.0,0.65,,2,18,29,1,12,0.783333,0.947368,0.6,0.966667,0.734694,0.033333,0.4,0.316667,0.683333,60,19,41,0.216667
0.95,0.0,0.7,,2,18,29,1,12,0.783333,0.947368,0.6,0.966667,0.734694,0.033333,0.4,0.316667,0.683333,60,19,41,0.216667
0.8,0.05,,,0,17,29,1,13,0.766667,0.944444,0.566667,0.966667,0.708333,0.033333,0.433333,0.3,0.7,60,18,42,0.233333
0.8,0.05,,,1,17,29,1,13,0.766667,0.944444,0.566667,0.966667,0.708333,0.033333,0.433333,0.3,0.7,60,18,42,0.233333
0.8,0.05,0.65,,0,17,29,1,13,0.766667,0.944444,0.566667,0.966667,0.708333,0.033333,0.433333,0.3,0.7,60,18,42,0.233333
0.8,0.05,0.65,,1,17,29,1,13,0.766667,0.944444,0.566667,0.966667,0.708333,0.033333,0.433333,0.3,0.7,60,18,42,0.233333
0.8,0.05,0.7,,0,17,29,1,13,0.766667,0.944444,0.566667,0.966667,0.708333,0.033333,0.433333,0.3,0.7,60,18,42,0.233333
0.8,0.05,0.7,,1,17,29,1,13,0.766667,0.944444,0.566667,0.966667,0.708333,0.033333,0.433333,0.3,0.7,60,18,42,0.233333
0.3,0.02,,,2,16,29,1,14,0.75,0.941176,0.533333,0.966667,0.680851,0.033333,0.466667,0.283333,0.716667,60,17,43,0.25
0.3,0.02,0.65,,2,16,29,1,14,0.75,0.941176,0.533333,0.966667,0.680851,0.033333,0.466667,0.283333,0.716667,60,17,43,0.25
0.3,0.02,0.7,,2,16,29,1,14,0.75,0.941176,0.533333,0.966667,0.680851,0.033333,0.466667,0.283333,0.716667,60,17,43,0.25
0.4,0.02,,,2,16,29,1,14,0.75,0.941176,0.533333,0.966667,0.680851,0.033333,0.466667,0.283333,0.716667,60,17,43,0.25
0.4,0.02,0.65,,2,16,29,1,14,0.75,0.941176,0.533333,0.966667,0.680851,0.033333,0.466667,0.283333,0.716667,60,17,43,0.25
0.4,0.02,0.7,,2,16,29,1,14,0.75,0.941176,0.533333,0.966667,0.680851,0.033333,0.466667,0.283333,0.716667,60,17,43,0.25
0.5,0.02,,,2,16,29,1,14,0.75,0.941176,0.533333,0.966667,0.680851,0.033333,0.466667,0.283333,0.716667,60,17,43,0.25
0.5,0.02,0.65,,2,16,29,1,14,0.75,0.941176,0.533333,0.966667,0.680851,0.033333,0.466667,0.283333,0.716667,60,17,43,0.25
0.5,0.02,0.7,,2,16,29,1,14,0.75,0.941176,0.533333,0.966667,0.680851,0.033333,0.466667,0.283333,0.716667,60,17,43,0.25
0.6,0.02,,,2,16,29,1,14,0.75,0.941176,0.533333,0.966667,0.680851,0.033333,0.466667,0.283333,0.716667,60,17,43,0.25
0.6,0.02,0.65,,2,16,29,1,14,0.75,0.941176,0.533333,0.966667,0.680851,0.033333,0.466667,0.283333,0.716667,60,17,43,0.25
0.6,0.02,0.7,,2,16,29,1,14,0.75,0.941176,0.533333,0.966667,0.680851,0.033333,0.466667,0.283333,0.716667,60,17,43,0.25
0.7,0.02,,,2,16,29,1,14,0.75,0.941176,0.533333,0.966667,0.680851,0.033333,0.466667,0.283333,0.716667,60,17,43,0.25
0.7,0.02,0.65,,2,16,29,1,14,0.75,0.941176,0.533333,0.966667,0.680851,0.033333,0.466667,0.283333,0.716667,60,17,43,0.25
0.7,0.02,0.7,,2,16,29,1,14,0.75,0.941176,0.533333,0.966667,0.680851,0.033333,0.466667,0.283333,0.716667,60,17,43,0.25
0.75,0.02,,,2,15,29,1,15,0.733333,0.9375,0.5,0.966667,0.652174,0.033333,0.5,0.266667,0.733333,60,16,44,0.266667
0.75,0.02,0.65,,2,15,29,1,15,0.733333,0.9375,0.5,0.966667,0.652174,0.033333,0.5,0.266667,0.733333,60,16,44,0.266667
0.75,0.02,0.7,,2,15,29,1,15,0.733333,0.9375,0.5,0.966667,0.652174,0.033333,0.5,0.266667,0.733333,60,16,44,0.266667
0.85,0.05,,,0,15,29,1,15,0.733333,0.9375,0.5,0.966667,0.652174,0.033333,0.5,0.266667,0.733333,60,16,44,0.266667
0.85,0.05,,,1,15,29,1,15,0.733333,0.9375,0.5,0.966667,0.652174,0.033333,0.5,0.266667,0.733333,60,16,44,0.266667
0.85,0.05,0.65,,0,15,29,1,15,0.733333,0.9375,0.5,0.966667,0.652174,0.033333,0.5,0.266667,0.733333,60,16,44,0.266667
0.85,0.05,0.65,,1,15,29,1,15,0.733333,0.9375,0.5,0.966667,0.652174,0.033333,0.5,0.266667,0.733333,60,16,44,0.266667
0.85,0.05,0.7,,0,15,29,1,15,0.733333,0.9375,0.5,0.966667,0.652174,0.033333,0.5,0.266667,0.733333,60,16,44,0.266667
0.85,0.05,0.7,,1,15,29,1,15,0.733333,0.9375,0.5,0.966667,0.652174,0.033333,0.5,0.266667,0.733333,60,16,44,0.266667
0.9,0.05,,,0,15,29,1,15,0.733333,0.9375,0.5,0.966667,0.652174,0.033333,0.5,0.266667,0.733333,60,16,44,0.266667
0.9,0.05,,,1,15,29,1,15,0.733333,0.9375,0.5,0.966667,0.652174,0.033333,0.5,0.266667,0.733333,60,16,44,0.266667
0.9,0.05,0.65,,0,15,29,1,15,0.733333,0.9375,0.5,0.966667,0.652174,0.033333,0.5,0.266667,0.733333,60,16,44,0.266667
0.9,0.05,0.65,,1,15,29,1,15,0.733333,0.9375,0.5,0.966667,0.652174,0.033333,0.5,0.266667,0.733333,60,16,44,0.266667
0.9,0.05,0.7,,0,15,29,1,15,0.733333,0.9375,0.5,0.966667,0.652174,0.033333,0.5,0.266667,0.733333,60,16,44,0.266667
0.9,0.05,0.7,,1,15,29,1,15,0.733333,0.9375,0.5,0.966667,0.652174,0.033333,0.5,0.266667,0.733333,60,16,44,0.266667
0.3,0.1,,,0,14,29,1,16,0.716667,0.933333,0.466667,0.966667,0.622222,0.033333,0.533333,0.25,0.75,60,15,45,0.283333
0.3,0.1,,,1,14,29,1,16,0.716667,0.933333,0.466667,0.966667,0.622222,0.033333,0.533333,0.25,0.75,60,15,45,0.283333
0.3,0.1,0.65,,0,14,29,1,16,0.716667,0.933333,0.466667,0.966667,0.622222,0.033333,0.533333,0.25,0.75,60,15,45,0.283333
0.3,0.1,0.65,,1,14,29,1,16,0.716667,0.933333,0.466667,0.966667,0.622222,0.033333,0.533333,0.25,0.75,60,15,45,0.283333
0.3,0.1,0.7,,0,14,29,1,16,0.716667,0.933333,0.466667,0.966667,0.622222,0.033333,0.533333,0.25,0.75,60,15,45,0.283333
0.3,0.1,0.7,,1,14,29,1,16,0.716667,0.933333,0.466667,0.966667,0.622222,0.033333,0.533333,0.25,0.75,60,15,45,0.283333
0.4,0.1,,,0,14,29,1,16,0.716667,0.933333,0.466667,0.966667,0.622222,0.033333,0.533333,0.25,0.75,60,15,45,0.283333
0.4,0.1,,,1,14,29,1,16,0.716667,0.933333,0.466667,0.966667,0.622222,0.033333,0.533333,0.25,0.75,60,15,45,0.283333
0.4,0.1,0.65,,0,14,29,1,16,0.716667,0.933333,0.466667,0.966667,0.622222,0.033333,0.533333,0.25,0.75,60,15,45,0.283333
0.4,0.1,0.65,,1,14,29,1,16,0.716667,0.933333,0.466667,0.966667,0.622222,0.033333,0.533333,0.25,0.75,60,15,45,0.283333
0.4,0.1,0.7,,0,14,29,1,16,0.716667,0.933333,0.466667,0.966667,0.622222,0.033333,0.533333,0.25,0.75,60,15,45,0.283333
0.4,0.1,0.7,,1,14,29,1,16,0.716667,0.933333,0.466667,0.966667,0.622222,0.033333,0.533333,0.25,0.75,60,15,45,0.283333
0.5,0.1,,,0,14,29,1,16,0.716667,0.933333,0.466667,0.966667,0.622222,0.033333,0.533333,0.25,0.75,60,15,45,0.283333
0.5,0.1,,,1,14,29,1,16,0.716667,0.933333,0.466667,0.966667,0.622222,0.033333,0.533333,0.25,0.75,60,15,45,0.283333
0.5,0.1,0.65,,0,14,29,1,16,0.716667,0.933333,0.466667,0.966667,0.622222,0.033333,0.533333,0.25,0.75,60,15,45,0.283333
0.5,0.1,0.65,,1,14,29,1,16,0.716667,0.933333,0.466667,0.966667,0.622222,0.033333,0.533333,0.25,0.75,60,15,45,0.283333
0.5,0.1,0.7,,0,14,29,1,16,0.716667,0.933333,0.466667,0.966667,0.622222,0.033333,0.533333,0.25,0.75,60,15,45,0.283333
0.5,0.1,0.7,,1,14,29,1,16,0.716667,0.933333,0.466667,0.966667,0.622222,0.033333,0.533333,0.25,0.75,60,15,45,0.283333
0.6,0.1,,,0,14,29,1,16,0.716667,0.933333,0.466667,0.966667,0.622222,0.033333,0.533333,0.25,0.75,60,15,45,0.283333
0.6,0.1,,,1,14,29,1,16,0.716667,0.933333,0.466667,0.966667,0.622222,0.033333,0.533333,0.25,0.75,60,15,45,0.283333
0.6,0.1,0.65,,0,14,29,1,16,0.716667,0.933333,0.466667,0.966667,0.622222,0.033333,0.533333,0.25,0.75,60,15,45,0.283333
0.6,0.1,0.65,,1,14,29,1,16,0.716667,0.933333,0.466667,0.966667,0.622222,0.033333,0.533333,0.25,0.75,60,15,45,0.283333
0.6,0.1,0.7,,0,14,29,1,16,0.716667,0.933333,0.466667,0.966667,0.622222,0.033333,0.533333,0.25,0.75,60,15,45,0.283333
0.6,0.1,0.7,,1,14,29,1,16,0.716667,0.933333,0.466667,0.966667,0.622222,0.033333,0.533333,0.25,0.75,60,15,45,0.283333
0.7,0.1,,,0,14,29,1,16,0.716667,0.933333,0.466667,0.966667,0.622222,0.033333,0.533333,0.25,0.75,60,15,45,0.283333
0.7,0.1,,,1,14,29,1,16,0.716667,0.933333,0.466667,0.966667,0.622222,0.033333,0.533333,0.25,0.75,60,15,45,0.283333
0.7,0.1,0.65,,0,14,29,1,16,0.716667,0.933333,0.466667,0.966667,0.622222,0.033333,0.533333,0.25,0.75,60,15,45,0.283333
0.7,0.1,0.65,,1,14,29,1,16,0.716667,0.933333,0.466667,0.966667,0.622222,0.033333,0.533333,0.25,0.75,60,15,45,0.283333
0.7,0.1,0.7,,0,14,29,1,16,0.716667,0.933333,0.466667,0.966667,0.622222,0.033333,0.533333,0.25,0.75,60,15,45,0.283333
0.7,0.1,0.7,,1,14,29,1,16,0.716667,0.933333,0.466667,0.966667,0.622222,0.033333,0.533333,0.25,0.75,60,15,45,0.283333
0.8,0.02,,,2,14,29,1,16,0.716667,0.933333,0.466667,0.966667,0.622222,0.033333,0.533333,0.25,0.75,60,15,45,0.283333
0.8,0.02,0.65,,2,14,29,1,16,0.716667,0.933333,0.466667,0.966667,0.622222,0.033333,0.533333,0.25,0.75,60,15,45,0.283333
0.8,0.02,0.7,,2,14,29,1,16,0.716667,0.933333,0.466667,0.966667,0.622222,0.033333,0.533333,0.25,0.75,60,15,45,0.283333
0.95,0.02,,,0,14,29,1,16,0.716667,0.933333,0.466667,0.966667,0.622222,0.033333,0.533333,0.25,0.75,60,15,45,0.283333
0.95,0.02,,,1,14,29,1,16,0.716667,0.933333,0.466667,0.966667,0.622222,0.033333,0.533333,0.25,0.75,60,15,45,0.283333
0.95,0.02,0.65,,0,14,29,1,16,0.716667,0.933333,0.466667,0.966667,0.622222,0.033333,0.533333,0.25,0.75,60,15,45,0.283333
0.95,0.02,0.65,,1,14,29,1,16,0.716667,0.933333,0.466667,0.966667,0.622222,0.033333,0.533333,0.25,0.75,60,15,45,0.283333
0.95,0.02,0.7,,0,14,29,1,16,0.716667,0.933333,0.466667,0.966667,0.622222,0.033333,0.533333,0.25,0.75,60,15,45,0.283333
0.95,0.02,0.7,,1,14,29,1,16,0.716667,0.933333,0.466667,0.966667,0.622222,0.033333,0.533333,0.25,0.75,60,15,45,0.283333
0.3,0.05,,,2,13,29,1,17,0.7,0.928571,0.433333,0.966667,0.590909,0.033333,0.566667,0.233333,0.766667,60,14,46,0.3
0.3,0.05,0.65,,2,13,29,1,17,0.7,0.928571,0.433333,0.966667,0.590909,0.033333,0.566667,0.233333,0.766667,60,14,46,0.3
0.3,0.05,0.7,,2,13,29,1,17,0.7,0.928571,0.433333,0.966667,0.590909,0.033333,0.566667,0.233333,0.766667,60,14,46,0.3
0.4,0.05,,,2,13,29,1,17,0.7,0.928571,0.433333,0.966667,0.590909,0.033333,0.566667,0.233333,0.766667,60,14,46,0.3
0.4,0.05,0.65,,2,13,29,1,17,0.7,0.928571,0.433333,0.966667,0.590909,0.033333,0.566667,0.233333,0.766667,60,14,46,0.3
0.4,0.05,0.7,,2,13,29,1,17,0.7,0.928571,0.433333,0.966667,0.590909,0.033333,0.566667,0.233333,0.766667,60,14,46,0.3
0.5,0.05,,,2,13,29,1,17,0.7,0.928571,0.433333,0.966667,0.590909,0.033333,0.566667,0.233333,0.766667,60,14,46,0.3
0.5,0.05,0.65,,2,13,29,1,17,0.7,0.928571,0.433333,0.966667,0.590909,0.033333,0.566667,0.233333,0.766667,60,14,46,0.3
0.5,0.05,0.7,,2,13,29,1,17,0.7,0.928571,0.433333,0.966667,0.590909,0.033333,0.566667,0.233333,0.766667,60,14,46,0.3
0.6,0.05,,,2,13,29,1,17,0.7,0.928571,0.433333,0.966667,0.590909,0.033333,0.566667,0.233333,0.766667,60,14,46,0.3
0.6,0.05,0.65,,2,13,29,1,17,0.7,0.928571,0.433333,0.966667,0.590909,0.033333,0.566667,0.233333,0.766667,60,14,46,0.3
0.6,0.05,0.7,,2,13,29,1,17,0.7,0.928571,0.433333,0.966667,0.590909,0.033333,0.566667,0.233333,0.766667,60,14,46,0.3
0.7,0.05,,,2,13,29,1,17,0.7,0.928571,0.433333,0.966667,0.590909,0.033333,0.566667,0.233333,0.766667,60,14,46,0.3
0.7,0.05,0.65,,2,13,29,1,17,0.7,0.928571,0.433333,0.966667,0.590909,0.033333,0.566667,0.233333,0.766667,60,14,46,0.3
0.7,0.05,0.7,,2,13,29,1,17,0.7,0.928571,0.433333,0.966667,0.590909,0.033333,0.566667,0.233333,0.766667,60,14,46,0.3
0.75,0.1,,,0,13,29,1,17,0.7,0.928571,0.433333,0.966667,0.590909,0.033333,0.566667,0.233333,0.766667,60,14,46,0.3
0.75,0.1,,,1,13,29,1,17,0.7,0.928571,0.433333,0.966667,0.590909,0.033333,0.566667,0.233333,0.766667,60,14,46,0.3
0.75,0.1,0.65,,0,13,29,1,17,0.7,0.928571,0.433333,0.966667,0.590909,0.033333,0.566667,0.233333,0.766667,60,14,46,0.3
0.75,0.1,0.65,,1,13,29,1,17,0.7,0.928571,0.433333,0.966667,0.590909,0.033333,0.566667,0.233333,0.766667,60,14,46,0.3
0.75,0.1,0.7,,0,13,29,1,17,0.7,0.928571,0.433333,0.966667,0.590909,0.033333,0.566667,0.233333,0.766667,60,14,46,0.3
0.75,0.1,0.7,,1,13,29,1,17,0.7,0.928571,0.433333,0.966667,0.590909,0.033333,0.566667,0.233333,0.766667,60,14,46,0.3
0.85,0.02,,,2,13,29,1,17,0.7,0.928571,0.433333,0.966667,0.590909,0.033333,0.566667,0.233333,0.766667,60,14,46,0.3
0.85,0.02,0.65,,2,13,29,1,17,0.7,0.928571,0.433333,0.966667,0.590909,0.033333,0.566667,0.233333,0.766667,60,14,46,0.3
0.85,0.02,0.7,,2,13,29,1,17,0.7,0.928571,0.433333,0.966667,0.590909,0.033333,0.566667,0.233333,0.766667,60,14,46,0.3
0.9,0.02,,,2,13,29,1,17,0.7,0.928571,0.433333,0.966667,0.590909,0.033333,0.566667,0.233333,0.766667,60,14,46,0.3
0.9,0.02,0.65,,2,13,29,1,17,0.7,0.928571,0.433333,0.966667,0.590909,0.033333,0.566667,0.233333,0.766667,60,14,46,0.3
0.9,0.02,0.7,,2,13,29,1,17,0.7,0.928571,0.433333,0.966667,0.590909,0.033333,0.566667,0.233333,0.766667,60,14,46,0.3
0.3,0.15,,,0,12,29,1,18,0.683333,0.923077,0.4,0.966667,0.55814,0.033333,0.6,0.216667,0.783333,60,13,47,0.316666
0.3,0.15,,,1,12,29,1,18,0.683333,0.923077,0.4,0.966667,0.55814,0.033333,0.6,0.216667,0.783333,60,13,47,0.316666
0.3,0.15,0.65,,0,12,29,1,18,0.683333,0.923077,0.4,0.966667,0.55814,0.033333,0.6,0.216667,0.783333,60,13,47,0.316666
0.3,0.15,0.65,,1,12,29,1,18,0.683333,0.923077,0.4,0.966667,0.55814,0.033333,0.6,0.216667,0.783333,60,13,47,0.316666
0.3,0.15,0.7,,0,12,29,1,18,0.683333,0.923077,0.4,0.966667,0.55814,0.033333,0.6,0.216667,0.783333,60,13,47,0.316666
0.3,0.15,0.7,,1,12,29,1,18,0.683333,0.923077,0.4,0.966667,0.55814,0.033333,0.6,0.216667,0.783333,60,13,47,0.316666
0.4,0.15,,,0,12,29,1,18,0.683333,0.923077,0.4,0.966667,0.55814,0.033333,0.6,0.216667,0.783333,60,13,47,0.316666
0.4,0.15,,,1,12,29,1,18,0.683333,0.923077,0.4,0.966667,0.55814,0.033333,0.6,0.216667,0.783333,60,13,47,0.316666
0.4,0.15,0.65,,0,12,29,1,18,0.683333,0.923077,0.4,0.966667,0.55814,0.033333,0.6,0.216667,0.783333,60,13,47,0.316666
0.4,0.15,0.65,,1,12,29,1,18,0.683333,0.923077,0.4,0.966667,0.55814,0.033333,0.6,0.216667,0.783333,60,13,47,0.316666
0.4,0.15,0.7,,0,12,29,1,18,0.683333,0.923077,0.4,0.966667,0.55814,0.033333,0.6,0.216667,0.783333,60,13,47,0.316666
0.4,0.15,0.7,,1,12,29,1,18,0.683333,0.923077,0.4,0.966667,0.55814,0.033333,0.6,0.216667,0.783333,60,13,47,0.316666
0.5,0.15,,,0,12,29,1,18,0.683333,0.923077,0.4,0.966667,0.55814,0.033333,0.6,0.216667,0.783333,60,13,47,0.316666
0.5,0.15,,,1,12,29,1,18,0.683333,0.923077,0.4,0.966667,0.55814,0.033333,0.6,0.216667,0.783333,60,13,47,0.316666
0.5,0.15,0.65,,0,12,29,1,18,0.683333,0.923077,0.4,0.966667,0.55814,0.033333,0.6,0.216667,0.783333,60,13,47,0.316666
0.5,0.15,0.65,,1,12,29,1,18,0.683333,0.923077,0.4,0.966667,0.55814,0.033333,0.6,0.216667,0.783333,60,13,47,0.316666
0.5,0.15,0.7,,0,12,29,1,18,0.683333,0.923077,0.4,0.966667,0.55814,0.033333,0.6,0.216667,0.783333,60,13,47,0.316666
0.5,0.15,0.7,,1,12,29,1,18,0.683333,0.923077,0.4,0.966667,0.55814,0.033333,0.6,0.216667,0.783333,60,13,47,0.316666
0.6,0.15,,,0,12,29,1,18,0.683333,0.923077,0.4,0.966667,0.55814,0.033333,0.6,0.216667,0.783333,60,13,47,0.316666
0.6,0.15,,,1,12,29,1,18,0.683333,0.923077,0.4,0.966667,0.55814,0.033333,0.6,0.216667,0.783333,60,13,47,0.316666
0.6,0.15,0.65,,0,12,29,1,18,0.683333,0.923077,0.4,0.966667,0.55814,0.033333,0.6,0.216667,0.783333,60,13,47,0.316666
0.6,0.15,0.65,,1,12,29,1,18,0.683333,0.923077,0.4,0.966667,0.55814,0.033333,0.6,0.216667,0.783333,60,13,47,0.316666
0.6,0.15,0.7,,0,12,29,1,18,0.683333,0.923077,0.4,0.966667,0.55814,0.033333,0.6,0.216667,0.783333,60,13,47,0.316666
0.6,0.15,0.7,,1,12,29,1,18,0.683333,0.923077,0.4,0.966667,0.55814,0.033333,0.6,0.216667,0.783333,60,13,47,0.316666
0.7,0.15,,,0,12,29,1,18,0.683333,0.923077,0.4,0.966667,0.55814,0.033333,0.6,0.216667,0.783333,60,13,47,0.316666
0.7,0.15,,,1,12,29,1,18,0.683333,0.923077,0.4,0.966667,0.55814,0.033333,0.6,0.216667,0.783333,60,13,47,0.316666
0.7,0.15,0.65,,0,12,29,1,18,0.683333,0.923077,0.4,0.966667,0.55814,0.033333,0.6,0.216667,0.783333,60,13,47,0.316666
0.7,0.15,0.65,,1,12,29,1,18,0.683333,0.923077,0.4,0.966667,0.55814,0.033333,0.6,0.216667,0.783333,60,13,47,0.316666
0.7,0.15,0.7,,0,12,29,1,18,0.683333,0.923077,0.4,0.966667,0.55814,0.033333,0.6,0.216667,0.783333,60,13,47,0.316666
0.7,0.15,0.7,,1,12,29,1,18,0.683333,0.923077,0.4,0.966667,0.55814,0.033333,0.6,0.216667,0.783333,60,13,47,0.316666
0.75,0.05,,,2,12,29,1,18,0.683333,0.923077,0.4,0.966667,0.55814,0.033333,0.6,0.216667,0.783333,60,13,47,0.316666
0.75,0.05,0.65,,2,12,29,1,18,0.683333,0.923077,0.4,0.966667,0.55814,0.033333,0.6,0.216667,0.783333,60,13,47,0.316666
0.75,0.05,0.7,,2,12,29,1,18,0.683333,0.923077,0.4,0.966667,0.55814,0.033333,0.6,0.216667,0.783333,60,13,47,0.316666
0.8,0.1,,,0,12,29,1,18,0.683333,0.923077,0.4,0.966667,0.55814,0.033333,0.6,0.216667,0.783333,60,13,47,0.316666
0.8,0.1,,,1,12,29,1,18,0.683333,0.923077,0.4,0.966667,0.55814,0.033333,0.6,0.216667,0.783333,60,13,47,0.316666
0.8,0.1,0.65,,0,12,29,1,18,0.683333,0.923077,0.4,0.966667,0.55814,0.033333,0.6,0.216667,0.783333,60,13,47,0.316666
0.8,0.1,0.65,,1,12,29,1,18,0.683333,0.923077,0.4,0.966667,0.55814,0.033333,0.6,0.216667,0.783333,60,13,47,0.316666
0.8,0.1,0.7,,0,12,29,1,18,0.683333,0.923077,0.4,0.966667,0.55814,0.033333,0.6,0.216667,0.783333,60,13,47,0.316666
0.8,0.1,0.7,,1,12,29,1,18,0.683333,0.923077,0.4,0.966667,0.55814,0.033333,0.6,0.216667,0.783333,60,13,47,0.316666
0.95,0.05,,,0,12,29,1,18,0.683333,0.923077,0.4,0.966667,0.55814,0.033333,0.6,0.216667,0.783333,60,13,47,0.316666
0.95,0.05,,,1,12,29,1,18,0.683333,0.923077,0.4,0.966667,0.55814,0.033333,0.6,0.216667,0.783333,60,13,47,0.316666
0.95,0.05,0.65,,0,12,29,1,18,0.683333,0.923077,0.4,0.966667,0.55814,0.033333,0.6,0.216667,0.783333,60,13,47,0.316666
0.95,0.05,0.65,,1,12,29,1,18,0.683333,0.923077,0.4,0.966667,0.55814,0.033333,0.6,0.216667,0.783333,60,13,47,0.316666
0.95,0.05,0.7,,0,12,29,1,18,0.683333,0.923077,0.4,0.966667,0.55814,0.033333,0.6,0.216667,0.783333,60,13,47,0.316666
0.95,0.05,0.7,,1,12,29,1,18,0.683333,0.923077,0.4,0.966667,0.55814,0.033333,0.6,0.216667,0.783333,60,13,47,0.316666
0.75,0.15,,,0,11,29,1,19,0.666667,0.916667,0.366667,0.966667,0.52381,0.033333,0.633333,0.2,0.8,60,12,48,0.333333
0.75,0.15,,,1,11,29,1,19,0.666667,0.916667,0.366667,0.966667,0.52381,0.033333,0.633333,0.2,0.8,60,12,48,0.333333
0.75,0.15,0.65,,0,11,29,1,19,0.666667,0.916667,0.366667,0.966667,0.52381,0.033333,0.633333,0.2,0.8,60,12,48,0.333333
0.75,0.15,0.65,,1,11,29,1,19,0.666667,0.916667,0.366667,0.966667,0.52381,0.033333,0.633333,0.2,0.8,60,12,48,0.333333
0.75,0.15,0.7,,0,11,29,1,19,0.666667,0.916667,0.366667,0.966667,0.52381,0.033333,0.633333,0.2,0.8,60,12,48,0.333333
0.75,0.15,0.7,,1,11,29,1,19,0.666667,0.916667,0.366667,0.966667,0.52381,0.033333,0.633333,0.2,0.8,60,12,48,0.333333
0.8,0.05,,,2,11,29,1,19,0.666667,0.916667,0.366667,0.966667,0.52381,0.033333,0.633333,0.2,0.8,60,12,48,0.333333
0.8,0.05,0.65,,2,11,29,1,19,0.666667,0.916667,0.366667,0.966667,0.52381,0.033333,0.633333,0.2,0.8,60,12,48,0.333333
0.8,0.05,0.7,,2,11,29,1,19,0.666667,0.916667,0.366667,0.966667,0.52381,0.033333,0.633333,0.2,0.8,60,12,48,0.333333
0.95,0.02,,,2,11,29,1,19,0.666667,0.916667,0.366667,0.966667,0.52381,0.033333,0.633333,0.2,0.8,60,12,48,0.333333
0.95,0.02,0.65,,2,11,29,1,19,0.666667,0.916667,0.366667,0.966667,0.52381,0.033333,0.633333,0.2,0.8,60,12,48,0.333333
0.95,0.02,0.7,,2,11,29,1,19,0.666667,0.916667,0.366667,0.966667,0.52381,0.033333,0.633333,0.2,0.8,60,12,48,0.333333
0.3,0.2,,,0,10,29,1,20,0.65,0.909091,0.333333,0.966667,0.487805,0.033333,0.666667,0.183333,0.816667,60,11,49,0.35
0.3,0.2,,,1,10,29,1,20,0.65,0.909091,0.333333,0.966667,0.487805,0.033333,0.666667,0.183333,0.816667,60,11,49,0.35
0.3,0.2,0.65,,0,10,29,1,20,0.65,0.909091,0.333333,0.966667,0.487805,0.033333,0.666667,0.183333,0.816667,60,11,49,0.35
0.3,0.2,0.65,,1,10,29,1,20,0.65,0.909091,0.333333,0.966667,0.487805,0.033333,0.666667,0.183333,0.816667,60,11,49,0.35
0.3,0.2,0.7,,0,10,29,1,20,0.65,0.909091,0.333333,0.966667,0.487805,0.033333,0.666667,0.183333,0.816667,60,11,49,0.35
0.3,0.2,0.7,,1,10,29,1,20,0.65,0.909091,0.333333,0.966667,0.487805,0.033333,0.666667,0.183333,0.816667,60,11,49,0.35
0.4,0.2,,,0,10,29,1,20,0.65,0.909091,0.333333,0.966667,0.487805,0.033333,0.666667,0.183333,0.816667,60,11,49,0.35
0.4,0.2,,,1,10,29,1,20,0.65,0.909091,0.333333,0.966667,0.487805,0.033333,0.666667,0.183333,0.816667,60,11,49,0.35
0.4,0.2,0.65,,0,10,29,1,20,0.65,0.909091,0.333333,0.966667,0.487805,0.033333,0.666667,0.183333,0.816667,60,11,49,0.35
0.4,0.2,0.65,,1,10,29,1,20,0.65,0.909091,0.333333,0.966667,0.487805,0.033333,0.666667,0.183333,0.816667,60,11,49,0.35
0.4,0.2,0.7,,0,10,29,1,20,0.65,0.909091,0.333333,0.966667,0.487805,0.033333,0.666667,0.183333,0.816667,60,11,49,0.35
0.4,0.2,0.7,,1,10,29,1,20,0.65,0.909091,0.333333,0.966667,0.487805,0.033333,0.666667,0.183333,0.816667,60,11,49,0.35
0.5,0.2,,,0,10,29,1,20,0.65,0.909091,0.333333,0.966667,0.487805,0.033333,0.666667,0.183333,0.816667,60,11,49,0.35
0.5,0.2,,,1,10,29,1,20,0.65,0.909091,0.333333,0.966667,0.487805,0.033333,0.666667,0.183333,0.816667,60,11,49,0.35
0.5,0.2,0.65,,0,10,29,1,20,0.65,0.909091,0.333333,0.966667,0.487805,0.033333,0.666667,0.183333,0.816667,60,11,49,0.35
0.5,0.2,0.65,,1,10,29,1,20,0.65,0.909091,0.333333,0.966667,0.487805,0.033333,0.666667,0.183333,0.816667,60,11,49,0.35
0.5,0.2,0.7,,0,10,29,1,20,0.65,0.909091,0.333333,0.966667,0.487805,0.033333,0.666667,0.183333,0.816667,60,11,49,0.35
0.5,0.2,0.7,,1,10,29,1,20,0.65,0.909091,0.333333,0.966667,0.487805,0.033333,0.666667,0.183333,0.816667,60,11,49,0.35
0.6,0.2,,,0,10,29,1,20,0.65,0.909091,0.333333,0.966667,0.487805,0.033333,0.666667,0.183333,0.816667,60,11,49,0.35
0.6,0.2,,,1,10,29,1,20,0.65,0.909091,0.333333,0.966667,0.487805,0.033333,0.666667,0.183333,0.816667,60,11,49,0.35
0.6,0.2,0.65,,0,10,29,1,20,0.65,0.909091,0.333333,0.966667,0.487805,0.033333,0.666667,0.183333,0.816667,60,11,49,0.35
0.6,0.2,0.65,,1,10,29,1,20,0.65,0.909091,0.333333,0.966667,0.487805,0.033333,0.666667,0.183333,0.816667,60,11,49,0.35
0.6,0.2,0.7,,0,10,29,1,20,0.65,0.909091,0.333333,0.966667,0.487805,0.033333,0.666667,0.183333,0.816667,60,11,49,0.35
0.6,0.2,0.7,,1,10,29,1,20,0.65,0.909091,0.333333,0.966667,0.487805,0.033333,0.666667,0.183333,0.816667,60,11,49,0.35
0.7,0.2,,,0,10,29,1,20,0.65,0.909091,0.333333,0.966667,0.487805,0.033333,0.666667,0.183333,0.816667,60,11,49,0.35
0.7,0.2,,,1,10,29,1,20,0.65,0.909091,0.333333,0.966667,0.487805,0.033333,0.666667,0.183333,0.816667,60,11,49,0.35
0.7,0.2,0.65,,0,10,29,1,20,0.65,0.909091,0.333333,0.966667,0.487805,0.033333,0.666667,0.183333,0.816667,60,11,49,0.35
0.7,0.2,0.65,,1,10,29,1,20,0.65,0.909091,0.333333,0.966667,0.487805,0.033333,0.666667,0.183333,0.816667,60,11,49,0.35
0.7,0.2,0.7,,0,10,29,1,20,0.65,0.909091,0.333333,0.966667,0.487805,0.033333,0.666667,0.183333,0.816667,60,11,49,0.35
0.7,0.2,0.7,,1,10,29,1,20,0.65,0.909091,0.333333,0.966667,0.487805,0.033333,0.666667,0.183333,0.816667,60,11,49,0.35
0.8,0.15,,,0,10,29,1,20,0.65,0.909091,0.333333,0.966667,0.487805,0.033333,0.666667,0.183333,0.816667,60,11,49,0.35
0.8,0.15,,,1,10,29,1,20,0.65,0.909091,0.333333,0.966667,0.487805,0.033333,0.666667,0.183333,0.816667,60,11,49,0.35
0.8,0.15,0.65,,0,10,29,1,20,0.65,0.909091,0.333333,0.966667,0.487805,0.033333,0.666667,0.183333,0.816667,60,11,49,0.35
0.8,0.15,0.65,,1,10,29,1,20,0.65,0.909091,0.333333,0.966667,0.487805,0.033333,0.666667,0.183333,0.816667,60,11,49,0.35
0.8,0.15,0.7,,0,10,29,1,20,0.65,0.909091,0.333333,0.966667,0.487805,0.033333,0.666667,0.183333,0.816667,60,11,49,0.35
0.8,0.15,0.7,,1,10,29,1,20,0.65,0.909091,0.333333,0.966667,0.487805,0.033333,0.666667,0.183333,0.816667,60,11,49,0.35
0.85,0.05,,,2,10,29,1,20,0.65,0.909091,0.333333,0.966667,0.487805,0.033333,0.666667,0.183333,0.816667,60,11,49,0.35
0.85,0.05,0.65,,2,10,29,1,20,0.65,0.909091,0.333333,0.966667,0.487805,0.033333,0.666667,0.183333,0.816667,60,11,49,0.35
0.85,0.05,0.7,,2,10,29,1,20,0.65,0.909091,0.333333,0.966667,0.487805,0.033333,0.666667,0.183333,0.816667,60,11,49,0.35
0.85,0.1,,,0,10,29,1,20,0.65,0.909091,0.333333,0.966667,0.487805,0.033333,0.666667,0.183333,0.816667,60,11,49,0.35
0.85,0.1,,,1,10,29,1,20,0.65,0.909091,0.333333,0.966667,0.487805,0.033333,0.666667,0.183333,0.816667,60,11,49,0.35
0.85,0.1,0.65,,0,10,29,1,20,0.65,0.909091,0.333333,0.966667,0.487805,0.033333,0.666667,0.183333,0.816667,60,11,49,0.35
0.85,0.1,0.65,,1,10,29,1,20,0.65,0.909091,0.333333,0.966667,0.487805,0.033333,0.666667,0.183333,0.816667,60,11,49,0.35
0.85,0.1,0.7,,0,10,29,1,20,0.65,0.909091,0.333333,0.966667,0.487805,0.033333,0.666667,0.183333,0.816667,60,11,49,0.35
0.85,0.1,0.7,,1,10,29,1,20,0.65,0.909091,0.333333,0.966667,0.487805,0.033333,0.666667,0.183333,0.816667,60,11,49,0.35
0.9,0.05,,,2,10,29,1,20,0.65,0.909091,0.333333,0.966667,0.487805,0.033333,0.666667,0.183333,0.816667,60,11,49,0.35
0.9,0.05,0.65,,2,10,29,1,20,0.65,0.909091,0.333333,0.966667,0.487805,0.033333,0.666667,0.183333,0.816667,60,11,49,0.35
0.9,0.05,0.7,,2,10,29,1,20,0.65,0.909091,0.333333,0.966667,0.487805,0.033333,0.666667,0.183333,0.816667,60,11,49,0.35
0.9,0.1,,,0,10,29,1,20,0.65,0.909091,0.333333,0.966667,0.487805,0.033333,0.666667,0.183333,0.816667,60,11,49,0.35
0.9,0.1,,,1,10,29,1,20,0.65,0.909091,0.333333,0.966667,0.487805,0.033333,0.666667,0.183333,0.816667,60,11,49,0.35
0.9,0.1,0.65,,0,10,29,1,20,0.65,0.909091,0.333333,0.966667,0.487805,0.033333,0.666667,0.183333,0.816667,60,11,49,0.35
0.9,0.1,0.65,,1,10,29,1,20,0.65,0.909091,0.333333,0.966667,0.487805,0.033333,0.666667,0.183333,0.816667,60,11,49,0.35
0.9,0.1,0.7,,0,10,29,1,20,0.65,0.909091,0.333333,0.966667,0.487805,0.033333,0.666667,0.183333,0.816667,60,11,49,0.35
0.9,0.1,0.7,,1,10,29,1,20,0.65,0.909091,0.333333,0.966667,0.487805,0.033333,0.666667,0.183333,0.816667,60,11,49,0.35
0.75,0.2,,,0,9,29,1,21,0.633333,0.9,0.3,0.966667,0.45,0.033333,0.7,0.166667,0.833333,60,10,50,0.366667
0.75,0.2,,,1,9,29,1,21,0.633333,0.9,0.3,0.966667,0.45,0.033333,0.7,0.166667,0.833333,60,10,50,0.366667
0.75,0.2,0.65,,0,9,29,1,21,0.633333,0.9,0.3,0.966667,0.45,0.033333,0.7,0.166667,0.833333,60,10,50,0.366667
0.75,0.2,0.65,,1,9,29,1,21,0.633333,0.9,0.3,0.966667,0.45,0.033333,0.7,0.166667,0.833333,60,10,50,0.366667
0.75,0.2,0.7,,0,9,29,1,21,0.633333,0.9,0.3,0.966667,0.45,0.033333,0.7,0.166667,0.833333,60,10,50,0.366667
0.75,0.2,0.7,,1,9,29,1,21,0.633333,0.9,0.3,0.966667,0.45,0.033333,0.7,0.166667,0.833333,60,10,50,0.366667
0.8,0.2,,,0,9,29,1,21,0.633333,0.9,0.3,0.966667,0.45,0.033333,0.7,0.166667,0.833333,60,10,50,0.366667
0.8,0.2,,,1,9,29,1,21,0.633333,0.9,0.3,0.966667,0.45,0.033333,0.7,0.166667,0.833333,60,10,50,0.366667
0.8,0.2,0.65,,0,9,29,1,21,0.633333,0.9,0.3,0.966667,0.45,0.033333,0.7,0.166667,0.833333,60,10,50,0.366667
0.8,0.2,0.65,,1,9,29,1,21,0.633333,0.9,0.3,0.966667,0.45,0.033333,0.7,0.166667,0.833333,60,10,50,0.366667
0.8,0.2,0.7,,0,9,29,1,21,0.633333,0.9,0.3,0.966667,0.45,0.033333,0.7,0.166667,0.833333,60,10,50,0.366667
0.8,0.2,0.7,,1,9,29,1,21,0.633333,0.9,0.3,0.966667,0.45,0.033333,0.7,0.166667,0.833333,60,10,50,0.366667
0.85,0.15,,,0,9,29,1,21,0.633333,0.9,0.3,0.966667,0.45,0.033333,0.7,0.166667,0.833333,60,10,50,0.366667
0.85,0.15,,,1,9,29,1,21,0.633333,0.9,0.3,0.966667,0.45,0.033333,0.7,0.166667,0.833333,60,10,50,0.366667
0.85,0.15,0.65,,0,9,29,1,21,0.633333,0.9,0.3,0.966667,0.45,0.033333,0.7,0.166667,0.833333,60,10,50,0.366667
0.85,0.15,0.65,,1,9,29,1,21,0.633333,0.9,0.3,0.966667,0.45,0.033333,0.7,0.166667,0.833333,60,10,50,0.366667
0.85,0.15,0.7,,0,9,29,1,21,0.633333,0.9,0.3,0.966667,0.45,0.033333,0.7,0.166667,0.833333,60,10,50,0.366667
0.85,0.15,0.7,,1,9,29,1,21,0.633333,0.9,0.3,0.966667,0.45,0.033333,0.7,0.166667,0.833333,60,10,50,0.366667
0.9,0.15,,,0,9,29,1,21,0.633333,0.9,0.3,0.966667,0.45,0.033333,0.7,0.166667,0.833333,60,10,50,0.366667
0.9,0.15,,,1,9,29,1,21,0.633333,0.9,0.3,0.966667,0.45,0.033333,0.7,0.166667,0.833333,60,10,50,0.366667
0.9,0.15,0.65,,0,9,29,1,21,0.633333,0.9,0.3,0.966667,0.45,0.033333,0.7,0.166667,0.833333,60,10,50,0.366667
0.9,0.15,0.65,,1,9,29,1,21,0.633333,0.9,0.3,0.966667,0.45,0.033333,0.7,0.166667,0.833333,60,10,50,0.366667
0.9,0.15,0.7,,0,9,29,1,21,0.633333,0.9,0.3,0.966667,0.45,0.033333,0.7,0.166667,0.833333,60,10,50,0.366667
0.9,0.15,0.7,,1,9,29,1,21,0.633333,0.9,0.3,0.966667,0.45,0.033333,0.7,0.166667,0.833333,60,10,50,0.366667
0.95,0.05,,,2,9,29,1,21,0.633333,0.9,0.3,0.966667,0.45,0.033333,0.7,0.166667,0.833333,60,10,50,0.366667
0.95,0.05,0.65,,2,9,29,1,21,0.633333,0.9,0.3,0.966667,0.45,0.033333,0.7,0.166667,0.833333,60,10,50,0.366667
0.95,0.05,0.7,,2,9,29,1,21,0.633333,0.9,0.3,0.966667,0.45,0.033333,0.7,0.166667,0.833333,60,10,50,0.366667
0.85,0.2,,,0,8,29,1,22,0.616667,0.888889,0.266667,0.966667,0.410256,0.033333,0.733333,0.15,0.85,60,9,51,0.383333
0.85,0.2,,,1,8,29,1,22,0.616667,0.888889,0.266667,0.966667,0.410256,0.033333,0.733333,0.15,0.85,60,9,51,0.383333
0.85,0.2,0.65,,0,8,29,1,22,0.616667,0.888889,0.266667,0.966667,0.410256,0.033333,0.733333,0.15,0.85,60,9,51,0.383333
0.85,0.2,0.65,,1,8,29,1,22,0.616667,0.888889,0.266667,0.966667,0.410256,0.033333,0.733333,0.15,0.85,60,9,51,0.383333
0.85,0.2,0.7,,0,8,29,1,22,0.616667,0.888889,0.266667,0.966667,0.410256,0.033333,0.733333,0.15,0.85,60,9,51,0.383333
0.85,0.2,0.7,,1,8,29,1,22,0.616667,0.888889,0.266667,0.966667,0.410256,0.033333,0.733333,0.15,0.85,60,9,51,0.383333
0.9,0.2,,,0,8,29,1,22,0.616667,0.888889,0.266667,0.966667,0.410256,0.033333,0.733333,0.15,0.85,60,9,51,0.383333
0.9,0.2,,,1,8,29,1,22,0.616667,0.888889,0.266667,0.966667,0.410256,0.033333,0.733333,0.15,0.85,60,9,51,0.383333
0.9,0.2,0.65,,0,8,29,1,22,0.616667,0.888889,0.266667,0.966667,0.410256,0.033333,0.733333,0.15,0.85,60,9,51,0.383333
0.9,0.2,0.65,,1,8,29,1,22,0.616667,0.888889,0.266667,0.966667,0.410256,0.033333,0.733333,0.15,0.85,60,9,51,0.383333
0.9,0.2,0.7,,0,8,29,1,22,0.616667,0.888889,0.266667,0.966667,0.410256,0.033333,0.733333,0.15,0.85,60,9,51,0.383333
0.9,0.2,0.7,,1,8,29,1,22,0.616667,0.888889,0.266667,0.966667,0.410256,0.033333,0.733333,0.15,0.85,60,9,51,0.383333
0.95,0.1,,,0,8,29,1,22,0.616667,0.888889,0.266667,0.966667,0.410256,0.033333,0.733333,0.15,0.85,60,9,51,0.383333
0.95,0.1,,,1,8,29,1,22,0.616667,0.888889,0.266667,0.966667,0.410256,0.033333,0.733333,0.15,0.85,60,9,51,0.383333
0.95,0.1,0.65,,0,8,29,1,22,0.616667,0.888889,0.266667,0.966667,0.410256,0.033333,0.733333,0.15,0.85,60,9,51,0.383333
0.95,0.1,0.65,,1,8,29,1,22,0.616667,0.888889,0.266667,0.966667,0.410256,0.033333,0.733333,0.15,0.85,60,9,51,0.383333
0.95,0.1,0.7,,0,8,29,1,22,0.616667,0.888889,0.266667,0.966667,0.410256,0.033333,0.733333,0.15,0.85,60,9,51,0.383333
0.95,0.1,0.7,,1,8,29,1,22,0.616667,0.888889,0.266667,0.966667,0.410256,0.033333,0.733333,0.15,0.85,60,9,51,0.383333
0.3,0.1,,,2,7,29,1,23,0.6,0.875,0.233333,0.966667,0.368421,0.033333,0.766667,0.133333,0.866667,60,8,52,0.4
0.3,0.1,0.65,,2,7,29,1,23,0.6,0.875,0.233333,0.966667,0.368421,0.033333,0.766667,0.133333,0.866667,60,8,52,0.4
0.3,0.1,0.7,,2,7,29,1,23,0.6,0.875,0.233333,0.966667,0.368421,0.033333,0.766667,0.133333,0.866667,60,8,52,0.4
0.3,0.3,,,0,7,29,1,23,0.6,0.875,0.233333,0.966667,0.368421,0.033333,0.766667,0.133333,0.866667,60,8,52,0.4
0.3,0.3,,,1,7,29,1,23,0.6,0.875,0.233333,0.966667,0.368421,0.033333,0.766667,0.133333,0.866667,60,8,52,0.4
0.3,0.3,0.65,,0,7,29,1,23,0.6,0.875,0.233333,0.966667,0.368421,0.033333,0.766667,0.133333,0.866667,60,8,52,0.4
0.3,0.3,0.65,,1,7,29,1,23,0.6,0.875,0.233333,0.966667,0.368421,0.033333,0.766667,0.133333,0.866667,60,8,52,0.4
0.3,0.3,0.7,,0,7,29,1,23,0.6,0.875,0.233333,0.966667,0.368421,0.033333,0.766667,0.133333,0.866667,60,8,52,0.4
0.3,0.3,0.7,,1,7,29,1,23,0.6,0.875,0.233333,0.966667,0.368421,0.033333,0.766667,0.133333,0.866667,60,8,52,0.4
0.4,0.1,,,2,7,29,1,23,0.6,0.875,0.233333,0.966667,0.368421,0.033333,0.766667,0.133333,0.866667,60,8,52,0.4
0.4,0.1,0.65,,2,7,29,1,23,0.6,0.875,0.233333,0.966667,0.368421,0.033333,0.766667,0.133333,0.866667,60,8,52,0.4
0.4,0.1,0.7,,2,7,29,1,23,0.6,0.875,0.233333,0.966667,0.368421,0.033333,0.766667,0.133333,0.866667,60,8,52,0.4
0.4,0.3,,,0,7,29,1,23,0.6,0.875,0.233333,0.966667,0.368421,0.033333,0.766667,0.133333,0.866667,60,8,52,0.4
0.4,0.3,,,1,7,29,1,23,0.6,0.875,0.233333,0.966667,0.368421,0.033333,0.766667,0.133333,0.866667,60,8,52,0.4
0.4,0.3,0.65,,0,7,29,1,23,0.6,0.875,0.233333,0.966667,0.368421,0.033333,0.766667,0.133333,0.866667,60,8,52,0.4
0.4,0.3,0.65,,1,7,29,1,23,0.6,0.875,0.233333,0.966667,0.368421,0.033333,0.766667,0.133333,0.866667,60,8,52,0.4
0.4,0.3,0.7,,0,7,29,1,23,0.6,0.875,0.233333,0.966667,0.368421,0.033333,0.766667,0.133333,0.866667,60,8,52,0.4
0.4,0.3,0.7,,1,7,29,1,23,0.6,0.875,0.233333,0.966667,0.368421,0.033333,0.766667,0.133333,0.866667,60,8,52,0.4
0.5,0.1,,,2,7,29,1,23,0.6,0.875,0.233333,0.966667,0.368421,0.033333,0.766667,0.133333,0.866667,60,8,52,0.4
0.5,0.1,0.65,,2,7,29,1,23,0.6,0.875,0.233333,0.966667,0.368421,0.033333,0.766667,0.133333,0.866667,60,8,52,0.4
0.5,0.1,0.7,,2,7,29,1,23,0.6,0.875,0.233333,0.966667,0.368421,0.033333,0.766667,0.133333,0.866667,60,8,52,0.4
0.5,0.3,,,0,7,29,1,23,0.6,0.875,0.233333,0.966667,0.368421,0.033333,0.766667,0.133333,0.866667,60,8,52,0.4
0.5,0.3,,,1,7,29,1,23,0.6,0.875,0.233333,0.966667,0.368421,0.033333,0.766667,0.133333,0.866667,60,8,52,0.4
0.5,0.3,0.65,,0,7,29,1,23,0.6,0.875,0.233333,0.966667,0.368421,0.033333,0.766667,0.133333,0.866667,60,8,52,0.4
0.5,0.3,0.65,,1,7,29,1,23,0.6,0.875,0.233333,0.966667,0.368421,0.033333,0.766667,0.133333,0.866667,60,8,52,0.4
0.5,0.3,0.7,,0,7,29,1,23,0.6,0.875,0.233333,0.966667,0.368421,0.033333,0.766667,0.133333,0.866667,60,8,52,0.4
0.5,0.3,0.7,,1,7,29,1,23,0.6,0.875,0.233333,0.966667,0.368421,0.033333,0.766667,0.133333,0.866667,60,8,52,0.4
0.6,0.1,,,2,7,29,1,23,0.6,0.875,0.233333,0.966667,0.368421,0.033333,0.766667,0.133333,0.866667,60,8,52,0.4
0.6,0.1,0.65,,2,7,29,1,23,0.6,0.875,0.233333,0.966667,0.368421,0.033333,0.766667,0.133333,0.866667,60,8,52,0.4
0.6,0.1,0.7,,2,7,29,1,23,0.6,0.875,0.233333,0.966667,0.368421,0.033333,0.766667,0.133333,0.866667,60,8,52,0.4
0.6,0.3,,,0,7,29,1,23,0.6,0.875,0.233333,0.966667,0.368421,0.033333,0.766667,0.133333,0.866667,60,8,52,0.4
0.6,0.3,,,1,7,29,1,23,0.6,0.875,0.233333,0.966667,0.368421,0.033333,0.766667,0.133333,0.866667,60,8,52,0.4
0.6,0.3,0.65,,0,7,29,1,23,0.6,0.875,0.233333,0.966667,0.368421,0.033333,0.766667,0.133333,0.866667,60,8,52,0.4
0.6,0.3,0.65,,1,7,29,1,23,0.6,0.875,0.233333,0.966667,0.368421,0.033333,0.766667,0.133333,0.866667,60,8,52,0.4
0.6,0.3,0.7,,0,7,29,1,23,0.6,0.875,0.233333,0.966667,0.368421,0.033333,0.766667,0.133333,0.866667,60,8,52,0.4
0.6,0.3,0.7,,1,7,29,1,23,0.6,0.875,0.233333,0.966667,0.368421,0.033333,0.766667,0.133333,0.866667,60,8,52,0.4
0.7,0.1,,,2,7,29,1,23,0.6,0.875,0.233333,0.966667,0.368421,0.033333,0.766667,0.133333,0.866667,60,8,52,0.4
0.7,0.1,0.65,,2,7,29,1,23,0.6,0.875,0.233333,0.966667,0.368421,0.033333,0.766667,0.133333,0.866667,60,8,52,0.4
0.7,0.1,0.7,,2,7,29,1,23,0.6,0.875,0.233333,0.966667,0.368421,0.033333,0.766667,0.133333,0.866667,60,8,52,0.4
0.7,0.3,,,0,7,29,1,23,0.6,0.875,0.233333,0.966667,0.368421,0.033333,0.766667,0.133333,0.866667,60,8,52,0.4
0.7,0.3,,,1,7,29,1,23,0.6,0.875,0.233333,0.966667,0.368421,0.033333,0.766667,0.133333,0.866667,60,8,52,0.4
0.7,0.3,0.65,,0,7,29,1,23,0.6,0.875,0.233333,0.966667,0.368421,0.033333,0.766667,0.133333,0.866667,60,8,52,0.4
0.7,0.3,0.65,,1,7,29,1,23,0.6,0.875,0.233333,0.966667,0.368421,0.033333,0.766667,0.133333,0.866667,60,8,52,0.4
0.7,0.3,0.7,,0,7,29,1,23,0.6,0.875,0.233333,0.966667,0.368421,0.033333,0.766667,0.133333,0.866667,60,8,52,0.4
0.7,0.3,0.7,,1,7,29,1,23,0.6,0.875,0.233333,0.966667,0.368421,0.033333,0.766667,0.133333,0.866667,60,8,52,0.4
0.75,0.1,,,2,7,29,1,23,0.6,0.875,0.233333,0.966667,0.368421,0.033333,0.766667,0.133333,0.866667,60,8,52,0.4
0.75,0.1,0.65,,2,7,29,1,23,0.6,0.875,0.233333,0.966667,0.368421,0.033333,0.766667,0.133333,0.866667,60,8,52,0.4
0.75,0.1,0.7,,2,7,29,1,23,0.6,0.875,0.233333,0.966667,0.368421,0.033333,0.766667,0.133333,0.866667,60,8,52,0.4
0.95,0.15,,,0,7,29,1,23,0.6,0.875,0.233333,0.966667,0.368421,0.033333,0.766667,0.133333,0.866667,60,8,52,0.4
0.95,0.15,,,1,7,29,1,23,0.6,0.875,0.233333,0.966667,0.368421,0.033333,0.766667,0.133333,0.866667,60,8,52,0.4
0.95,0.15,0.65,,0,7,29,1,23,0.6,0.875,0.233333,0.966667,0.368421,0.033333,0.766667,0.133333,0.866667,60,8,52,0.4
0.95,0.15,0.65,,1,7,29,1,23,0.6,0.875,0.233333,0.966667,0.368421,0.033333,0.766667,0.133333,0.866667,60,8,52,0.4
0.95,0.15,0.7,,0,7,29,1,23,0.6,0.875,0.233333,0.966667,0.368421,0.033333,0.766667,0.133333,0.866667,60,8,52,0.4
0.95,0.15,0.7,,1,7,29,1,23,0.6,0.875,0.233333,0.966667,0.368421,0.033333,0.766667,0.133333,0.866667,60,8,52,0.4
0.75,0.3,,,0,6,29,1,24,0.583333,0.857143,0.2,0.966667,0.324324,0.033333,0.8,0.116667,0.883333,60,7,53,0.416667
0.75,0.3,,,1,6,29,1,24,0.583333,0.857143,0.2,0.966667,0.324324,0.033333,0.8,0.116667,0.883333,60,7,53,0.416667
0.75,0.3,0.65,,0,6,29,1,24,0.583333,0.857143,0.2,0.966667,0.324324,0.033333,0.8,0.116667,0.883333,60,7,53,0.416667
0.75,0.3,0.65,,1,6,29,1,24,0.583333,0.857143,0.2,0.966667,0.324324,0.033333,0.8,0.116667,0.883333,60,7,53,0.416667
0.75,0.3,0.7,,0,6,29,1,24,0.583333,0.857143,0.2,0.966667,0.324324,0.033333,0.8,0.116667,0.883333,60,7,53,0.416667
0.75,0.3,0.7,,1,6,29,1,24,0.583333,0.857143,0.2,0.966667,0.324324,0.033333,0.8,0.116667,0.883333,60,7,53,0.416667
0.8,0.1,,,2,6,29,1,24,0.583333,0.857143,0.2,0.966667,0.324324,0.033333,0.8,0.116667,0.883333,60,7,53,0.416667
0.8,0.1,0.65,,2,6,29,1,24,0.583333,0.857143,0.2,0.966667,0.324324,0.033333,0.8,0.116667,0.883333,60,7,53,0.416667
0.8,0.1,0.7,,2,6,29,1,24,0.583333,0.857143,0.2,0.966667,0.324324,0.033333,0.8,0.116667,0.883333,60,7,53,0.416667
0.8,0.3,,,0,6,29,1,24,0.583333,0.857143,0.2,0.966667,0.324324,0.033333,0.8,0.116667,0.883333,60,7,53,0.416667
0.8,0.3,,,1,6,29,1,24,0.583333,0.857143,0.2,0.966667,0.324324,0.033333,0.8,0.116667,0.883333,60,7,53,0.416667
0.8,0.3,0.65,,0,6,29,1,24,0.583333,0.857143,0.2,0.966667,0.324324,0.033333,0.8,0.116667,0.883333,60,7,53,0.416667
0.8,0.3,0.65,,1,6,29,1,24,0.583333,0.857143,0.2,0.966667,0.324324,0.033333,0.8,0.116667,0.883333,60,7,53,0.416667
0.8,0.3,0.7,,0,6,29,1,24,0.583333,0.857143,0.2,0.966667,0.324324,0.033333,0.8,0.116667,0.883333,60,7,53,0.416667
0.8,0.3,0.7,,1,6,29,1,24,0.583333,0.857143,0.2,0.966667,0.324324,0.033333,0.8,0.116667,0.883333,60,7,53,0.416667
0.95,0.2,,,0,6,29,1,24,0.583333,0.857143,0.2,0.966667,0.324324,0.033333,0.8,0.116667,0.883333,60,7,53,0.416667
0.95,0.2,,,1,6,29,1,24,0.583333,0.857143,0.2,0.966667,0.324324,0.033333,0.8,0.116667,0.883333,60,7,53,0.416667
0.95,0.2,0.65,,0,6,29,1,24,0.583333,0.857143,0.2,0.966667,0.324324,0.033333,0.8,0.116667,0.883333,60,7,53,0.416667
0.95,0.2,0.65,,1,6,29,1,24,0.583333,0.857143,0.2,0.966667,0.324324,0.033333,0.8,0.116667,0.883333,60,7,53,0.416667
0.95,0.2,0.7,,0,6,29,1,24,0.583333,0.857143,0.2,0.966667,0.324324,0.033333,0.8,0.116667,0.883333,60,7,53,0.416667
0.95,0.2,0.7,,1,6,29,1,24,0.583333,0.857143,0.2,0.966667,0.324324,0.033333,0.8,0.116667,0.883333,60,7,53,0.416667
0.3,0.15,,,2,5,29,1,25,0.566667,0.833333,0.166667,0.966667,0.277778,0.033333,0.833333,0.1,0.9,60,6,54,0.433333
0.3,0.15,0.65,,2,5,29,1,25,0.566667,0.833333,0.166667,0.966667,0.277778,0.033333,0.833333,0.1,0.9,60,6,54,0.433333
0.3,0.15,0.7,,2,5,29,1,25,0.566667,0.833333,0.166667,0.966667,0.277778,0.033333,0.833333,0.1,0.9,60,6,54,0.433333
0.4,0.15,,,2,5,29,1,25,0.566667,0.833333,0.166667,0.966667,0.277778,0.033333,0.833333,0.1,0.9,60,6,54,0.433333
0.4,0.15,0.65,,2,5,29,1,25,0.566667,0.833333,0.166667,0.966667,0.277778,0.033333,0.833333,0.1,0.9,60,6,54,0.433333
0.4,0.15,0.7,,2,5,29,1,25,0.566667,0.833333,0.166667,0.966667,0.277778,0.033333,0.833333,0.1,0.9,60,6,54,0.433333
0.5,0.15,,,2,5,29,1,25,0.566667,0.833333,0.166667,0.966667,0.277778,0.033333,0.833333,0.1,0.9,60,6,54,0.433333
0.5,0.15,0.65,,2,5,29,1,25,0.566667,0.833333,0.166667,0.966667,0.277778,0.033333,0.833333,0.1,0.9,60,6,54,0.433333
0.5,0.15,0.7,,2,5,29,1,25,0.566667,0.833333,0.166667,0.966667,0.277778,0.033333,0.833333,0.1,0.9,60,6,54,0.433333
0.6,0.15,,,2,5,29,1,25,0.566667,0.833333,0.166667,0.966667,0.277778,0.033333,0.833333,0.1,0.9,60,6,54,0.433333
0.6,0.15,0.65,,2,5,29,1,25,0.566667,0.833333,0.166667,0.966667,0.277778,0.033333,0.833333,0.1,0.9,60,6,54,0.433333
0.6,0.15,0.7,,2,5,29,1,25,0.566667,0.833333,0.166667,0.966667,0.277778,0.033333,0.833333,0.1,0.9,60,6,54,0.433333
0.7,0.15,,,2,5,29,1,25,0.566667,0.833333,0.166667,0.966667,0.277778,0.033333,0.833333,0.1,0.9,60,6,54,0.433333
0.7,0.15,0.65,,2,5,29,1,25,0.566667,0.833333,0.166667,0.966667,0.277778,0.033333,0.833333,0.1,0.9,60,6,54,0.433333
0.7,0.15,0.7,,2,5,29,1,25,0.566667,0.833333,0.166667,0.966667,0.277778,0.033333,0.833333,0.1,0.9,60,6,54,0.433333
0.75,0.15,,,2,5,29,1,25,0.566667,0.833333,0.166667,0.966667,0.277778,0.033333,0.833333,0.1,0.9,60,6,54,0.433333
0.75,0.15,0.65,,2,5,29,1,25,0.566667,0.833333,0.166667,0.966667,0.277778,0.033333,0.833333,0.1,0.9,60,6,54,0.433333
0.75,0.15,0.7,,2,5,29,1,25,0.566667,0.833333,0.166667,0.966667,0.277778,0.033333,0.833333,0.1,0.9,60,6,54,0.433333
0.85,0.1,,,2,5,29,1,25,0.566667,0.833333,0.166667,0.966667,0.277778,0.033333,0.833333,0.1,0.9,60,6,54,0.433333
0.85,0.1,0.65,,2,5,29,1,25,0.566667,0.833333,0.166667,0.966667,0.277778,0.033333,0.833333,0.1,0.9,60,6,54,0.433333
0.85,0.1,0.7,,2,5,29,1,25,0.566667,0.833333,0.166667,0.966667,0.277778,0.033333,0.833333,0.1,0.9,60,6,54,0.433333
0.85,0.3,,,0,5,29,1,25,0.566667,0.833333,0.166667,0.966667,0.277778,0.033333,0.833333,0.1,0.9,60,6,54,0.433333
0.85,0.3,,,1,5,29,1,25,0.566667,0.833333,0.166667,0.966667,0.277778,0.033333,0.833333,0.1,0.9,60,6,54,0.433333
0.85,0.3,0.65,,0,5,29,1,25,0.566667,0.833333,0.166667,0.966667,0.277778,0.033333,0.833333,0.1,0.9,60,6,54,0.433333
0.85,0.3,0.65,,1,5,29,1,25,0.566667,0.833333,0.166667,0.966667,0.277778,0.033333,0.833333,0.1,0.9,60,6,54,0.433333
0.85,0.3,0.7,,0,5,29,1,25,0.566667,0.833333,0.166667,0.966667,0.277778,0.033333,0.833333,0.1,0.9,60,6,54,0.433333
0.85,0.3,0.7,,1,5,29,1,25,0.566667,0.833333,0.166667,0.966667,0.277778,0.033333,0.833333,0.1,0.9,60,6,54,0.433333
0.9,0.1,,,2,5,29,1,25,0.566667,0.833333,0.166667,0.966667,0.277778,0.033333,0.833333,0.1,0.9,60,6,54,0.433333
0.9,0.1,0.65,,2,5,29,1,25,0.566667,0.833333,0.166667,0.966667,0.277778,0.033333,0.833333,0.1,0.9,60,6,54,0.433333
0.9,0.1,0.7,,2,5,29,1,25,0.566667,0.833333,0.166667,0.966667,0.277778,0.033333,0.833333,0.1,0.9,60,6,54,0.433333
0.9,0.3,,,0,5,29,1,25,0.566667,0.833333,0.166667,0.966667,0.277778,0.033333,0.833333,0.1,0.9,60,6,54,0.433333
0.9,0.3,,,1,5,29,1,25,0.566667,0.833333,0.166667,0.966667,0.277778,0.033333,0.833333,0.1,0.9,60,6,54,0.433333
0.9,0.3,0.65,,0,5,29,1,25,0.566667,0.833333,0.166667,0.966667,0.277778,0.033333,0.833333,0.1,0.9,60,6,54,0.433333
0.9,0.3,0.65,,1,5,29,1,25,0.566667,0.833333,0.166667,0.966667,0.277778,0.033333,0.833333,0.1,0.9,60,6,54,0.433333
0.9,0.3,0.7,,0,5,29,1,25,0.566667,0.833333,0.166667,0.966667,0.277778,0.033333,0.833333,0.1,0.9,60,6,54,0.433333
0.9,0.3,0.7,,1,5,29,1,25,0.566667,0.833333,0.166667,0.966667,0.277778,0.033333,0.833333,0.1,0.9,60,6,54,0.433333
0.95,0.1,,,2,5,29,1,25,0.566667,0.833333,0.166667,0.966667,0.277778,0.033333,0.833333,0.1,0.9,60,6,54,0.433333
0.95,0.1,0.65,,2,5,29,1,25,0.566667,0.833333,0.166667,0.966667,0.277778,0.033333,0.833333,0.1,0.9,60,6,54,0.433333
0.95,0.1,0.7,,2,5,29,1,25,0.566667,0.833333,0.166667,0.966667,0.277778,0.033333,0.833333,0.1,0.9,60,6,54,0.433333
0.8,0.15,,,2,4,29,1,26,0.55,0.8,0.133333,0.966667,0.228571,0.033333,0.866667,0.083333,0.916667,60,5,55,0.45
0.8,0.15,0.65,,2,4,29,1,26,0.55,0.8,0.133333,0.966667,0.228571,0.033333,0.866667,0.083333,0.916667,60,5,55,0.45
0.8,0.15,0.7,,2,4,29,1,26,0.55,0.8,0.133333,0.966667,0.228571,0.033333,0.866667,0.083333,0.916667,60,5,55,0.45
0.85,0.15,,,2,4,29,1,26,0.55,0.8,0.133333,0.966667,0.228571,0.033333,0.866667,0.083333,0.916667,60,5,55,0.45
0.85,0.15,0.65,,2,4,29,1,26,0.55,0.8,0.133333,0.966667,0.228571,0.033333,0.866667,0.083333,0.916667,60,5,55,0.45
0.85,0.15,0.7,,2,4,29,1,26,0.55,0.8,0.133333,0.966667,0.228571,0.033333,0.866667,0.083333,0.916667,60,5,55,0.45
0.9,0.15,,,2,4,29,1,26,0.55,0.8,0.133333,0.966667,0.228571,0.033333,0.866667,0.083333,0.916667,60,5,55,0.45
0.9,0.15,0.65,,2,4,29,1,26,0.55,0.8,0.133333,0.966667,0.228571,0.033333,0.866667,0.083333,0.916667,60,5,55,0.45
0.9,0.15,0.7,,2,4,29,1,26,0.55,0.8,0.133333,0.966667,0.228571,0.033333,0.866667,0.083333,0.916667,60,5,55,0.45
0.95,0.15,,,2,4,29,1,26,0.55,0.8,0.133333,0.966667,0.228571,0.033333,0.866667,0.083333,0.916667,60,5,55,0.45
0.95,0.15,0.65,,2,4,29,1,26,0.55,0.8,0.133333,0.966667,0.228571,0.033333,0.866667,0.083333,0.916667,60,5,55,0.45
0.95,0.15,0.7,,2,4,29,1,26,0.55,0.8,0.133333,0.966667,0.228571,0.033333,0.866667,0.083333,0.916667,60,5,55,0.45
0.3,0.2,,,2,3,29,1,27,0.533333,0.75,0.1,0.966667,0.176471,0.033333,0.9,0.066667,0.933333,60,4,56,0.466666
0.3,0.2,0.65,,2,3,29,1,27,0.533333,0.75,0.1,0.966667,0.176471,0.033333,0.9,0.066667,0.933333,60,4,56,0.466666
0.3,0.2,0.7,,2,3,29,1,27,0.533333,0.75,0.1,0.966667,0.176471,0.033333,0.9,0.066667,0.933333,60,4,56,0.466666
0.4,0.2,,,2,3,29,1,27,0.533333,0.75,0.1,0.966667,0.176471,0.033333,0.9,0.066667,0.933333,60,4,56,0.466666
0.4,0.2,0.65,,2,3,29,1,27,0.533333,0.75,0.1,0.966667,0.176471,0.033333,0.9,0.066667,0.933333,60,4,56,0.466666
0.4,0.2,0.7,,2,3,29,1,27,0.533333,0.75,0.1,0.966667,0.176471,0.033333,0.9,0.066667,0.933333,60,4,56,0.466666
0.5,0.2,,,2,3,29,1,27,0.533333,0.75,0.1,0.966667,0.176471,0.033333,0.9,0.066667,0.933333,60,4,56,0.466666
0.5,0.2,0.65,,2,3,29,1,27,0.533333,0.75,0.1,0.966667,0.176471,0.033333,0.9,0.066667,0.933333,60,4,56,0.466666
0.5,0.2,0.7,,2,3,29,1,27,0.533333,0.75,0.1,0.966667,0.176471,0.033333,0.9,0.066667,0.933333,60,4,56,0.466666
0.6,0.2,,,2,3,29,1,27,0.533333,0.75,0.1,0.966667,0.176471,0.033333,0.9,0.066667,0.933333,60,4,56,0.466666
0.6,0.2,0.65,,2,3,29,1,27,0.533333,0.75,0.1,0.966667,0.176471,0.033333,0.9,0.066667,0.933333,60,4,56,0.466666
0.6,0.2,0.7,,2,3,29,1,27,0.533333,0.75,0.1,0.966667,0.176471,0.033333,0.9,0.066667,0.933333,60,4,56,0.466666
0.7,0.2,,,2,3,29,1,27,0.533333,0.75,0.1,0.966667,0.176471,0.033333,0.9,0.066667,0.933333,60,4,56,0.466666
0.7,0.2,0.65,,2,3,29,1,27,0.533333,0.75,0.1,0.966667,0.176471,0.033333,0.9,0.066667,0.933333,60,4,56,0.466666
0.7,0.2,0.7,,2,3,29,1,27,0.533333,0.75,0.1,0.966667,0.176471,0.033333,0.9,0.066667,0.933333,60,4,56,0.466666
0.75,0.2,,,2,3,29,1,27,0.533333,0.75,0.1,0.966667,0.176471,0.033333,0.9,0.066667,0.933333,60,4,56,0.466666
0.75,0.2,0.65,,2,3,29,1,27,0.533333,0.75,0.1,0.966667,0.176471,0.033333,0.9,0.066667,0.933333,60,4,56,0.466666
0.75,0.2,0.7,,2,3,29,1,27,0.533333,0.75,0.1,0.966667,0.176471,0.033333,0.9,0.066667,0.933333,60,4,56,0.466666
0.8,0.2,,,2,3,29,1,27,0.533333,0.75,0.1,0.966667,0.176471,0.033333,0.9,0.066667,0.933333,60,4,56,0.466666
0.8,0.2,0.65,,2,3,29,1,27,0.533333,0.75,0.1,0.966667,0.176471,0.033333,0.9,0.066667,0.933333,60,4,56,0.466666
0.8,0.2,0.7,,2,3,29,1,27,0.533333,0.75,0.1,0.966667,0.176471,0.033333,0.9,0.066667,0.933333,60,4,56,0.466666
0.85,0.2,,,2,3,29,1,27,0.533333,0.75,0.1,0.966667,0.176471,0.033333,0.9,0.066667,0.933333,60,4,56,0.466666
0.85,0.2,0.65,,2,3,29,1,27,0.533333,0.75,0.1,0.966667,0.176471,0.033333,0.9,0.066667,0.933333,60,4,56,0.466666
0.85,0.2,0.7,,2,3,29,1,27,0.533333,0.75,0.1,0.966667,0.176471,0.033333,0.9,0.066667,0.933333,60,4,56,0.466666
0.9,0.2,,,2,3,29,1,27,0.533333,0.75,0.1,0.966667,0.176471,0.033333,0.9,0.066667,0.933333,60,4,56,0.466666
0.9,0.2,0.65,,2,3,29,1,27,0.533333,0.75,0.1,0.966667,0.176471,0.033333,0.9,0.066667,0.933333,60,4,56,0.466666
0.9,0.2,0.7,,2,3,29,1,27,0.533333,0.75,0.1,0.966667,0.176471,0.033333,0.9,0.066667,0.933333,60,4,56,0.466666
0.95,0.2,,,2,3,29,1,27,0.533333,0.75,0.1,0.966667,0.176471,0.033333,0.9,0.066667,0.933333,60,4,56,0.466666
0.95,0.2,0.65,,2,3,29,1,27,0.533333,0.75,0.1,0.966667,0.176471,0.033333,0.9,0.066667,0.933333,60,4,56,0.466666
0.95,0.2,0.7,,2,3,29,1,27,0.533333,0.75,0.1,0.966667,0.176471,0.033333,0.9,0.066667,0.933333,60,4,56,0.466666
0.95,0.3,,,0,3,29,1,27,0.533333,0.75,0.1,0.966667,0.176471,0.033333,0.9,0.066667,0.933333,60,4,56,0.466666
0.95,0.3,,,1,3,29,1,27,0.533333,0.75,0.1,0.966667,0.176471,0.033333,0.9,0.066667,0.933333,60,4,56,0.466666
0.95,0.3,0.65,,0,3,29,1,27,0.533333,0.75,0.1,0.966667,0.176471,0.033333,0.9,0.066667,0.933333,60,4,56,0.466666
0.95,0.3,0.65,,1,3,29,1,27,0.533333,0.75,0.1,0.966667,0.176471,0.033333,0.9,0.066667,0.933333,60,4,56,0.466666
0.95,0.3,0.7,,0,3,29,1,27,0.533333,0.75,0.1,0.966667,0.176471,0.033333,0.9,0.066667,0.933333,60,4,56,0.466666
0.95,0.3,0.7,,1,3,29,1,27,0.533333,0.75,0.1,0.966667,0.176471,0.033333,0.9,0.066667,0.933333,60,4,56,0.466666
0.3,0.3,,,2,0,29,1,30,0.483333,0.0,0.0,0.966667,0.0,0.033333,1.0,0.016667,0.983333,60,1,59,0.516667
0.3,0.3,0.65,,2,0,29,1,30,0.483333,0.0,0.0,0.966667,0.0,0.033333,1.0,0.016667,0.983333,60,1,59,0.516667
0.3,0.3,0.7,,2,0,29,1,30,0.483333,0.0,0.0,0.966667,0.0,0.033333,1.0,0.016667,0.983333,60,1,59,0.516667
0.4,0.3,,,2,0,29,1,30,0.483333,0.0,0.0,0.966667,0.0,0.033333,1.0,0.016667,0.983333,60,1,59,0.516667
0.4,0.3,0.65,,2,0,29,1,30,0.483333,0.0,0.0,0.966667,0.0,0.033333,1.0,0.016667,0.983333,60,1,59,0.516667
0.4,0.3,0.7,,2,0,29,1,30,0.483333,0.0,0.0,0.966667,0.0,0.033333,1.0,0.016667,0.983333,60,1,59,0.516667
0.5,0.3,,,2,0,29,1,30,0.483333,0.0,0.0,0.966667,0.0,0.033333,1.0,0.016667,0.983333,60,1,59,0.516667
0.5,0.3,0.65,,2,0,29,1,30,0.483333,0.0,0.0,0.966667,0.0,0.033333,1.0,0.016667,0.983333,60,1,59,0.516667
0.5,0.3,0.7,,2,0,29,1,30,0.483333,0.0,0.0,0.966667,0.0,0.033333,1.0,0.016667,0.983333,60,1,59,0.516667
0.6,0.3,,,2,0,29,1,30,0.483333,0.0,0.0,0.966667,0.0,0.033333,1.0,0.016667,0.983333,60,1,59,0.516667
0.6,0.3,0.65,,2,0,29,1,30,0.483333,0.0,0.0,0.966667,0.0,0.033333,1.0,0.016667,0.983333,60,1,59,0.516667
0.6,0.3,0.7,,2,0,29,1,30,0.483333,0.0,0.0,0.966667,0.0,0.033333,1.0,0.016667,0.983333,60,1,59,0.516667
0.7,0.3,,,2,0,29,1,30,0.483333,0.0,0.0,0.966667,0.0,0.033333,1.0,0.016667,0.983333,60,1,59,0.516667
0.7,0.3,0.65,,2,0,29,1,30,0.483333,0.0,0.0,0.966667,0.0,0.033333,1.0,0.016667,0.983333,60,1,59,0.516667
0.7,0.3,0.7,,2,0,29,1,30,0.483333,0.0,0.0,0.966667,0.0,0.033333,1.0,0.016667,0.983333,60,1,59,0.516667
0.75,0.3,,,2,0,29,1,30,0.483333,0.0,0.0,0.966667,0.0,0.033333,1.0,0.016667,0.983333,60,1,59,0.516667
0.75,0.3,0.65,,2,0,29,1,30,0.483333,0.0,0.0,0.966667,0.0,0.033333,1.0,0.016667,0.983333,60,1,59,0.516667
0.75,0.3,0.7,,2,0,29,1,30,0.483333,0.0,0.0,0.966667,0.0,0.033333,1.0,0.016667,0.983333,60,1,59,0.516667
0.8,0.3,,,2,0,29,1,30,0.483333,0.0,0.0,0.966667,0.0,0.033333,1.0,0.016667,0.983333,60,1,59,0.516667
0.8,0.3,0.65,,2,0,29,1,30,0.483333,0.0,0.0,0.966667,0.0,0.033333,1.0,0.016667,0.983333,60,1,59,0.516667
0.8,0.3,0.7,,2,0,29,1,30,0.483333,0.0,0.0,0.966667,0.0,0.033333,1.0,0.016667,0.983333,60,1,59,0.516667
0.85,0.3,,,2,0,29,1,30,0.483333,0.0,0.0,0.966667,0.0,0.033333,1.0,0.016667,0.983333,60,1,59,0.516667
0.85,0.3,0.65,,2,0,29,1,30,0.483333,0.0,0.0,0.966667,0.0,0.033333,1.0,0.016667,0.983333,60,1,59,0.516667
0.85,0.3,0.7,,2,0,29,1,30,0.483333,0.0,0.0,0.966667,0.0,0.033333,1.0,0.016667,0.983333,60,1,59,0.516667
0.9,0.3,,,2,0,29,1,30,0.483333,0.0,0.0,0.966667,0.0,0.033333,1.0,0.016667,0.983333,60,1,59,0.516667
0.9,0.3,0.65,,2,0,29,1,30,0.483333,0.0,0.0,0.966667,0.0,0.033333,1.0,0.016667,0.983333,60,1,59,0.516667
0.9,0.3,0.7,,2,0,29,1,30,0.483333,0.0,0.0,0.966667,0.0,0.033333,1.0,0.016667,0.983333,60,1,59,0.516667
0.95,0.3,,,2,0,29,1,30,0.483333,0.0,0.0,0.966667,0.0,0.033333,1.0,0.016667,0.983333,60,1,59,0.516667
0.95,0.3,0.65,,2,0,29,1,30,0.483333,0.0,0.0,0.966667,0.0,0.033333,1.0,0.016667,0.983333,60,1,59,0.516667
0.95,0.3,0.7,,2,0,29,1,30,0.483333,0.0,0.0,0.966667,0.0,0.033333,1.0,0.016667,0.983333,60,1,59,0.516667
